{
"type": "FeatureCollection",
"name": "JIAT",
"crs": { "type": "name", "properties": { "name": "urn:ogc:def:crs:OGC:1.3:CRS84" } },
"features": [
{ "type": "Feature", "properties": { "No.": 1, "Nama Kegia": "SWP 1", "Balai": "BBWS NUSA TENGGARA I", "Provinsi": "NTB", "Kabupaten": "Bima", "Kecamatan": "Sape", "Desa / Kel": "Parangina", "Latitude": -8.352003, "Longitude": 118.753416, "Jenis Infr": "Sumur", "Debit\n(L/d": 15.0, "Kedalaman": 105.0, "Jaringan P": 0.46, "Jumlah Box": 11, "Sprinkler": false, "Luas Layan": 15.0, "Luas Tanam": 0.0, "Luas Tan_1": 15.0, "Peningkata": 15.0, "Unit": true, "Daya (kVA)": 23.0, "Unit_1": false, "Daya (kV_1": null, "Unit_2": false, "Daya (kV_2": null, "Jenis Peke": "Pembangunan", "Kegiatan": "Tahap I", "field_29": null, "field_30": null, "field_31": null, "field_32": null, "field_33": null, "field_34": null, "field_35": null, "field_36": null, "field_37": null, "field_38": null }, "geometry": { "type": "Point", "coordinates": [ 118.753416, -8.352003 ] } },
{ "type": "Feature", "properties": { "No.": 2, "Nama Kegia": "SWP 2", "Balai": "BBWS NUSA TENGGARA I", "Provinsi": "NTB", "Kabupaten": "Bima", "Kecamatan": "Lambu", "Desa / Kel": "Monta Baru", "Latitude": -8.58899, "Longitude": 118.965537, "Jenis Infr": "Sumur", "Debit\n(L/d": 10.0, "Kedalaman": 125.0, "Jaringan P": 1.0, "Jumlah Box": 10, "Sprinkler": false, "Luas Layan": 10.0, "Luas Tanam": 0.0, "Luas Tan_1": 10.0, "Peningkata": 10.0, "Unit": true, "Daya (kVA)": 23.0, "Unit_1": false, "Daya (kV_1": null, "Unit_2": false, "Daya (kV_2": null, "Jenis Peke": "Pembangunan", "Kegiatan": "Tahap I", "field_29": null, "field_30": null, "field_31": null, "field_32": null, "field_33": null, "field_34": null, "field_35": null, "field_36": null, "field_37": null, "field_38": null }, "geometry": { "type": "Point", "coordinates": [ 118.965537, -8.58899 ] } },
{ "type": "Feature", "properties": { "No.": 3, "Nama Kegia": "SWP 3", "Balai": "BBWS NUSA TENGGARA I", "Provinsi": "NTB", "Kabupaten": "Bima", "Kecamatan": "Sape", "Desa / Kel": "Sangia", "Latitude": -8.540012, "Longitude": 118.586792, "Jenis Infr": "Sumur", "Debit\n(L/d": 12.0, "Kedalaman": 100.0, "Jaringan P": 0.46, "Jumlah Box": 10, "Sprinkler": false, "Luas Layan": 12.0, "Luas Tanam": 0.0, "Luas Tan_1": 12.0, "Peningkata": 12.0, "Unit": true, "Daya (kVA)": 23.0, "Unit_1": false, "Daya (kV_1": null, "Unit_2": false, "Daya (kV_2": null, "Jenis Peke": "Pembangunan", "Kegiatan": "Tahap I", "field_29": null, "field_30": null, "field_31": null, "field_32": null, "field_33": null, "field_34": null, "field_35": null, "field_36": null, "field_37": null, "field_38": null }, "geometry": { "type": "Point", "coordinates": [ 118.586792, -8.540012 ] } },
{ "type": "Feature", "properties": { "No.": 4, "Nama Kegia": "SWP 4", "Balai": "BBWS NUSA TENGGARA I", "Provinsi": "NTB", "Kabupaten": "Bima", "Kecamatan": "Wera", "Desa / Kel": "Bala", "Latitude": -8.381108, "Longitude": 118.922565, "Jenis Infr": "Sumur", "Debit\n(L/d": 15.0, "Kedalaman": 110.0, "Jaringan P": 1.06, "Jumlah Box": 10, "Sprinkler": false, "Luas Layan": 15.0, "Luas Tanam": 0.0, "Luas Tan_1": 15.0, "Peningkata": 15.0, "Unit": true, "Daya (kVA)": 23.0, "Unit_1": false, "Daya (kV_1": null, "Unit_2": false, "Daya (kV_2": null, "Jenis Peke": "Pembangunan", "Kegiatan": "Tahap I", "field_29": null, "field_30": null, "field_31": null, "field_32": null, "field_33": null, "field_34": null, "field_35": null, "field_36": null, "field_37": null, "field_38": null }, "geometry": { "type": "Point", "coordinates": [ 118.922565, -8.381108 ] } },
{ "type": "Feature", "properties": { "No.": 5, "Nama Kegia": "SPB 36", "Balai": "BBWS NUSA TENGGARA I", "Provinsi": "NTB", "Kabupaten": "Bima", "Kecamatan": "Sape", "Desa / Kel": "Parangina", "Latitude": -8.334801, "Longitude": 118.56501, "Jenis Infr": "Sumur", "Debit\n(L/d": null, "Kedalaman": null, "Jaringan P": null, "Jumlah Box": null, "Sprinkler": false, "Luas Layan": null, "Luas Tanam": null, "Luas Tan_1": null, "Peningkata": null, "Unit": false, "Daya (kVA)": null, "Unit_1": false, "Daya (kV_1": null, "Unit_2": false, "Daya (kV_2": null, "Jenis Peke": "Rehabilitasi", "Kegiatan": "Tahap I", "field_29": null, "field_30": null, "field_31": null, "field_32": null, "field_33": null, "field_34": null, "field_35": null, "field_36": null, "field_37": null, "field_38": null }, "geometry": { "type": "Point", "coordinates": [ 118.56501, -8.334801 ] } },
{ "type": "Feature", "properties": { "No.": 6, "Nama Kegia": "SPB 37", "Balai": "BBWS NUSA TENGGARA I", "Provinsi": "NTB", "Kabupaten": "Bima", "Kecamatan": "Sape", "Desa / Kel": "Rasabou", "Latitude": -8.562141, "Longitude": 118.985565, "Jenis Infr": "Sumur", "Debit\n(L/d": 15.0, "Kedalaman": 65.0, "Jaringan P": 0.35, "Jumlah Box": 1, "Sprinkler": false, "Luas Layan": 15.0, "Luas Tanam": 15.0, "Luas Tan_1": 0.0, "Peningkata": -15.0, "Unit": true, "Daya (kVA)": 10.0, "Unit_1": false, "Daya (kV_1": null, "Unit_2": false, "Daya (kV_2": null, "Jenis Peke": "Rehabilitasi", "Kegiatan": "Tahap I", "field_29": null, "field_30": null, "field_31": null, "field_32": null, "field_33": null, "field_34": null, "field_35": null, "field_36": null, "field_37": null, "field_38": null }, "geometry": { "type": "Point", "coordinates": [ 118.985565, -8.562141 ] } },
{ "type": "Feature", "properties": { "No.": 7, "Nama Kegia": "SPB 18", "Balai": "BBWS NUSA TENGGARA I", "Provinsi": "NTB", "Kabupaten": "Bima", "Kecamatan": "Sape", "Desa / Kel": "Naru Timur", "Latitude": -8.575017, "Longitude": 118.9934, "Jenis Infr": "Sumur", "Debit\n(L/d": 15.0, "Kedalaman": 90.0, "Jaringan P": 0.05, "Jumlah Box": 1, "Sprinkler": false, "Luas Layan": 15.0, "Luas Tanam": 15.0, "Luas Tan_1": 0.0, "Peningkata": -15.0, "Unit": true, "Daya (kVA)": 10.0, "Unit_1": false, "Daya (kV_1": null, "Unit_2": false, "Daya (kV_2": null, "Jenis Peke": "Rehabilitasi", "Kegiatan": "Tahap I", "field_29": null, "field_30": null, "field_31": null, "field_32": null, "field_33": null, "field_34": null, "field_35": null, "field_36": null, "field_37": null, "field_38": null }, "geometry": { "type": "Point", "coordinates": [ 118.9934, -8.575017 ] } },
{ "type": "Feature", "properties": { "No.": 8, "Nama Kegia": "SIB 19", "Balai": "BBWS NUSA TENGGARA I", "Provinsi": "NTB", "Kabupaten": "Bima", "Kecamatan": "Sape", "Desa / Kel": "Naru Timur", "Latitude": -8.578532, "Longitude": 118.991056, "Jenis Infr": "Sumur", "Debit\n(L/d": 20.0, "Kedalaman": 85.0, "Jaringan P": 0.75, "Jumlah Box": 1, "Sprinkler": false, "Luas Layan": 10.0, "Luas Tanam": 10.0, "Luas Tan_1": 0.0, "Peningkata": -10.0, "Unit": false, "Daya (kVA)": null, "Unit_1": false, "Daya (kV_1": null, "Unit_2": false, "Daya (kV_2": null, "Jenis Peke": "Rehabilitasi", "Kegiatan": "Tahap I", "field_29": null, "field_30": null, "field_31": null, "field_32": null, "field_33": null, "field_34": null, "field_35": null, "field_36": null, "field_37": null, "field_38": null }, "geometry": { "type": "Point", "coordinates": [ 118.991056, -8.578532 ] } },
{ "type": "Feature", "properties": { "No.": 9, "Nama Kegia": "SPB 18", "Balai": "BBWS NUSA TENGGARA I", "Provinsi": "NTB", "Kabupaten": "Bima", "Kecamatan": "Sape", "Desa / Kel": "Naru Timur", "Latitude": -8.557772, "Longitude": 118.988007, "Jenis Infr": "Sumur", "Debit\n(L/d": 15.0, "Kedalaman": 65.0, "Jaringan P": 0.5, "Jumlah Box": 1, "Sprinkler": false, "Luas Layan": 12.0, "Luas Tanam": 12.0, "Luas Tan_1": 0.0, "Peningkata": -12.0, "Unit": false, "Daya (kVA)": null, "Unit_1": false, "Daya (kV_1": null, "Unit_2": false, "Daya (kV_2": null, "Jenis Peke": "Rehabilitasi", "Kegiatan": "Tahap I", "field_29": null, "field_30": null, "field_31": null, "field_32": null, "field_33": null, "field_34": null, "field_35": null, "field_36": null, "field_37": null, "field_38": null }, "geometry": { "type": "Point", "coordinates": [ 118.988007, -8.557772 ] } },
{ "type": "Feature", "properties": { "No.": 15, "Nama Kegia": "SIB.8", "Balai": "BBWS NUSA TENGGARA I", "Provinsi": "NTB", "Kabupaten": "Bima", "Kecamatan": "Bolo", "Desa / Kel": "Nggembe", "Latitude": -8.488843, "Longitude": 118.459742, "Jenis Infr": "Sumur", "Debit\n(L/d": 10.0, "Kedalaman": 60.0, "Jaringan P": 0.54, "Jumlah Box": 14, "Sprinkler": false, "Luas Layan": 14.0, "Luas Tanam": 10.0, "Luas Tan_1": 14.0, "Peningkata": 4.0, "Unit": true, "Daya (kVA)": 10.6, "Unit_1": false, "Daya (kV_1": null, "Unit_2": false, "Daya (kV_2": null, "Jenis Peke": "Rehabilitasi", "Kegiatan": "Tahap I", "field_29": null, "field_30": null, "field_31": null, "field_32": null, "field_33": null, "field_34": null, "field_35": null, "field_36": null, "field_37": null, "field_38": null }, "geometry": { "type": "Point", "coordinates": [ 118.459742, -8.488843 ] } },
{ "type": "Feature", "properties": { "No.": 16, "Nama Kegia": "SIB.9", "Balai": "BBWS NUSA TENGGARA I", "Provinsi": "NTB", "Kabupaten": "Bima", "Kecamatan": "Bolo", "Desa / Kel": "Nggembe", "Latitude": -8.489775, "Longitude": 118.657038, "Jenis Infr": "Sumur", "Debit\n(L/d": 10.0, "Kedalaman": 60.0, "Jaringan P": 0.55, "Jumlah Box": 14, "Sprinkler": false, "Luas Layan": 14.0, "Luas Tanam": 10.0, "Luas Tan_1": 14.0, "Peningkata": 4.0, "Unit": false, "Daya (kVA)": null, "Unit_1": false, "Daya (kV_1": null, "Unit_2": false, "Daya (kV_2": null, "Jenis Peke": "Rehabilitasi", "Kegiatan": "Tahap I", "field_29": null, "field_30": null, "field_31": null, "field_32": null, "field_33": null, "field_34": null, "field_35": null, "field_36": null, "field_37": null, "field_38": null }, "geometry": { "type": "Point", "coordinates": [ 118.657038, -8.489775 ] } },
{ "type": "Feature", "properties": { "No.": 17, "Nama Kegia": "SIB.17", "Balai": "BBWS NUSA TENGGARA I", "Provinsi": "NTB", "Kabupaten": "Bima", "Kecamatan": "Bolo", "Desa / Kel": "Rada", "Latitude": -8.494583, "Longitude": 118.647983, "Jenis Infr": "Sumur", "Debit\n(L/d": null, "Kedalaman": null, "Jaringan P": null, "Jumlah Box": null, "Sprinkler": false, "Luas Layan": null, "Luas Tanam": null, "Luas Tan_1": null, "Peningkata": null, "Unit": false, "Daya (kVA)": null, "Unit_1": false, "Daya (kV_1": null, "Unit_2": false, "Daya (kV_2": null, "Jenis Peke": "Rehabilitasi", "Kegiatan": "Tahap I", "field_29": null, "field_30": null, "field_31": null, "field_32": null, "field_33": null, "field_34": null, "field_35": null, "field_36": null, "field_37": null, "field_38": null }, "geometry": { "type": "Point", "coordinates": [ 118.647983, -8.494583 ] } },
{ "type": "Feature", "properties": { "No.": 18, "Nama Kegia": "SIB.18", "Balai": "BBWS NUSA TENGGARA I", "Provinsi": "NTB", "Kabupaten": "Bima", "Kecamatan": "Bolo", "Desa / Kel": "Rada", "Latitude": -8.497204, "Longitude": 118.641194, "Jenis Infr": "Sumur", "Debit\n(L/d": 10.0, "Kedalaman": 90.0, "Jaringan P": 0.41, "Jumlah Box": 9, "Sprinkler": false, "Luas Layan": 10.0, "Luas Tanam": 10.0, "Luas Tan_1": 10.0, "Peningkata": 0.0, "Unit": true, "Daya (kVA)": 23.0, "Unit_1": false, "Daya (kV_1": null, "Unit_2": false, "Daya (kV_2": null, "Jenis Peke": "Rehabilitasi", "Kegiatan": "Tahap I", "field_29": null, "field_30": null, "field_31": null, "field_32": null, "field_33": null, "field_34": null, "field_35": null, "field_36": null, "field_37": null, "field_38": null }, "geometry": { "type": "Point", "coordinates": [ 118.641194, -8.497204 ] } },
{ "type": "Feature", "properties": { "No.": 19, "Nama Kegia": "SPB.195", "Balai": "BBWS NUSA TENGGARA I", "Provinsi": "NTB", "Kabupaten": "Bima", "Kecamatan": "Bolo", "Desa / Kel": "Nggembe", "Latitude": -8.487508, "Longitude": 118.653068, "Jenis Infr": "Sumur", "Debit\n(L/d": 12.0, "Kedalaman": 80.0, "Jaringan P": 0.33, "Jumlah Box": 8, "Sprinkler": false, "Luas Layan": 12.0, "Luas Tanam": 12.0, "Luas Tan_1": 12.0, "Peningkata": 0.0, "Unit": false, "Daya (kVA)": null, "Unit_1": false, "Daya (kV_1": null, "Unit_2": false, "Daya (kV_2": null, "Jenis Peke": "Rehabilitasi", "Kegiatan": "Tahap I", "field_29": null, "field_30": null, "field_31": null, "field_32": null, "field_33": null, "field_34": null, "field_35": null, "field_36": null, "field_37": null, "field_38": null }, "geometry": { "type": "Point", "coordinates": [ 118.653068, -8.487508 ] } },
{ "type": "Feature", "properties": { "No.": 20, "Nama Kegia": "SPB.140/75A", "Balai": "BBWS NUSA TENGGARA I", "Provinsi": "NTB", "Kabupaten": "Bima", "Kecamatan": "Bolo", "Desa / Kel": "Nggembe", "Latitude": -8.4835, "Longitude": 118.6609, "Jenis Infr": "Sumur", "Debit\n(L/d": 12.0, "Kedalaman": 90.0, "Jaringan P": null, "Jumlah Box": null, "Sprinkler": false, "Luas Layan": null, "Luas Tanam": null, "Luas Tan_1": null, "Peningkata": null, "Unit": false, "Daya (kVA)": null, "Unit_1": false, "Daya (kV_1": null, "Unit_2": false, "Daya (kV_2": null, "Jenis Peke": "Rehabilitasi", "Kegiatan": "Tahap I", "field_29": null, "field_30": null, "field_31": null, "field_32": null, "field_33": null, "field_34": null, "field_35": null, "field_36": null, "field_37": null, "field_38": null }, "geometry": { "type": "Point", "coordinates": [ 118.6609, -8.4835 ] } },
{ "type": "Feature", "properties": { "No.": 21, "Nama Kegia": "SIB.20", "Balai": "BBWS NUSA TENGGARA I", "Provinsi": "NTB", "Kabupaten": "Bima", "Kecamatan": "Bolo", "Desa / Kel": "Nggembe", "Latitude": -8.496094, "Longitude": 118.654168, "Jenis Infr": "Sumur", "Debit\n(L/d": 10.0, "Kedalaman": 60.0, "Jaringan P": 0.45, "Jumlah Box": 12, "Sprinkler": false, "Luas Layan": 12.0, "Luas Tanam": 12.0, "Luas Tan_1": 12.0, "Peningkata": 0.0, "Unit": false, "Daya (kVA)": null, "Unit_1": false, "Daya (kV_1": null, "Unit_2": false, "Daya (kV_2": null, "Jenis Peke": "Rehabilitasi", "Kegiatan": "Tahap I", "field_29": null, "field_30": null, "field_31": null, "field_32": null, "field_33": null, "field_34": null, "field_35": null, "field_36": null, "field_37": null, "field_38": null }, "geometry": { "type": "Point", "coordinates": [ 118.654168, -8.496094 ] } },
{ "type": "Feature", "properties": { "No.": 23, "Nama Kegia": "JIAT 1", "Balai": "BBWS NUSA TENGGARA I", "Provinsi": "NTB", "Kabupaten": "Bima", "Kecamatan": "Bolo", "Desa / Kel": "Nggembe 1", "Latitude": -8.484225, "Longitude": 118.656181, "Jenis Infr": "Sumur", "Debit\n(L/d": 12.0, "Kedalaman": 100.0, "Jaringan P": 1.2, "Jumlah Box": 12, "Sprinkler": false, "Luas Layan": 12.0, "Luas Tanam": 0.0, "Luas Tan_1": 12.0, "Peningkata": 12.0, "Unit": true, "Daya (kVA)": 23.0, "Unit_1": false, "Daya (kV_1": null, "Unit_2": false, "Daya (kV_2": null, "Jenis Peke": "Pembangunan", "Kegiatan": "Tahap II", "field_29": null, "field_30": null, "field_31": null, "field_32": null, "field_33": null, "field_34": null, "field_35": null, "field_36": null, "field_37": null, "field_38": null }, "geometry": { "type": "Point", "coordinates": [ 118.656181, -8.484225 ] } },
{ "type": "Feature", "properties": { "No.": 24, "Nama Kegia": "JIAT 2", "Balai": "BBWS NUSA TENGGARA I", "Provinsi": "NTB", "Kabupaten": "Bima", "Kecamatan": "Bolo", "Desa / Kel": "Nggembe 2", "Latitude": -8.788123, "Longitude": 118.660715, "Jenis Infr": "Sumur", "Debit\n(L/d": 12.0, "Kedalaman": 100.0, "Jaringan P": 1.2, "Jumlah Box": 13, "Sprinkler": false, "Luas Layan": 10.0, "Luas Tanam": 0.0, "Luas Tan_1": 10.0, "Peningkata": 10.0, "Unit": true, "Daya (kVA)": 23.0, "Unit_1": false, "Daya (kV_1": null, "Unit_2": false, "Daya (kV_2": null, "Jenis Peke": "Pembangunan", "Kegiatan": "Tahap II", "field_29": null, "field_30": null, "field_31": null, "field_32": null, "field_33": null, "field_34": null, "field_35": null, "field_36": null, "field_37": null, "field_38": null }, "geometry": { "type": "Point", "coordinates": [ 118.660715, -8.788123 ] } },
{ "type": "Feature", "properties": { "No.": 25, "Nama Kegia": "JIAT 3", "Balai": "BBWS NUSA TENGGARA I", "Provinsi": "NTB", "Kabupaten": "Bima", "Kecamatan": "Sape", "Desa / Kel": "Rasabou", "Latitude": -8.558703, "Longitude": 118.990657, "Jenis Infr": "Sumur", "Debit\n(L/d": 12.0, "Kedalaman": 100.0, "Jaringan P": 0.98, "Jumlah Box": 12, "Sprinkler": false, "Luas Layan": 15.0, "Luas Tanam": 0.0, "Luas Tan_1": 15.0, "Peningkata": 15.0, "Unit": true, "Daya (kVA)": 23.0, "Unit_1": false, "Daya (kV_1": null, "Unit_2": false, "Daya (kV_2": null, "Jenis Peke": "Pembangunan", "Kegiatan": "Tahap II", "field_29": null, "field_30": null, "field_31": null, "field_32": null, "field_33": null, "field_34": null, "field_35": null, "field_36": null, "field_37": null, "field_38": null }, "geometry": { "type": "Point", "coordinates": [ 118.990657, -8.558703 ] } },
{ "type": "Feature", "properties": { "No.": 26, "Nama Kegia": "JIAT 4", "Balai": "BBWS NUSA TENGGARA I", "Provinsi": "NTB", "Kabupaten": "Bima", "Kecamatan": "Sape", "Desa / Kel": "Kaleo", "Latitude": -8.555563, "Longitude": 119.000853, "Jenis Infr": "Sumur", "Debit\n(L/d": 12.0, "Kedalaman": 100.0, "Jaringan P": 1.2, "Jumlah Box": 12, "Sprinkler": false, "Luas Layan": 12.0, "Luas Tanam": 0.0, "Luas Tan_1": 12.0, "Peningkata": 12.0, "Unit": true, "Daya (kVA)": 23.0, "Unit_1": false, "Daya (kV_1": null, "Unit_2": false, "Daya (kV_2": null, "Jenis Peke": "Pembangunan", "Kegiatan": "Tahap II", "field_29": null, "field_30": null, "field_31": null, "field_32": null, "field_33": null, "field_34": null, "field_35": null, "field_36": null, "field_37": null, "field_38": null }, "geometry": { "type": "Point", "coordinates": [ 119.000853, -8.555563 ] } },
{ "type": "Feature", "properties": { "No.": 27, "Nama Kegia": "JIAT 5", "Balai": "BBWS NUSA TENGGARA I", "Provinsi": "NTB", "Kabupaten": "Bima", "Kecamatan": "Langgudu", "Desa / Kel": "Doro O'O", "Latitude": -8.694374, "Longitude": 118.745668, "Jenis Infr": "Sumur", "Debit\n(L/d": 12.0, "Kedalaman": 92.0, "Jaringan P": 1.3, "Jumlah Box": 13, "Sprinkler": false, "Luas Layan": 15.0, "Luas Tanam": 0.0, "Luas Tan_1": 15.0, "Peningkata": 15.0, "Unit": true, "Daya (kVA)": 23.0, "Unit_1": false, "Daya (kV_1": null, "Unit_2": false, "Daya (kV_2": null, "Jenis Peke": "Pembangunan", "Kegiatan": "Tahap II", "field_29": null, "field_30": null, "field_31": null, "field_32": null, "field_33": null, "field_34": null, "field_35": null, "field_36": null, "field_37": null, "field_38": null }, "geometry": { "type": "Point", "coordinates": [ 118.745668, -8.694374 ] } },
{ "type": "Feature", "properties": { "No.": 28, "Nama Kegia": "JIAT 6", "Balai": "BBWS NUSA TENGGARA I", "Provinsi": "NTB", "Kabupaten": "Bima", "Kecamatan": "Sape", "Desa / Kel": "Lamere", "Latitude": -8.517827, "Longitude": 119.014045, "Jenis Infr": "Sumur", "Debit\n(L/d": 12.0, "Kedalaman": 96.0, "Jaringan P": 1.2, "Jumlah Box": 12, "Sprinkler": false, "Luas Layan": 14.0, "Luas Tanam": 0.0, "Luas Tan_1": 14.0, "Peningkata": 14.0, "Unit": true, "Daya (kVA)": 23.0, "Unit_1": false, "Daya (kV_1": null, "Unit_2": false, "Daya (kV_2": null, "Jenis Peke": "Pembangunan", "Kegiatan": "Tahap II", "field_29": null, "field_30": null, "field_31": null, "field_32": null, "field_33": null, "field_34": null, "field_35": null, "field_36": null, "field_37": null, "field_38": null }, "geometry": { "type": "Point", "coordinates": [ 119.014045, -8.517827 ] } },
{ "type": "Feature", "properties": { "No.": 29, "Nama Kegia": "JIAT 7", "Balai": "BBWS NUSA TENGGARA I", "Provinsi": "NTB", "Kabupaten": "Bima", "Kecamatan": "Bolo", "Desa / Kel": "Tambe", "Latitude": -8.303962, "Longitude": 118.361364, "Jenis Infr": "Sumur", "Debit\n(L/d": 12.0, "Kedalaman": 100.0, "Jaringan P": 1.85, "Jumlah Box": 21, "Sprinkler": false, "Luas Layan": 14.0, "Luas Tanam": 0.0, "Luas Tan_1": 14.0, "Peningkata": 14.0, "Unit": true, "Daya (kVA)": 23.0, "Unit_1": false, "Daya (kV_1": null, "Unit_2": false, "Daya (kV_2": null, "Jenis Peke": "Pembangunan", "Kegiatan": "Tahap II", "field_29": null, "field_30": null, "field_31": null, "field_32": null, "field_33": null, "field_34": null, "field_35": null, "field_36": null, "field_37": null, "field_38": null }, "geometry": { "type": "Point", "coordinates": [ 118.361364, -8.303962 ] } },
{ "type": "Feature", "properties": { "No.": 30, "Nama Kegia": "JIAT 8", "Balai": "BBWS NUSA TENGGARA I", "Provinsi": "NTB", "Kabupaten": "Bima", "Kecamatan": "Bolo", "Desa / Kel": "Soki", "Latitude": -8.623689, "Longitude": 118.747145, "Jenis Infr": "Sumur", "Debit\n(L/d": 12.0, "Kedalaman": 110.0, "Jaringan P": 1.32, "Jumlah Box": 14, "Sprinkler": false, "Luas Layan": 15.0, "Luas Tanam": 0.0, "Luas Tan_1": 15.0, "Peningkata": 15.0, "Unit": false, "Daya (kVA)": null, "Unit_1": true, "Daya (kV_1": "23.1", "Unit_2": true, "Daya (kV_2": 23.0, "Jenis Peke": "Pembangunan", "Kegiatan": "Tahap II", "field_29": null, "field_30": null, "field_31": null, "field_32": null, "field_33": null, "field_34": null, "field_35": null, "field_36": null, "field_37": null, "field_38": null }, "geometry": { "type": "Point", "coordinates": [ 118.747145, -8.623689 ] } },
{ "type": "Feature", "properties": { "No.": 31, "Nama Kegia": "Embung Amabaena", "Balai": "BBWS NUSA TENGGARA I", "Provinsi": "NTB", "Kabupaten": "Bima", "Kecamatan": "Sape", "Desa / Kel": "Parangina", "Latitude": -8.536667, "Longitude": 118.949444, "Jenis Infr": "Embung", "Debit\n(L/d": 23.0, "Kedalaman": 0.0, "Jaringan P": 0.0, "Jumlah Box": 0, "Sprinkler": false, "Luas Layan": 276.0, "Luas Tanam": 163.0, "Luas Tan_1": 276.0, "Peningkata": 113.0, "Unit": false, "Daya (kVA)": null, "Unit_1": false, "Daya (kV_1": null, "Unit_2": false, "Daya (kV_2": null, "Jenis Peke": "Rehabilitasi", "Kegiatan": "Tahap II", "field_29": null, "field_30": null, "field_31": null, "field_32": null, "field_33": null, "field_34": null, "field_35": null, "field_36": null, "field_37": null, "field_38": null }, "geometry": { "type": "Point", "coordinates": [ 118.949444, -8.536667 ] } },
{ "type": "Feature", "properties": { "No.": 32, "Nama Kegia": "SWP 7", "Balai": "BBWS NUSA TENGGARA I", "Provinsi": "NTB", "Kabupaten": "Dompu", "Kecamatan": "Kempo", "Desa / Kel": "Dorokobo", "Latitude": -8.526932, "Longitude": 118.279657, "Jenis Infr": "Sumur", "Debit\n(L/d": 15.0, "Kedalaman": 100.0, "Jaringan P": 0.99, "Jumlah Box": 14, "Sprinkler": false, "Luas Layan": 14.0, "Luas Tanam": 0.0, "Luas Tan_1": 14.0, "Peningkata": 14.0, "Unit": true, "Daya (kVA)": 23.0, "Unit_1": false, "Daya (kV_1": null, "Unit_2": false, "Daya (kV_2": null, "Jenis Peke": "Pembangunan", "Kegiatan": "Tahap I", "field_29": null, "field_30": null, "field_31": null, "field_32": null, "field_33": null, "field_34": null, "field_35": null, "field_36": null, "field_37": null, "field_38": null }, "geometry": { "type": "Point", "coordinates": [ 118.279657, -8.526932 ] } },
{ "type": "Feature", "properties": { "No.": 33, "Nama Kegia": "SWP 8", "Balai": "BBWS NUSA TENGGARA I", "Provinsi": "NTB", "Kabupaten": "Dompu", "Kecamatan": "Kempo", "Desa / Kel": "Dorokobo", "Latitude": -8.505669, "Longitude": 118.284195, "Jenis Infr": "Sumur", "Debit\n(L/d": 15.0, "Kedalaman": 100.0, "Jaringan P": 1.07, "Jumlah Box": 15, "Sprinkler": false, "Luas Layan": 15.0, "Luas Tanam": 0.0, "Luas Tan_1": 15.0, "Peningkata": 15.0, "Unit": true, "Daya (kVA)": 23.0, "Unit_1": false, "Daya (kV_1": null, "Unit_2": false, "Daya (kV_2": null, "Jenis Peke": "Pembangunan", "Kegiatan": "Tahap I", "field_29": null, "field_30": null, "field_31": null, "field_32": null, "field_33": null, "field_34": null, "field_35": null, "field_36": null, "field_37": null, "field_38": null }, "geometry": { "type": "Point", "coordinates": [ 118.284195, -8.505669 ] } },
{ "type": "Feature", "properties": { "No.": 34, "Nama Kegia": "SWP 9", "Balai": "BBWS NUSA TENGGARA I", "Provinsi": "NTB", "Kabupaten": "Dompu", "Kecamatan": "Manggalewa", "Desa / Kel": "Nusajaya", "Latitude": -8.477394, "Longitude": 118.296582, "Jenis Infr": "Sumur", "Debit\n(L/d": 14.0, "Kedalaman": 110.0, "Jaringan P": 1.05, "Jumlah Box": 14, "Sprinkler": false, "Luas Layan": 14.0, "Luas Tanam": 0.0, "Luas Tan_1": 14.0, "Peningkata": 14.0, "Unit": true, "Daya (kVA)": 23.0, "Unit_1": false, "Daya (kV_1": null, "Unit_2": false, "Daya (kV_2": null, "Jenis Peke": "Pembangunan", "Kegiatan": "Tahap I", "field_29": null, "field_30": null, "field_31": null, "field_32": null, "field_33": null, "field_34": null, "field_35": null, "field_36": null, "field_37": null, "field_38": null }, "geometry": { "type": "Point", "coordinates": [ 118.296582, -8.477394 ] } },
{ "type": "Feature", "properties": { "No.": 35, "Nama Kegia": "SWP 10", "Balai": "BBWS NUSA TENGGARA I", "Provinsi": "NTB", "Kabupaten": "Dompu", "Kecamatan": "Manggalewa", "Desa / Kel": "Sukadamai", "Latitude": -8.502361, "Longitude": 118.299088, "Jenis Infr": "Sumur", "Debit\n(L/d": 15.0, "Kedalaman": 100.0, "Jaringan P": 1.02, "Jumlah Box": 14, "Sprinkler": false, "Luas Layan": 14.0, "Luas Tanam": 0.0, "Luas Tan_1": 14.0, "Peningkata": 14.0, "Unit": true, "Daya (kVA)": 23.0, "Unit_1": false, "Daya (kV_1": null, "Unit_2": false, "Daya (kV_2": null, "Jenis Peke": "Pembangunan", "Kegiatan": "Tahap I", "field_29": null, "field_30": null, "field_31": null, "field_32": null, "field_33": null, "field_34": null, "field_35": null, "field_36": null, "field_37": null, "field_38": null }, "geometry": { "type": "Point", "coordinates": [ 118.299088, -8.502361 ] } },
{ "type": "Feature", "properties": { "No.": 45, "Nama Kegia": "JIAT 1", "Balai": "BBWS NUSA TENGGARA I", "Provinsi": "NTB", "Kabupaten": "Dompu", "Kecamatan": "Dompu", "Desa / Kel": "Dorebara", "Latitude": -8.577526, "Longitude": 118.446827, "Jenis Infr": "Sumur", "Debit\n(L/d": 8.5, "Kedalaman": 103.45, "Jaringan P": 1.16, "Jumlah Box": 12, "Sprinkler": false, "Luas Layan": 14.45, "Luas Tanam": 0.0, "Luas Tan_1": 10.0, "Peningkata": 10.0, "Unit": true, "Daya (kVA)": 23.0, "Unit_1": false, "Daya (kV_1": null, "Unit_2": false, "Daya (kV_2": null, "Jenis Peke": "Pembangunan", "Kegiatan": "Tahap II", "field_29": null, "field_30": null, "field_31": null, "field_32": null, "field_33": null, "field_34": null, "field_35": null, "field_36": null, "field_37": null, "field_38": null }, "geometry": { "type": "Point", "coordinates": [ 118.446827, -8.577526 ] } },
{ "type": "Feature", "properties": { "No.": 46, "Nama Kegia": "JIAT 2", "Balai": "BBWS NUSA TENGGARA I", "Provinsi": "NTB", "Kabupaten": "Dompu", "Kecamatan": "Dompu", "Desa / Kel": "Dorebara", "Latitude": -8.571562, "Longitude": 118.450493, "Jenis Infr": "Sumur", "Debit\n(L/d": 8.0, "Kedalaman": 107.25, "Jaringan P": 1.0, "Jumlah Box": 9, "Sprinkler": false, "Luas Layan": 13.69, "Luas Tanam": 0.0, "Luas Tan_1": 9.0, "Peningkata": 9.0, "Unit": true, "Daya (kVA)": 23.0, "Unit_1": false, "Daya (kV_1": null, "Unit_2": false, "Daya (kV_2": null, "Jenis Peke": "Pembangunan", "Kegiatan": "Tahap II", "field_29": null, "field_30": null, "field_31": null, "field_32": null, "field_33": null, "field_34": null, "field_35": null, "field_36": null, "field_37": null, "field_38": null }, "geometry": { "type": "Point", "coordinates": [ 118.450493, -8.571562 ] } },
{ "type": "Feature", "properties": { "No.": 47, "Nama Kegia": "JIAT 3", "Balai": "BBWS NUSA TENGGARA I", "Provinsi": "NTB", "Kabupaten": "Dompu", "Kecamatan": "Manggalewa", "Desa / Kel": "Doromelo", "Latitude": -8.503485, "Longitude": 118.308997, "Jenis Infr": "Sumur", "Debit\n(L/d": 10.0, "Kedalaman": 98.0, "Jaringan P": 0.78, "Jumlah Box": 8, "Sprinkler": false, "Luas Layan": 10.03, "Luas Tanam": 0.0, "Luas Tan_1": 10.03, "Peningkata": 10.03, "Unit": false, "Daya (kVA)": null, "Unit_1": true, "Daya (kV_1": "15.4", "Unit_2": false, "Daya (kV_2": null, "Jenis Peke": "Pembangunan", "Kegiatan": "Tahap II", "field_29": null, "field_30": null, "field_31": null, "field_32": null, "field_33": null, "field_34": null, "field_35": null, "field_36": null, "field_37": null, "field_38": null }, "geometry": { "type": "Point", "coordinates": [ 118.308997, -8.503485 ] } },
{ "type": "Feature", "properties": { "No.": 48, "Nama Kegia": "JIAT 4", "Balai": "BBWS NUSA TENGGARA I", "Provinsi": "NTB", "Kabupaten": "Dompu", "Kecamatan": "Pajo", "Desa / Kel": "Jambu", "Latitude": -8.645943, "Longitude": 118.436746, "Jenis Infr": "Sumur", "Debit\n(L/d": 8.5, "Kedalaman": 96.0, "Jaringan P": 1.01, "Jumlah Box": 10, "Sprinkler": false, "Luas Layan": 11.85, "Luas Tanam": 0.0, "Luas Tan_1": 11.85, "Peningkata": 11.85, "Unit": false, "Daya (kVA)": null, "Unit_1": true, "Daya (kV_1": "15.4", "Unit_2": false, "Daya (kV_2": null, "Jenis Peke": "Pembangunan", "Kegiatan": "Tahap II", "field_29": null, "field_30": null, "field_31": null, "field_32": null, "field_33": null, "field_34": null, "field_35": null, "field_36": null, "field_37": null, "field_38": null }, "geometry": { "type": "Point", "coordinates": [ 118.436746, -8.645943 ] } },
{ "type": "Feature", "properties": { "No.": 49, "Nama Kegia": "JIAT 5", "Balai": "BBWS NUSA TENGGARA I", "Provinsi": "NTB", "Kabupaten": "Dompu", "Kecamatan": "Pajo", "Desa / Kel": "Jambu", "Latitude": -8.652806, "Longitude": 118.436909, "Jenis Infr": "Sumur", "Debit\n(L/d": 10.0, "Kedalaman": 95.8, "Jaringan P": 1.07, "Jumlah Box": 8, "Sprinkler": false, "Luas Layan": 13.74, "Luas Tanam": 0.0, "Luas Tan_1": 13.74, "Peningkata": 13.74, "Unit": true, "Daya (kVA)": 23.0, "Unit_1": false, "Daya (kV_1": null, "Unit_2": false, "Daya (kV_2": null, "Jenis Peke": "Pembangunan", "Kegiatan": "Tahap II", "field_29": null, "field_30": null, "field_31": null, "field_32": null, "field_33": null, "field_34": null, "field_35": null, "field_36": null, "field_37": null, "field_38": null }, "geometry": { "type": "Point", "coordinates": [ 118.436909, -8.652806 ] } },
{ "type": "Feature", "properties": { "No.": 50, "Nama Kegia": "JIAT 6", "Balai": "BBWS NUSA TENGGARA I", "Provinsi": "NTB", "Kabupaten": "Dompu", "Kecamatan": "Kempo", "Desa / Kel": "Kempo", "Latitude": -8.524599, "Longitude": 118.282325, "Jenis Infr": "Sumur", "Debit\n(L/d": 14.0, "Kedalaman": 98.0, "Jaringan P": 0.79, "Jumlah Box": 8, "Sprinkler": false, "Luas Layan": 10.94, "Luas Tanam": 0.0, "Luas Tan_1": 10.94, "Peningkata": 10.94, "Unit": false, "Daya (kVA)": null, "Unit_1": true, "Daya (kV_1": "15.4", "Unit_2": false, "Daya (kV_2": null, "Jenis Peke": "Pembangunan", "Kegiatan": "Tahap II", "field_29": null, "field_30": null, "field_31": null, "field_32": null, "field_33": null, "field_34": null, "field_35": null, "field_36": null, "field_37": null, "field_38": null }, "geometry": { "type": "Point", "coordinates": [ 118.282325, -8.524599 ] } },
{ "type": "Feature", "properties": { "No.": 51, "Nama Kegia": "JIAT 7", "Balai": "BBWS NUSA TENGGARA I", "Provinsi": "NTB", "Kabupaten": "Dompu", "Kecamatan": "Kempo", "Desa / Kel": "Kempo", "Latitude": -8.52482, "Longitude": 118.289521, "Jenis Infr": "Sumur", "Debit\n(L/d": 14.0, "Kedalaman": 98.0, "Jaringan P": 0.9, "Jumlah Box": 9, "Sprinkler": false, "Luas Layan": 10.02, "Luas Tanam": 0.0, "Luas Tan_1": 10.02, "Peningkata": 10.02, "Unit": false, "Daya (kVA)": null, "Unit_1": true, "Daya (kV_1": "15.4", "Unit_2": false, "Daya (kV_2": null, "Jenis Peke": "Pembangunan", "Kegiatan": "Tahap II", "field_29": null, "field_30": null, "field_31": null, "field_32": null, "field_33": null, "field_34": null, "field_35": null, "field_36": null, "field_37": null, "field_38": null }, "geometry": { "type": "Point", "coordinates": [ 118.289521, -8.52482 ] } },
{ "type": "Feature", "properties": { "No.": 52, "Nama Kegia": "JIAT 8", "Balai": "BBWS NUSA TENGGARA I", "Provinsi": "NTB", "Kabupaten": "Dompu", "Kecamatan": "Kempo", "Desa / Kel": "Kempo", "Latitude": -8.525778, "Longitude": 118.273154, "Jenis Infr": "Sumur", "Debit\n(L/d": 13.0, "Kedalaman": 76.0, "Jaringan P": 1.13, "Jumlah Box": 10, "Sprinkler": false, "Luas Layan": 12.51, "Luas Tanam": 0.0, "Luas Tan_1": 12.24, "Peningkata": 12.24, "Unit": false, "Daya (kVA)": null, "Unit_1": true, "Daya (kV_1": "15.4", "Unit_2": false, "Daya (kV_2": null, "Jenis Peke": "Pembangunan", "Kegiatan": "Tahap II", "field_29": null, "field_30": null, "field_31": null, "field_32": null, "field_33": null, "field_34": null, "field_35": null, "field_36": null, "field_37": null, "field_38": null }, "geometry": { "type": "Point", "coordinates": [ 118.273154, -8.525778 ] } },
{ "type": "Feature", "properties": { "No.": 53, "Nama Kegia": "JIAT 9", "Balai": "BBWS NUSA TENGGARA I", "Provinsi": "NTB", "Kabupaten": "Dompu", "Kecamatan": "Manggalewa", "Desa / Kel": "Lanci Jaya", "Latitude": -8.487194, "Longitude": 118.320923, "Jenis Infr": "Sumur", "Debit\n(L/d": 8.5, "Kedalaman": 107.25, "Jaringan P": 1.13, "Jumlah Box": 10, "Sprinkler": false, "Luas Layan": 14.39, "Luas Tanam": 0.0, "Luas Tan_1": 14.39, "Peningkata": 14.39, "Unit": true, "Daya (kVA)": 23.0, "Unit_1": false, "Daya (kV_1": null, "Unit_2": false, "Daya (kV_2": null, "Jenis Peke": "Pembangunan", "Kegiatan": "Tahap II", "field_29": null, "field_30": null, "field_31": null, "field_32": null, "field_33": null, "field_34": null, "field_35": null, "field_36": null, "field_37": null, "field_38": null }, "geometry": { "type": "Point", "coordinates": [ 118.320923, -8.487194 ] } },
{ "type": "Feature", "properties": { "No.": 54, "Nama Kegia": "JIAT 10", "Balai": "BBWS NUSA TENGGARA I", "Provinsi": "NTB", "Kabupaten": "Dompu", "Kecamatan": "Manggalewa", "Desa / Kel": "Lanci Jaya", "Latitude": -8.497482, "Longitude": 118.319151, "Jenis Infr": "Sumur", "Debit\n(L/d": 10.0, "Kedalaman": 98.0, "Jaringan P": 0.61, "Jumlah Box": 9, "Sprinkler": false, "Luas Layan": 12.27, "Luas Tanam": 0.0, "Luas Tan_1": 12.27, "Peningkata": 12.27, "Unit": true, "Daya (kVA)": 23.0, "Unit_1": false, "Daya (kV_1": null, "Unit_2": false, "Daya (kV_2": null, "Jenis Peke": "Pembangunan", "Kegiatan": "Tahap II", "field_29": null, "field_30": null, "field_31": null, "field_32": null, "field_33": null, "field_34": null, "field_35": null, "field_36": null, "field_37": null, "field_38": null }, "geometry": { "type": "Point", "coordinates": [ 118.319151, -8.497482 ] } },
{ "type": "Feature", "properties": { "No.": 55, "Nama Kegia": "JIAT 11", "Balai": "BBWS NUSA TENGGARA I", "Provinsi": "NTB", "Kabupaten": "Dompu", "Kecamatan": "Pajo", "Desa / Kel": "Lune / Ranggo", "Latitude": -8.635158, "Longitude": 118.452697, "Jenis Infr": "Sumur", "Debit\n(L/d": 8.0, "Kedalaman": 98.0, "Jaringan P": 0.95, "Jumlah Box": 8, "Sprinkler": false, "Luas Layan": 10.5, "Luas Tanam": 0.0, "Luas Tan_1": 10.24, "Peningkata": 10.24, "Unit": false, "Daya (kVA)": null, "Unit_1": true, "Daya (kV_1": "15.4", "Unit_2": false, "Daya (kV_2": null, "Jenis Peke": "Pembangunan", "Kegiatan": "Tahap II", "field_29": null, "field_30": null, "field_31": null, "field_32": null, "field_33": null, "field_34": null, "field_35": null, "field_36": null, "field_37": null, "field_38": null }, "geometry": { "type": "Point", "coordinates": [ 118.452697, -8.635158 ] } },
{ "type": "Feature", "properties": { "No.": 56, "Nama Kegia": "JIAT 12", "Balai": "BBWS NUSA TENGGARA I", "Provinsi": "NTB", "Kabupaten": "Dompu", "Kecamatan": "Woja", "Desa / Kel": "Mbawi", "Latitude": -8.585762, "Longitude": 118.425244, "Jenis Infr": "Sumur", "Debit\n(L/d": 14.0, "Kedalaman": 107.25, "Jaringan P": 1.16, "Jumlah Box": 11, "Sprinkler": false, "Luas Layan": 14.0, "Luas Tanam": 0.0, "Luas Tan_1": 14.0, "Peningkata": 14.0, "Unit": false, "Daya (kVA)": null, "Unit_1": true, "Daya (kV_1": "15.4", "Unit_2": false, "Daya (kV_2": null, "Jenis Peke": "Pembangunan", "Kegiatan": "Tahap II", "field_29": null, "field_30": null, "field_31": null, "field_32": null, "field_33": null, "field_34": null, "field_35": null, "field_36": null, "field_37": null, "field_38": null }, "geometry": { "type": "Point", "coordinates": [ 118.425244, -8.585762 ] } },
{ "type": "Feature", "properties": { "No.": 57, "Nama Kegia": "JIAT 13", "Balai": "BBWS NUSA TENGGARA I", "Provinsi": "NTB", "Kabupaten": "Dompu", "Kecamatan": "Woja", "Desa / Kel": "Mumbu", "Latitude": -8.587327, "Longitude": 118.377816, "Jenis Infr": "Sumur", "Debit\n(L/d": 15.0, "Kedalaman": 103.0, "Jaringan P": 1.0, "Jumlah Box": 9, "Sprinkler": false, "Luas Layan": 14.49, "Luas Tanam": 0.0, "Luas Tan_1": 14.49, "Peningkata": 14.49, "Unit": false, "Daya (kVA)": null, "Unit_1": true, "Daya (kV_1": "15.4", "Unit_2": false, "Daya (kV_2": null, "Jenis Peke": "Pembangunan", "Kegiatan": "Tahap II", "field_29": null, "field_30": null, "field_31": null, "field_32": null, "field_33": null, "field_34": null, "field_35": null, "field_36": null, "field_37": null, "field_38": null }, "geometry": { "type": "Point", "coordinates": [ 118.377816, -8.587327 ] } },
{ "type": "Feature", "properties": { "No.": 58, "Nama Kegia": "JIAT 14", "Balai": "BBWS NUSA TENGGARA I", "Provinsi": "NTB", "Kabupaten": "Dompu", "Kecamatan": "Manggalewa", "Desa / Kel": "Nusajaya", "Latitude": -8.484547, "Longitude": 118.320324, "Jenis Infr": "Sumur", "Debit\n(L/d": 10.0, "Kedalaman": 107.25, "Jaringan P": 0.78, "Jumlah Box": 7, "Sprinkler": false, "Luas Layan": 10.44, "Luas Tanam": 0.0, "Luas Tan_1": 10.44, "Peningkata": 10.44, "Unit": true, "Daya (kVA)": 23.0, "Unit_1": false, "Daya (kV_1": null, "Unit_2": false, "Daya (kV_2": null, "Jenis Peke": "Pembangunan", "Kegiatan": "Tahap II", "field_29": null, "field_30": null, "field_31": null, "field_32": null, "field_33": null, "field_34": null, "field_35": null, "field_36": null, "field_37": null, "field_38": null }, "geometry": { "type": "Point", "coordinates": [ 118.320324, -8.484547 ] } },
{ "type": "Feature", "properties": { "No.": 59, "Nama Kegia": "JIAT 15", "Balai": "BBWS NUSA TENGGARA I", "Provinsi": "NTB", "Kabupaten": "Dompu", "Kecamatan": "Manggalewa", "Desa / Kel": "Nusajaya", "Latitude": -8.475653, "Longitude": 118.319149, "Jenis Infr": "Sumur", "Debit\n(L/d": 8.5, "Kedalaman": 107.25, "Jaringan P": 1.0, "Jumlah Box": 10, "Sprinkler": false, "Luas Layan": 10.21, "Luas Tanam": 0.0, "Luas Tan_1": 12.27, "Peningkata": 12.27, "Unit": false, "Daya (kVA)": null, "Unit_1": true, "Daya (kV_1": "15.4", "Unit_2": false, "Daya (kV_2": null, "Jenis Peke": "Pembangunan", "Kegiatan": "Tahap II", "field_29": null, "field_30": null, "field_31": null, "field_32": null, "field_33": null, "field_34": null, "field_35": null, "field_36": null, "field_37": null, "field_38": null }, "geometry": { "type": "Point", "coordinates": [ 118.319149, -8.475653 ] } },
{ "type": "Feature", "properties": { "No.": 60, "Nama Kegia": "JIAT 16", "Balai": "BBWS NUSA TENGGARA I", "Provinsi": "NTB", "Kabupaten": "Dompu", "Kecamatan": "Woja", "Desa / Kel": "Riwo", "Latitude": -8.656609, "Longitude": 118.345853, "Jenis Infr": "Sumur", "Debit\n(L/d": 15.0, "Kedalaman": 108.0, "Jaringan P": 1.11, "Jumlah Box": 10, "Sprinkler": false, "Luas Layan": 12.75, "Luas Tanam": 0.0, "Luas Tan_1": 12.75, "Peningkata": 12.75, "Unit": false, "Daya (kVA)": null, "Unit_1": true, "Daya (kV_1": "15.4", "Unit_2": false, "Daya (kV_2": null, "Jenis Peke": "Pembangunan", "Kegiatan": "Tahap II", "field_29": null, "field_30": null, "field_31": null, "field_32": null, "field_33": null, "field_34": null, "field_35": null, "field_36": null, "field_37": null, "field_38": null }, "geometry": { "type": "Point", "coordinates": [ 118.345853, -8.656609 ] } },
{ "type": "Feature", "properties": { "No.": 61, "Nama Kegia": "JIAT 17", "Balai": "BBWS NUSA TENGGARA I", "Provinsi": "NTB", "Kabupaten": "Dompu", "Kecamatan": "Manggalewa", "Desa / Kel": "Sukadamai", "Latitude": -8.485253, "Longitude": 118.290297, "Jenis Infr": "Sumur", "Debit\n(L/d": 9.0, "Kedalaman": 98.0, "Jaringan P": 0.89, "Jumlah Box": 9, "Sprinkler": false, "Luas Layan": 10.03, "Luas Tanam": 0.0, "Luas Tan_1": 10.24, "Peningkata": 10.24, "Unit": false, "Daya (kVA)": null, "Unit_1": true, "Daya (kV_1": "15.4", "Unit_2": false, "Daya (kV_2": null, "Jenis Peke": "Pembangunan", "Kegiatan": "Tahap II", "field_29": null, "field_30": null, "field_31": null, "field_32": null, "field_33": null, "field_34": null, "field_35": null, "field_36": null, "field_37": null, "field_38": null }, "geometry": { "type": "Point", "coordinates": [ 118.290297, -8.485253 ] } },
{ "type": "Feature", "properties": { "No.": 62, "Nama Kegia": "JIAT 18", "Balai": "BBWS NUSA TENGGARA I", "Provinsi": "NTB", "Kabupaten": "Dompu", "Kecamatan": "Kempo", "Desa / Kel": "Tolokalo", "Latitude": -8.527016, "Longitude": 118.184902, "Jenis Infr": "Sumur", "Debit\n(L/d": 16.0, "Kedalaman": 128.0, "Jaringan P": 0.91, "Jumlah Box": 9, "Sprinkler": false, "Luas Layan": 11.28, "Luas Tanam": 0.0, "Luas Tan_1": 11.28, "Peningkata": 11.28, "Unit": true, "Daya (kVA)": 23.0, "Unit_1": false, "Daya (kV_1": null, "Unit_2": false, "Daya (kV_2": null, "Jenis Peke": "Pembangunan", "Kegiatan": "Tahap II", "field_29": null, "field_30": null, "field_31": null, "field_32": null, "field_33": null, "field_34": null, "field_35": null, "field_36": null, "field_37": null, "field_38": null }, "geometry": { "type": "Point", "coordinates": [ 118.184902, -8.527016 ] } },
{ "type": "Feature", "properties": { "No.": 63, "Nama Kegia": "JIAT 1", "Balai": "BBWS NUSA TENGGARA I", "Provinsi": "NTB", "Kabupaten": "Lombok Barat", "Kecamatan": "Lembar", "Desa / Kel": "Mareje", "Latitude": -8.794828, "Longitude": 116.107134, "Jenis Infr": "Sumur", "Debit\n(L/d": 1.5, "Kedalaman": 65.0, "Jaringan P": 0.2, "Jumlah Box": 3, "Sprinkler": false, "Luas Layan": 5.0, "Luas Tanam": 0.0, "Luas Tan_1": 5.0, "Peningkata": 5.0, "Unit": true, "Daya (kVA)": 5.5, "Unit_1": false, "Daya (kV_1": "0.0", "Unit_2": false, "Daya (kV_2": 0.0, "Jenis Peke": "Pembangunan", "Kegiatan": "Tahap III", "field_29": null, "field_30": null, "field_31": null, "field_32": null, "field_33": null, "field_34": null, "field_35": null, "field_36": null, "field_37": null, "field_38": null }, "geometry": { "type": "Point", "coordinates": [ 116.107134, -8.794828 ] } },
{ "type": "Feature", "properties": { "No.": 64, "Nama Kegia": "JIAT 2", "Balai": "BBWS NUSA TENGGARA I", "Provinsi": "NTB", "Kabupaten": "Lombok Barat", "Kecamatan": "Lembar", "Desa / Kel": "Mareje", "Latitude": -8.799876, "Longitude": 116.098336, "Jenis Infr": "Sumur", "Debit\n(L/d": 1.5, "Kedalaman": 65.0, "Jaringan P": 0.2, "Jumlah Box": 3, "Sprinkler": false, "Luas Layan": 5.0, "Luas Tanam": 0.0, "Luas Tan_1": 5.0, "Peningkata": 5.0, "Unit": true, "Daya (kVA)": 5.5, "Unit_1": false, "Daya (kV_1": "0.0", "Unit_2": false, "Daya (kV_2": 0.0, "Jenis Peke": "Pembangunan", "Kegiatan": "Tahap III", "field_29": null, "field_30": null, "field_31": null, "field_32": null, "field_33": null, "field_34": null, "field_35": null, "field_36": null, "field_37": null, "field_38": null }, "geometry": { "type": "Point", "coordinates": [ 116.098336, -8.799876 ] } },
{ "type": "Feature", "properties": { "No.": 65, "Nama Kegia": "Embung Pemolongan", "Balai": "BBWS NUSA TENGGARA I", "Provinsi": "NTB", "Kabupaten": "Lombok Barat", "Kecamatan": "Gerung", "Desa / Kel": "Banyu Urip", "Latitude": -8.725061, "Longitude": 118.13365, "Jenis Infr": "Embung", "Debit\n(L/d": 16.0, "Kedalaman": 0.0, "Jaringan P": 0.0, "Jumlah Box": 0, "Sprinkler": false, "Luas Layan": 50.0, "Luas Tanam": 0.0, "Luas Tan_1": 50.0, "Peningkata": 50.0, "Unit": false, "Daya (kVA)": 0.0, "Unit_1": false, "Daya (kV_1": "0.0", "Unit_2": false, "Daya (kV_2": 0.0, "Jenis Peke": "Rehabilitasi", "Kegiatan": "Tahap III", "field_29": null, "field_30": null, "field_31": null, "field_32": null, "field_33": null, "field_34": null, "field_35": null, "field_36": null, "field_37": null, "field_38": null }, "geometry": { "type": "Point", "coordinates": [ 118.13365, -8.725061 ] } },
{ "type": "Feature", "properties": { "No.": 66, "Nama Kegia": "SWP 5", "Balai": "BBWS NUSA TENGGARA I", "Provinsi": "NTB", "Kabupaten": "Lombok Timur", "Kecamatan": "Sambelia", "Desa / Kel": "Sugian", "Latitude": -8.43999, "Longitude": 116.68093, "Jenis Infr": "Sumur", "Debit\n(L/d": 12.0, "Kedalaman": 110.0, "Jaringan P": 0.96, "Jumlah Box": 10, "Sprinkler": false, "Luas Layan": 10.0, "Luas Tanam": 0.0, "Luas Tan_1": 10.0, "Peningkata": 10.0, "Unit": true, "Daya (kVA)": 23.0, "Unit_1": false, "Daya (kV_1": null, "Unit_2": false, "Daya (kV_2": null, "Jenis Peke": "Pembangunan", "Kegiatan": "Tahap I", "field_29": null, "field_30": null, "field_31": null, "field_32": null, "field_33": null, "field_34": null, "field_35": null, "field_36": null, "field_37": null, "field_38": null }, "geometry": { "type": "Point", "coordinates": [ 116.68093, -8.43999 ] } },
{ "type": "Feature", "properties": { "No.": 67, "Nama Kegia": "SWP 6", "Balai": "BBWS NUSA TENGGARA I", "Provinsi": "NTB", "Kabupaten": "Lombok Timur", "Kecamatan": "Sambelia", "Desa / Kel": "Sugian", "Latitude": -8.38627, "Longitude": 116.71581, "Jenis Infr": "Sumur", "Debit\n(L/d": 12.0, "Kedalaman": 100.0, "Jaringan P": 1.2, "Jumlah Box": 14, "Sprinkler": false, "Luas Layan": 14.0, "Luas Tanam": 0.0, "Luas Tan_1": 14.0, "Peningkata": 14.0, "Unit": true, "Daya (kVA)": 23.0, "Unit_1": false, "Daya (kV_1": null, "Unit_2": false, "Daya (kV_2": null, "Jenis Peke": "Pembangunan", "Kegiatan": "Tahap I", "field_29": null, "field_30": null, "field_31": null, "field_32": null, "field_33": null, "field_34": null, "field_35": null, "field_36": null, "field_37": null, "field_38": null }, "geometry": { "type": "Point", "coordinates": [ 116.71581, -8.38627 ] } },
{ "type": "Feature", "properties": { "No.": 68, "Nama Kegia": "SWP 11", "Balai": "BBWS NUSA TENGGARA I", "Provinsi": "NTB", "Kabupaten": "Lombok Timur", "Kecamatan": "Sakra Barat", "Desa / Kel": "Boyemare", "Latitude": -8.74644, "Longitude": 116.49285, "Jenis Infr": "Sumur", "Debit\n(L/d": 15.0, "Kedalaman": 100.0, "Jaringan P": 1.19, "Jumlah Box": 13, "Sprinkler": false, "Luas Layan": 13.0, "Luas Tanam": 0.0, "Luas Tan_1": 13.0, "Peningkata": 13.0, "Unit": true, "Daya (kVA)": 23.0, "Unit_1": false, "Daya (kV_1": null, "Unit_2": false, "Daya (kV_2": null, "Jenis Peke": "Pembangunan", "Kegiatan": "Tahap I", "field_29": null, "field_30": null, "field_31": null, "field_32": null, "field_33": null, "field_34": null, "field_35": null, "field_36": null, "field_37": null, "field_38": null }, "geometry": { "type": "Point", "coordinates": [ 116.49285, -8.74644 ] } },
{ "type": "Feature", "properties": { "No.": 69, "Nama Kegia": "SWP 12", "Balai": "BBWS NUSA TENGGARA I", "Provinsi": "NTB", "Kabupaten": "Lombok Timur", "Kecamatan": "Sambelia", "Desa / Kel": "Labuhan Pandan", "Latitude": -8.38627, "Longitude": 116.71581, "Jenis Infr": "Sumur", "Debit\n(L/d": 12.0, "Kedalaman": 100.0, "Jaringan P": 1.04, "Jumlah Box": 14, "Sprinkler": false, "Luas Layan": 14.0, "Luas Tanam": 0.0, "Luas Tan_1": 14.0, "Peningkata": 14.0, "Unit": true, "Daya (kVA)": 23.0, "Unit_1": false, "Daya (kV_1": null, "Unit_2": false, "Daya (kV_2": null, "Jenis Peke": "Pembangunan", "Kegiatan": "Tahap I", "field_29": null, "field_30": null, "field_31": null, "field_32": null, "field_33": null, "field_34": null, "field_35": null, "field_36": null, "field_37": null, "field_38": null }, "geometry": { "type": "Point", "coordinates": [ 116.71581, -8.38627 ] } },
{ "type": "Feature", "properties": { "No.": 70, "Nama Kegia": "SWP 17", "Balai": "BBWS NUSA TENGGARA I", "Provinsi": "NTB", "Kabupaten": "Lombok Timur", "Kecamatan": "Sakra Timur", "Desa / Kel": "Surabaya Utara", "Latitude": -8.710271, "Longitude": 116.539844, "Jenis Infr": "Sumur", "Debit\n(L/d": 15.0, "Kedalaman": 65.0, "Jaringan P": 1.04, "Jumlah Box": 17, "Sprinkler": false, "Luas Layan": 22.0, "Luas Tanam": 0.0, "Luas Tan_1": 22.0, "Peningkata": 22.0, "Unit": true, "Daya (kVA)": 23.0, "Unit_1": false, "Daya (kV_1": null, "Unit_2": false, "Daya (kV_2": null, "Jenis Peke": "Pembangunan", "Kegiatan": "Tahap I", "field_29": null, "field_30": null, "field_31": null, "field_32": null, "field_33": null, "field_34": null, "field_35": null, "field_36": null, "field_37": null, "field_38": null }, "geometry": { "type": "Point", "coordinates": [ 116.539844, -8.710271 ] } },
{ "type": "Feature", "properties": { "No.": 71, "Nama Kegia": "SWP 18", "Balai": "BBWS NUSA TENGGARA I", "Provinsi": "NTB", "Kabupaten": "Lombok Timur", "Kecamatan": "Lenek", "Desa / Kel": "Lenek Daya", "Latitude": -8.555053, "Longitude": 116.490033, "Jenis Infr": "Sumur", "Debit\n(L/d": 15.0, "Kedalaman": 54.0, "Jaringan P": 1.0, "Jumlah Box": 13, "Sprinkler": false, "Luas Layan": 14.0, "Luas Tanam": 0.0, "Luas Tan_1": 15.0, "Peningkata": 15.0, "Unit": true, "Daya (kVA)": 23.0, "Unit_1": false, "Daya (kV_1": null, "Unit_2": false, "Daya (kV_2": null, "Jenis Peke": "Pembangunan", "Kegiatan": "Tahap I", "field_29": null, "field_30": null, "field_31": null, "field_32": null, "field_33": null, "field_34": null, "field_35": null, "field_36": null, "field_37": null, "field_38": null }, "geometry": { "type": "Point", "coordinates": [ 116.490033, -8.555053 ] } },
{ "type": "Feature", "properties": { "No.": 72, "Nama Kegia": "SWP 23", "Balai": "BBWS NUSA TENGGARA I", "Provinsi": "NTB", "Kabupaten": "Lombok Timur", "Kecamatan": "Pringgabaya", "Desa / Kel": "Labuhan lombok", "Latitude": -8.5071, "Longitude": 116.64582, "Jenis Infr": "Sumur", "Debit\n(L/d": 8.0, "Kedalaman": 92.0, "Jaringan P": 0.83, "Jumlah Box": 12, "Sprinkler": false, "Luas Layan": 13.93, "Luas Tanam": 0.0, "Luas Tan_1": 13.93, "Peningkata": 13.93, "Unit": true, "Daya (kVA)": 23.0, "Unit_1": false, "Daya (kV_1": null, "Unit_2": false, "Daya (kV_2": null, "Jenis Peke": "Pembangunan", "Kegiatan": "Tahap I", "field_29": null, "field_30": null, "field_31": null, "field_32": null, "field_33": null, "field_34": null, "field_35": null, "field_36": null, "field_37": null, "field_38": null }, "geometry": { "type": "Point", "coordinates": [ 116.64582, -8.5071 ] } },
{ "type": "Feature", "properties": { "No.": 73, "Nama Kegia": "SWP 24", "Balai": "BBWS NUSA TENGGARA I", "Provinsi": "NTB", "Kabupaten": "Lombok Timur", "Kecamatan": "Suela", "Desa / Kel": "Selaparang", "Latitude": -8.526931, "Longitude": 116.62832, "Jenis Infr": "Sumur", "Debit\n(L/d": 15.0, "Kedalaman": 102.0, "Jaringan P": 2.05, "Jumlah Box": 19, "Sprinkler": false, "Luas Layan": 16.0, "Luas Tanam": 0.0, "Luas Tan_1": 16.0, "Peningkata": 16.0, "Unit": true, "Daya (kVA)": 23.0, "Unit_1": false, "Daya (kV_1": null, "Unit_2": false, "Daya (kV_2": null, "Jenis Peke": "Pembangunan", "Kegiatan": "Tahap I", "field_29": null, "field_30": null, "field_31": null, "field_32": null, "field_33": null, "field_34": null, "field_35": null, "field_36": null, "field_37": null, "field_38": null }, "geometry": { "type": "Point", "coordinates": [ 116.62832, -8.526931 ] } },
{ "type": "Feature", "properties": { "No.": 74, "Nama Kegia": "BT 51", "Balai": "BBWS NUSA TENGGARA I", "Provinsi": "NTB", "Kabupaten": "Lombok Timur", "Kecamatan": "Pringgabaya", "Desa / Kel": "gunung malang", "Latitude": -8.308861, "Longitude": 116.648861, "Jenis Infr": "Sumur", "Debit\n(L/d": 12.0, "Kedalaman": 75.0, "Jaringan P": 0.1, "Jumlah Box": 9, "Sprinkler": false, "Luas Layan": 12.0, "Luas Tanam": 10.0, "Luas Tan_1": 10.0, "Peningkata": 0.0, "Unit": true, "Daya (kVA)": 23.0, "Unit_1": false, "Daya (kV_1": null, "Unit_2": false, "Daya (kV_2": null, "Jenis Peke": "Rehabilitasi", "Kegiatan": "Tahap I", "field_29": null, "field_30": null, "field_31": null, "field_32": null, "field_33": null, "field_34": null, "field_35": null, "field_36": null, "field_37": null, "field_38": null }, "geometry": { "type": "Point", "coordinates": [ 116.648861, -8.308861 ] } },
{ "type": "Feature", "properties": { "No.": 75, "Nama Kegia": "C 178", "Balai": "BBWS NUSA TENGGARA I", "Provinsi": "NTB", "Kabupaten": "Lombok Timur", "Kecamatan": "Pringgabaya", "Desa / Kel": "Pringgabaya", "Latitude": -8.519429, "Longitude": 116.642151, "Jenis Infr": "Sumur", "Debit\n(L/d": 15.0, "Kedalaman": null, "Jaringan P": 0.33, "Jumlah Box": 14, "Sprinkler": false, "Luas Layan": 10.0, "Luas Tanam": 10.0, "Luas Tan_1": 10.0, "Peningkata": 0.0, "Unit": true, "Daya (kVA)": 23.0, "Unit_1": false, "Daya (kV_1": null, "Unit_2": false, "Daya (kV_2": null, "Jenis Peke": "Rehabilitasi", "Kegiatan": "Tahap I", "field_29": null, "field_30": null, "field_31": null, "field_32": null, "field_33": null, "field_34": null, "field_35": null, "field_36": null, "field_37": null, "field_38": null }, "geometry": { "type": "Point", "coordinates": [ 116.642151, -8.519429 ] } },
{ "type": "Feature", "properties": { "No.": 76, "Nama Kegia": "C 34", "Balai": "BBWS NUSA TENGGARA I", "Provinsi": "NTB", "Kabupaten": "Lombok Timur", "Kecamatan": "Pringgabaya", "Desa / Kel": "Pringgabaya", "Latitude": -8.512793, "Longitude": 116.644463, "Jenis Infr": "Sumur", "Debit\n(L/d": 10.0, "Kedalaman": null, "Jaringan P": 0.56, "Jumlah Box": 13, "Sprinkler": false, "Luas Layan": 10.0, "Luas Tanam": 10.0, "Luas Tan_1": 10.0, "Peningkata": 0.0, "Unit": true, "Daya (kVA)": 23.0, "Unit_1": false, "Daya (kV_1": null, "Unit_2": false, "Daya (kV_2": null, "Jenis Peke": "Rehabilitasi", "Kegiatan": "Tahap I", "field_29": null, "field_30": null, "field_31": null, "field_32": null, "field_33": null, "field_34": null, "field_35": null, "field_36": null, "field_37": null, "field_38": null }, "geometry": { "type": "Point", "coordinates": [ 116.644463, -8.512793 ] } },
{ "type": "Feature", "properties": { "No.": 77, "Nama Kegia": "C 9", "Balai": "BBWS NUSA TENGGARA I", "Provinsi": "NTB", "Kabupaten": "Lombok Timur", "Kecamatan": "Pringgabaya", "Desa / Kel": "Pringgabaya", "Latitude": -8.529621, "Longitude": 116.638645, "Jenis Infr": "Sumur", "Debit\n(L/d": 12.0, "Kedalaman": null, "Jaringan P": 0.2, "Jumlah Box": 12, "Sprinkler": false, "Luas Layan": 10.0, "Luas Tanam": 10.0, "Luas Tan_1": 10.0, "Peningkata": 0.0, "Unit": true, "Daya (kVA)": 23.0, "Unit_1": false, "Daya (kV_1": null, "Unit_2": false, "Daya (kV_2": null, "Jenis Peke": "Rehabilitasi", "Kegiatan": "Tahap I", "field_29": null, "field_30": null, "field_31": null, "field_32": null, "field_33": null, "field_34": null, "field_35": null, "field_36": null, "field_37": null, "field_38": null }, "geometry": { "type": "Point", "coordinates": [ 116.638645, -8.529621 ] } },
{ "type": "Feature", "properties": { "No.": 78, "Nama Kegia": "C 8", "Balai": "BBWS NUSA TENGGARA I", "Provinsi": "NTB", "Kabupaten": "Lombok Timur", "Kecamatan": "Pringgabaya", "Desa / Kel": "Pringgabaya", "Latitude": -8.525834, "Longitude": 116.64, "Jenis Infr": "Sumur", "Debit\n(L/d": 12.0, "Kedalaman": null, "Jaringan P": 0.2, "Jumlah Box": 12, "Sprinkler": false, "Luas Layan": 10.0, "Luas Tanam": 10.0, "Luas Tan_1": 10.0, "Peningkata": 0.0, "Unit": true, "Daya (kVA)": 23.0, "Unit_1": false, "Daya (kV_1": null, "Unit_2": false, "Daya (kV_2": null, "Jenis Peke": "Rehabilitasi", "Kegiatan": "Tahap I", "field_29": null, "field_30": null, "field_31": null, "field_32": null, "field_33": null, "field_34": null, "field_35": null, "field_36": null, "field_37": null, "field_38": null }, "geometry": { "type": "Point", "coordinates": [ 116.64, -8.525834 ] } },
{ "type": "Feature", "properties": { "No.": 79, "Nama Kegia": "SEB 19", "Balai": "BBWS NUSA TENGGARA I", "Provinsi": "NTB", "Kabupaten": "Lombok Timur", "Kecamatan": "Pringgabaya", "Desa / Kel": "Pringgabaya Utara", "Latitude": -8.52077, "Longitude": 116.65107, "Jenis Infr": "Sumur", "Debit\n(L/d": 15.0, "Kedalaman": 65.0, "Jaringan P": 2.17, "Jumlah Box": 28, "Sprinkler": false, "Luas Layan": 20.0, "Luas Tanam": 15.0, "Luas Tan_1": 20.0, "Peningkata": 5.0, "Unit": true, "Daya (kVA)": 23.0, "Unit_1": false, "Daya (kV_1": null, "Unit_2": false, "Daya (kV_2": null, "Jenis Peke": "Rehabilitasi", "Kegiatan": "Tahap I", "field_29": null, "field_30": null, "field_31": null, "field_32": null, "field_33": null, "field_34": null, "field_35": null, "field_36": null, "field_37": null, "field_38": null }, "geometry": { "type": "Point", "coordinates": [ 116.65107, -8.52077 ] } },
{ "type": "Feature", "properties": { "No.": 82, "Nama Kegia": "SPS 256", "Balai": "BBWS NUSA TENGGARA I", "Provinsi": "NTB", "Kabupaten": "Lombok Timur", "Kecamatan": "Sambelia", "Desa / Kel": "Sugian", "Latitude": -8.357799, "Longitude": 116.709178, "Jenis Infr": "Sumur", "Debit\n(L/d": null, "Kedalaman": null, "Jaringan P": null, "Jumlah Box": null, "Sprinkler": false, "Luas Layan": null, "Luas Tanam": null, "Luas Tan_1": null, "Peningkata": null, "Unit": false, "Daya (kVA)": null, "Unit_1": false, "Daya (kV_1": null, "Unit_2": false, "Daya (kV_2": null, "Jenis Peke": "Rehabilitasi", "Kegiatan": "Tahap I", "field_29": null, "field_30": null, "field_31": null, "field_32": null, "field_33": null, "field_34": null, "field_35": null, "field_36": null, "field_37": null, "field_38": null }, "geometry": { "type": "Point", "coordinates": [ 116.709178, -8.357799 ] } },
{ "type": "Feature", "properties": { "No.": 83, "Nama Kegia": "C 13", "Balai": "BBWS NUSA TENGGARA I", "Provinsi": "NTB", "Kabupaten": "Lombok Timur", "Kecamatan": "Pringgabaya", "Desa / Kel": "Pringgabaya Utara", "Latitude": -8.52278, "Longitude": 116.63606, "Jenis Infr": "Sumur", "Debit\n(L/d": 12.0, "Kedalaman": 90.0, "Jaringan P": 1.34, "Jumlah Box": 17, "Sprinkler": false, "Luas Layan": 15.0, "Luas Tanam": 15.0, "Luas Tan_1": 17.0, "Peningkata": 2.0, "Unit": true, "Daya (kVA)": 23.0, "Unit_1": false, "Daya (kV_1": null, "Unit_2": false, "Daya (kV_2": null, "Jenis Peke": "Rehabilitasi", "Kegiatan": "Tahap I", "field_29": null, "field_30": null, "field_31": null, "field_32": null, "field_33": null, "field_34": null, "field_35": null, "field_36": null, "field_37": null, "field_38": null }, "geometry": { "type": "Point", "coordinates": [ 116.63606, -8.52278 ] } },
{ "type": "Feature", "properties": { "No.": 84, "Nama Kegia": "C.36", "Balai": "BBWS NUSA TENGGARA I", "Provinsi": "NTB", "Kabupaten": "Lombok Timur", "Kecamatan": "Pringgabaya", "Desa / Kel": "Pringgabaya Utara", "Latitude": -8.51419, "Longitude": 116.64669, "Jenis Infr": "Sumur", "Debit\n(L/d": 14.0, "Kedalaman": 100.0, "Jaringan P": 0.03, "Jumlah Box": 1, "Sprinkler": false, "Luas Layan": 16.0, "Luas Tanam": 13.0, "Luas Tan_1": 16.0, "Peningkata": 3.0, "Unit": false, "Daya (kVA)": null, "Unit_1": false, "Daya (kV_1": null, "Unit_2": false, "Daya (kV_2": null, "Jenis Peke": "Rehabilitasi", "Kegiatan": "Tahap I", "field_29": null, "field_30": null, "field_31": null, "field_32": null, "field_33": null, "field_34": null, "field_35": null, "field_36": null, "field_37": null, "field_38": null }, "geometry": { "type": "Point", "coordinates": [ 116.64669, -8.51419 ] } },
{ "type": "Feature", "properties": { "No.": 85, "Nama Kegia": "T.10", "Balai": "BBWS NUSA TENGGARA I", "Provinsi": "NTB", "Kabupaten": "Lombok Timur", "Kecamatan": "Pringgabaya", "Desa / Kel": "Pringgabaya Utara", "Latitude": -8.53998, "Longitude": 116.63372, "Jenis Infr": "Sumur", "Debit\n(L/d": 12.0, "Kedalaman": 90.0, "Jaringan P": 0.42, "Jumlah Box": 20, "Sprinkler": false, "Luas Layan": 10.0, "Luas Tanam": 10.0, "Luas Tan_1": 10.0, "Peningkata": 0.0, "Unit": true, "Daya (kVA)": 23.0, "Unit_1": false, "Daya (kV_1": null, "Unit_2": false, "Daya (kV_2": null, "Jenis Peke": "Rehabilitasi", "Kegiatan": "Tahap I", "field_29": null, "field_30": null, "field_31": null, "field_32": null, "field_33": null, "field_34": null, "field_35": null, "field_36": null, "field_37": null, "field_38": null }, "geometry": { "type": "Point", "coordinates": [ 116.63372, -8.53998 ] } },
{ "type": "Feature", "properties": { "No.": 86, "Nama Kegia": "SPP.280", "Balai": "BBWS NUSA TENGGARA I", "Provinsi": "NTB", "Kabupaten": "Lombok Timur", "Kecamatan": "Pringgabaya", "Desa / Kel": "Batuyang", "Latitude": -8.55801, "Longitude": 116.62054, "Jenis Infr": "Sumur", "Debit\n(L/d": 14.0, "Kedalaman": 100.0, "Jaringan P": 0.52, "Jumlah Box": 12, "Sprinkler": false, "Luas Layan": 12.0, "Luas Tanam": 12.0, "Luas Tan_1": 13.0, "Peningkata": 1.0, "Unit": false, "Daya (kVA)": null, "Unit_1": false, "Daya (kV_1": null, "Unit_2": false, "Daya (kV_2": null, "Jenis Peke": "Rehabilitasi", "Kegiatan": "Tahap I", "field_29": null, "field_30": null, "field_31": null, "field_32": null, "field_33": null, "field_34": null, "field_35": null, "field_36": null, "field_37": null, "field_38": null }, "geometry": { "type": "Point", "coordinates": [ 116.62054, -8.55801 ] } },
{ "type": "Feature", "properties": { "No.": 87, "Nama Kegia": "SPP.215", "Balai": "BBWS NUSA TENGGARA I", "Provinsi": "NTB", "Kabupaten": "Lombok Timur", "Kecamatan": "Pringgabaya", "Desa / Kel": "Seruni Mumbul", "Latitude": -8.50126, "Longitude": 116.64815, "Jenis Infr": "Sumur", "Debit\n(L/d": null, "Kedalaman": null, "Jaringan P": null, "Jumlah Box": null, "Sprinkler": false, "Luas Layan": null, "Luas Tanam": null, "Luas Tan_1": null, "Peningkata": null, "Unit": false, "Daya (kVA)": null, "Unit_1": false, "Daya (kV_1": null, "Unit_2": false, "Daya (kV_2": null, "Jenis Peke": "Rehabilitasi", "Kegiatan": "Tahap I", "field_29": null, "field_30": null, "field_31": null, "field_32": null, "field_33": null, "field_34": null, "field_35": null, "field_36": null, "field_37": null, "field_38": null }, "geometry": { "type": "Point", "coordinates": [ 116.64815, -8.50126 ] } },
{ "type": "Feature", "properties": { "No.": 88, "Nama Kegia": "SPP.192", "Balai": "BBWS NUSA TENGGARA I", "Provinsi": "NTB", "Kabupaten": "Lombok Timur", "Kecamatan": "Pringgabaya", "Desa / Kel": "Desa Pringgabaya", "Latitude": -8.55681, "Longitude": 116.61513, "Jenis Infr": "Sumur", "Debit\n(L/d": null, "Kedalaman": null, "Jaringan P": null, "Jumlah Box": null, "Sprinkler": false, "Luas Layan": null, "Luas Tanam": null, "Luas Tan_1": null, "Peningkata": null, "Unit": false, "Daya (kVA)": null, "Unit_1": false, "Daya (kV_1": null, "Unit_2": false, "Daya (kV_2": null, "Jenis Peke": "Rehabilitasi", "Kegiatan": "Tahap I", "field_29": null, "field_30": null, "field_31": null, "field_32": null, "field_33": null, "field_34": null, "field_35": null, "field_36": null, "field_37": null, "field_38": null }, "geometry": { "type": "Point", "coordinates": [ 116.61513, -8.55681 ] } },
{ "type": "Feature", "properties": { "No.": 89, "Nama Kegia": "JIAT 1", "Balai": "BBWS NUSA TENGGARA I", "Provinsi": "NTB", "Kabupaten": "Lombok Timur", "Kecamatan": "Pringgabaya", "Desa / Kel": "Seruni Mumbul", "Latitude": -8.48247, "Longitude": 116.656825, "Jenis Infr": "Sumur", "Debit\n(L/d": 16.0, "Kedalaman": 100.0, "Jaringan P": 1.21, "Jumlah Box": 8, "Sprinkler": false, "Luas Layan": 14.27, "Luas Tanam": 0.0, "Luas Tan_1": 11.52, "Peningkata": 11.52, "Unit": true, "Daya (kVA)": 23.0, "Unit_1": false, "Daya (kV_1": null, "Unit_2": false, "Daya (kV_2": null, "Jenis Peke": "Pembangunan", "Kegiatan": "Tahap II", "field_29": null, "field_30": null, "field_31": null, "field_32": null, "field_33": null, "field_34": null, "field_35": null, "field_36": null, "field_37": null, "field_38": null }, "geometry": { "type": "Point", "coordinates": [ 116.656825, -8.48247 ] } },
{ "type": "Feature", "properties": { "No.": 90, "Nama Kegia": "JIAT 2", "Balai": "BBWS NUSA TENGGARA I", "Provinsi": "NTB", "Kabupaten": "Lombok Timur", "Kecamatan": "Pringgabaya", "Desa / Kel": "Seruni Mumbul", "Latitude": -8.481748, "Longitude": 116.658679, "Jenis Infr": "Sumur", "Debit\n(L/d": 16.0, "Kedalaman": 92.0, "Jaringan P": 1.38, "Jumlah Box": 12, "Sprinkler": false, "Luas Layan": 17.13, "Luas Tanam": 0.0, "Luas Tan_1": 17.13, "Peningkata": 17.13, "Unit": true, "Daya (kVA)": 23.0, "Unit_1": false, "Daya (kV_1": null, "Unit_2": false, "Daya (kV_2": null, "Jenis Peke": "Pembangunan", "Kegiatan": "Tahap II", "field_29": null, "field_30": null, "field_31": null, "field_32": null, "field_33": null, "field_34": null, "field_35": null, "field_36": null, "field_37": null, "field_38": null }, "geometry": { "type": "Point", "coordinates": [ 116.658679, -8.481748 ] } },
{ "type": "Feature", "properties": { "No.": 91, "Nama Kegia": "JIAT 3", "Balai": "BBWS NUSA TENGGARA I", "Provinsi": "NTB", "Kabupaten": "Lombok Timur", "Kecamatan": "Pringgabaya", "Desa / Kel": "Seruni Mumbul", "Latitude": -8.486746, "Longitude": 116.653642, "Jenis Infr": "Sumur", "Debit\n(L/d": 15.0, "Kedalaman": 100.0, "Jaringan P": 1.08, "Jumlah Box": 10, "Sprinkler": false, "Luas Layan": 10.55, "Luas Tanam": 0.0, "Luas Tan_1": 10.33, "Peningkata": 10.33, "Unit": false, "Daya (kVA)": null, "Unit_1": true, "Daya (kV_1": "23.1", "Unit_2": false, "Daya (kV_2": null, "Jenis Peke": "Pembangunan", "Kegiatan": "Tahap II", "field_29": null, "field_30": null, "field_31": null, "field_32": null, "field_33": null, "field_34": null, "field_35": null, "field_36": null, "field_37": null, "field_38": null }, "geometry": { "type": "Point", "coordinates": [ 116.653642, -8.486746 ] } },
{ "type": "Feature", "properties": { "No.": 92, "Nama Kegia": "JIAT 4", "Balai": "BBWS NUSA TENGGARA I", "Provinsi": "NTB", "Kabupaten": "Lombok Timur", "Kecamatan": "Pringgabaya", "Desa / Kel": "Seruni Mumbul", "Latitude": -8.488718, "Longitude": 116.654539, "Jenis Infr": "Sumur", "Debit\n(L/d": 15.0, "Kedalaman": 90.0, "Jaringan P": 0.8, "Jumlah Box": 8, "Sprinkler": false, "Luas Layan": 15.0, "Luas Tanam": 0.0, "Luas Tan_1": 15.0, "Peningkata": 15.0, "Unit": true, "Daya (kVA)": 23.0, "Unit_1": false, "Daya (kV_1": null, "Unit_2": false, "Daya (kV_2": null, "Jenis Peke": "Pembangunan", "Kegiatan": "Tahap II", "field_29": null, "field_30": null, "field_31": null, "field_32": null, "field_33": null, "field_34": null, "field_35": null, "field_36": null, "field_37": null, "field_38": null }, "geometry": { "type": "Point", "coordinates": [ 116.654539, -8.488718 ] } },
{ "type": "Feature", "properties": { "No.": 93, "Nama Kegia": "JIAT 5", "Balai": "BBWS NUSA TENGGARA I", "Provinsi": "NTB", "Kabupaten": "Lombok Timur", "Kecamatan": "Pringgabaya", "Desa / Kel": "Seruni Mumbul", "Latitude": -8.483328, "Longitude": 116.645241, "Jenis Infr": "Sumur", "Debit\n(L/d": 10.0, "Kedalaman": 110.0, "Jaringan P": 1.2, "Jumlah Box": 10, "Sprinkler": false, "Luas Layan": 15.11, "Luas Tanam": 0.0, "Luas Tan_1": 14.02, "Peningkata": 14.02, "Unit": false, "Daya (kVA)": null, "Unit_1": true, "Daya (kV_1": "23.1", "Unit_2": false, "Daya (kV_2": null, "Jenis Peke": "Pembangunan", "Kegiatan": "Tahap II", "field_29": null, "field_30": null, "field_31": null, "field_32": null, "field_33": null, "field_34": null, "field_35": null, "field_36": null, "field_37": null, "field_38": null }, "geometry": { "type": "Point", "coordinates": [ 116.645241, -8.483328 ] } },
{ "type": "Feature", "properties": { "No.": 94, "Nama Kegia": "JIAT 6", "Balai": "BBWS NUSA TENGGARA I", "Provinsi": "NTB", "Kabupaten": "Lombok Timur", "Kecamatan": "Pringgabaya", "Desa / Kel": "Seruni Mumbul", "Latitude": -8.497452, "Longitude": 116.649725, "Jenis Infr": "Sumur", "Debit\n(L/d": 15.0, "Kedalaman": 100.0, "Jaringan P": 0.79, "Jumlah Box": 9, "Sprinkler": false, "Luas Layan": 11.59, "Luas Tanam": 0.0, "Luas Tan_1": 14.3, "Peningkata": 14.3, "Unit": false, "Daya (kVA)": null, "Unit_1": true, "Daya (kV_1": "15.4", "Unit_2": false, "Daya (kV_2": null, "Jenis Peke": "Pembangunan", "Kegiatan": "Tahap II", "field_29": null, "field_30": null, "field_31": null, "field_32": null, "field_33": null, "field_34": null, "field_35": null, "field_36": null, "field_37": null, "field_38": null }, "geometry": { "type": "Point", "coordinates": [ 116.649725, -8.497452 ] } },
{ "type": "Feature", "properties": { "No.": 95, "Nama Kegia": "JIAT 7", "Balai": "BBWS NUSA TENGGARA I", "Provinsi": "NTB", "Kabupaten": "Lombok Timur", "Kecamatan": "Pringgabaya", "Desa / Kel": "Gunung Malang", "Latitude": -8.448523, "Longitude": 116.68827, "Jenis Infr": "Sumur", "Debit\n(L/d": 8.5, "Kedalaman": 70.0, "Jaringan P": 1.51, "Jumlah Box": 9, "Sprinkler": false, "Luas Layan": 14.2, "Luas Tanam": 0.0, "Luas Tan_1": 14.27, "Peningkata": 14.27, "Unit": false, "Daya (kVA)": null, "Unit_1": true, "Daya (kV_1": "23.1", "Unit_2": false, "Daya (kV_2": null, "Jenis Peke": "Pembangunan", "Kegiatan": "Tahap II", "field_29": null, "field_30": null, "field_31": null, "field_32": null, "field_33": null, "field_34": null, "field_35": null, "field_36": null, "field_37": null, "field_38": null }, "geometry": { "type": "Point", "coordinates": [ 116.68827, -8.448523 ] } },
{ "type": "Feature", "properties": { "No.": 96, "Nama Kegia": "JIAT 8", "Balai": "BBWS NUSA TENGGARA I", "Provinsi": "NTB", "Kabupaten": "Lombok Timur", "Kecamatan": "Pringgabaya", "Desa / Kel": "Gunung Malang", "Latitude": -8.469225, "Longitude": 116.674253, "Jenis Infr": "Sumur", "Debit\n(L/d": 15.0, "Kedalaman": 75.0, "Jaringan P": 1.26, "Jumlah Box": 10, "Sprinkler": false, "Luas Layan": 15.0, "Luas Tanam": 0.0, "Luas Tan_1": 15.0, "Peningkata": 15.0, "Unit": false, "Daya (kVA)": null, "Unit_1": true, "Daya (kV_1": "23.1", "Unit_2": false, "Daya (kV_2": null, "Jenis Peke": "Pembangunan", "Kegiatan": "Tahap II", "field_29": null, "field_30": null, "field_31": null, "field_32": null, "field_33": null, "field_34": null, "field_35": null, "field_36": null, "field_37": null, "field_38": null }, "geometry": { "type": "Point", "coordinates": [ 116.674253, -8.469225 ] } },
{ "type": "Feature", "properties": { "No.": 97, "Nama Kegia": "JIAT 9", "Balai": "BBWS NUSA TENGGARA I", "Provinsi": "NTB", "Kabupaten": "Lombok Timur", "Kecamatan": "Sakra Timur", "Desa / Kel": "Surabaya Utara", "Latitude": -8.717921, "Longitude": 116.534887, "Jenis Infr": "Sumur", "Debit\n(L/d": 8.0, "Kedalaman": 100.0, "Jaringan P": 0.65, "Jumlah Box": 10, "Sprinkler": false, "Luas Layan": 10.45, "Luas Tanam": 0.0, "Luas Tan_1": 7.0, "Peningkata": 7.0, "Unit": true, "Daya (kVA)": 23.0, "Unit_1": false, "Daya (kV_1": null, "Unit_2": false, "Daya (kV_2": null, "Jenis Peke": "Pembangunan", "Kegiatan": "Tahap II", "field_29": null, "field_30": null, "field_31": null, "field_32": null, "field_33": null, "field_34": null, "field_35": null, "field_36": null, "field_37": null, "field_38": null }, "geometry": { "type": "Point", "coordinates": [ 116.534887, -8.717921 ] } },
{ "type": "Feature", "properties": { "No.": 98, "Nama Kegia": "JIAT 10", "Balai": "BBWS NUSA TENGGARA I", "Provinsi": "NTB", "Kabupaten": "Lombok Timur", "Kecamatan": "Sakra Timur", "Desa / Kel": "Surabaya Utara", "Latitude": -8.713175, "Longitude": 116.529574, "Jenis Infr": "Sumur", "Debit\n(L/d": 13.0, "Kedalaman": 110.0, "Jaringan P": 0.88, "Jumlah Box": 7, "Sprinkler": false, "Luas Layan": 13.0, "Luas Tanam": 0.0, "Luas Tan_1": 13.0, "Peningkata": 13.0, "Unit": true, "Daya (kVA)": 23.0, "Unit_1": false, "Daya (kV_1": null, "Unit_2": false, "Daya (kV_2": null, "Jenis Peke": "Pembangunan", "Kegiatan": "Tahap II", "field_29": null, "field_30": null, "field_31": null, "field_32": null, "field_33": null, "field_34": null, "field_35": null, "field_36": null, "field_37": null, "field_38": null }, "geometry": { "type": "Point", "coordinates": [ 116.529574, -8.713175 ] } },
{ "type": "Feature", "properties": { "No.": 99, "Nama Kegia": "JIAT 11", "Balai": "BBWS NUSA TENGGARA I", "Provinsi": "NTB", "Kabupaten": "Lombok Timur", "Kecamatan": "Sakra Timur", "Desa / Kel": "Surabaya Utara", "Latitude": -8.715313, "Longitude": 116.518245, "Jenis Infr": "Sumur", "Debit\n(L/d": 17.0, "Kedalaman": 100.0, "Jaringan P": 1.01, "Jumlah Box": 8, "Sprinkler": false, "Luas Layan": 17.0, "Luas Tanam": 0.0, "Luas Tan_1": 17.0, "Peningkata": 17.0, "Unit": true, "Daya (kVA)": 23.0, "Unit_1": false, "Daya (kV_1": null, "Unit_2": false, "Daya (kV_2": null, "Jenis Peke": "Pembangunan", "Kegiatan": "Tahap II", "field_29": null, "field_30": null, "field_31": null, "field_32": null, "field_33": null, "field_34": null, "field_35": null, "field_36": null, "field_37": null, "field_38": null }, "geometry": { "type": "Point", "coordinates": [ 116.518245, -8.715313 ] } },
{ "type": "Feature", "properties": { "No.": 100, "Nama Kegia": "JIAT 12", "Balai": "BBWS NUSA TENGGARA I", "Provinsi": "NTB", "Kabupaten": "Lombok Timur", "Kecamatan": "Sakra Timur", "Desa / Kel": "Surabaya Utara", "Latitude": -8.71304, "Longitude": 116.544847, "Jenis Infr": "Sumur", "Debit\n(L/d": 15.0, "Kedalaman": 100.0, "Jaringan P": 1.24, "Jumlah Box": 10, "Sprinkler": false, "Luas Layan": 15.0, "Luas Tanam": 0.0, "Luas Tan_1": 15.0, "Peningkata": 15.0, "Unit": true, "Daya (kVA)": 23.0, "Unit_1": false, "Daya (kV_1": null, "Unit_2": false, "Daya (kV_2": null, "Jenis Peke": "Pembangunan", "Kegiatan": "Tahap II", "field_29": null, "field_30": null, "field_31": null, "field_32": null, "field_33": null, "field_34": null, "field_35": null, "field_36": null, "field_37": null, "field_38": null }, "geometry": { "type": "Point", "coordinates": [ 116.544847, -8.71304 ] } },
{ "type": "Feature", "properties": { "No.": 101, "Nama Kegia": "JIAT 13", "Balai": "BBWS NUSA TENGGARA I", "Provinsi": "NTB", "Kabupaten": "Lombok Timur", "Kecamatan": "Sakra Barat", "Desa / Kel": "Pengkelak Mas", "Latitude": -8.726784, "Longitude": 116.498475, "Jenis Infr": "Sumur", "Debit\n(L/d": 7.5, "Kedalaman": 110.0, "Jaringan P": 1.76, "Jumlah Box": 8, "Sprinkler": false, "Luas Layan": 15.14, "Luas Tanam": 0.0, "Luas Tan_1": 15.14, "Peningkata": 15.14, "Unit": true, "Daya (kVA)": 23.0, "Unit_1": false, "Daya (kV_1": null, "Unit_2": false, "Daya (kV_2": null, "Jenis Peke": "Pembangunan", "Kegiatan": "Tahap II", "field_29": null, "field_30": null, "field_31": null, "field_32": null, "field_33": null, "field_34": null, "field_35": null, "field_36": null, "field_37": null, "field_38": null }, "geometry": { "type": "Point", "coordinates": [ 116.498475, -8.726784 ] } },
{ "type": "Feature", "properties": { "No.": 102, "Nama Kegia": "JIAT 14", "Balai": "BBWS NUSA TENGGARA I", "Provinsi": "NTB", "Kabupaten": "Lombok Timur", "Kecamatan": "Sakra Barat", "Desa / Kel": "Pengkelak Mas", "Latitude": -8.723425, "Longitude": 116.496171, "Jenis Infr": "Sumur", "Debit\n(L/d": 9.0, "Kedalaman": 100.0, "Jaringan P": 1.81, "Jumlah Box": 8, "Sprinkler": false, "Luas Layan": 14.13, "Luas Tanam": 0.0, "Luas Tan_1": 14.13, "Peningkata": 14.13, "Unit": true, "Daya (kVA)": 23.0, "Unit_1": false, "Daya (kV_1": null, "Unit_2": false, "Daya (kV_2": null, "Jenis Peke": "Pembangunan", "Kegiatan": "Tahap II", "field_29": null, "field_30": null, "field_31": null, "field_32": null, "field_33": null, "field_34": null, "field_35": null, "field_36": null, "field_37": null, "field_38": null }, "geometry": { "type": "Point", "coordinates": [ 116.496171, -8.723425 ] } },
{ "type": "Feature", "properties": { "No.": 103, "Nama Kegia": "JIAT 15", "Balai": "BBWS NUSA TENGGARA I", "Provinsi": "NTB", "Kabupaten": "Lombok Timur", "Kecamatan": "Sakra Barat", "Desa / Kel": "Pengkelak Mas", "Latitude": -8.727997, "Longitude": 116.492628, "Jenis Infr": "Sumur", "Debit\n(L/d": 10.0, "Kedalaman": 110.0, "Jaringan P": 1.49, "Jumlah Box": 8, "Sprinkler": false, "Luas Layan": 10.64, "Luas Tanam": 0.0, "Luas Tan_1": 10.64, "Peningkata": 10.64, "Unit": true, "Daya (kVA)": 23.0, "Unit_1": false, "Daya (kV_1": null, "Unit_2": false, "Daya (kV_2": null, "Jenis Peke": "Pembangunan", "Kegiatan": "Tahap II", "field_29": null, "field_30": null, "field_31": null, "field_32": null, "field_33": null, "field_34": null, "field_35": null, "field_36": null, "field_37": null, "field_38": null }, "geometry": { "type": "Point", "coordinates": [ 116.492628, -8.727997 ] } },
{ "type": "Feature", "properties": { "No.": 104, "Nama Kegia": "JIAT 16", "Balai": "BBWS NUSA TENGGARA I", "Provinsi": "NTB", "Kabupaten": "Lombok Timur", "Kecamatan": "Pringgabaya", "Desa / Kel": "Labuhan Lombok", "Latitude": -8.512926, "Longitude": 116.647585, "Jenis Infr": "Sumur", "Debit\n(L/d": 15.0, "Kedalaman": 105.0, "Jaringan P": 1.01, "Jumlah Box": 9, "Sprinkler": false, "Luas Layan": 14.2, "Luas Tanam": 0.0, "Luas Tan_1": 13.82, "Peningkata": 13.82, "Unit": true, "Daya (kVA)": 23.0, "Unit_1": false, "Daya (kV_1": null, "Unit_2": false, "Daya (kV_2": null, "Jenis Peke": "Pembangunan", "Kegiatan": "Tahap II", "field_29": null, "field_30": null, "field_31": null, "field_32": null, "field_33": null, "field_34": null, "field_35": null, "field_36": null, "field_37": null, "field_38": null }, "geometry": { "type": "Point", "coordinates": [ 116.647585, -8.512926 ] } },
{ "type": "Feature", "properties": { "No.": 105, "Nama Kegia": "JIAT 17", "Balai": "BBWS NUSA TENGGARA I", "Provinsi": "NTB", "Kabupaten": "Lombok Timur", "Kecamatan": "Pringgasela", "Desa / Kel": "Pengadangan", "Latitude": -8.563473, "Longitude": 116.488486, "Jenis Infr": "Sumur", "Debit\n(L/d": 17.0, "Kedalaman": 84.0, "Jaringan P": 1.4, "Jumlah Box": 10, "Sprinkler": false, "Luas Layan": 16.82, "Luas Tanam": 0.0, "Luas Tan_1": 14.2, "Peningkata": 14.2, "Unit": true, "Daya (kVA)": 23.0, "Unit_1": false, "Daya (kV_1": null, "Unit_2": false, "Daya (kV_2": null, "Jenis Peke": "Pembangunan", "Kegiatan": "Tahap II", "field_29": null, "field_30": null, "field_31": null, "field_32": null, "field_33": null, "field_34": null, "field_35": null, "field_36": null, "field_37": null, "field_38": null }, "geometry": { "type": "Point", "coordinates": [ 116.488486, -8.563473 ] } },
{ "type": "Feature", "properties": { "No.": 106, "Nama Kegia": "JIAT 18", "Balai": "BBWS NUSA TENGGARA I", "Provinsi": "NTB", "Kabupaten": "Lombok Timur", "Kecamatan": "Sakra Timur", "Desa / Kel": "Lepak Timur", "Latitude": -8.709838, "Longitude": 116.530379, "Jenis Infr": "Sumur", "Debit\n(L/d": 10.0, "Kedalaman": 100.0, "Jaringan P": 1.12, "Jumlah Box": 9, "Sprinkler": false, "Luas Layan": 11.0, "Luas Tanam": 0.0, "Luas Tan_1": 10.12, "Peningkata": 10.12, "Unit": true, "Daya (kVA)": 23.0, "Unit_1": false, "Daya (kV_1": null, "Unit_2": false, "Daya (kV_2": null, "Jenis Peke": "Pembangunan", "Kegiatan": "Tahap II", "field_29": null, "field_30": null, "field_31": null, "field_32": null, "field_33": null, "field_34": null, "field_35": null, "field_36": null, "field_37": null, "field_38": null }, "geometry": { "type": "Point", "coordinates": [ 116.530379, -8.709838 ] } },
{ "type": "Feature", "properties": { "No.": 107, "Nama Kegia": "SWP 13", "Balai": "BBWS NUSA TENGGARA I", "Provinsi": "NTB", "Kabupaten": "Lombok Utara", "Kecamatan": "Gangga", "Desa / Kel": "Rempek", "Latitude": -8.30109, "Longitude": 116.21745, "Jenis Infr": "Sumur", "Debit\n(L/d": 12.0, "Kedalaman": 110.0, "Jaringan P": 0.9, "Jumlah Box": 10, "Sprinkler": false, "Luas Layan": 11.0, "Luas Tanam": 0.0, "Luas Tan_1": 11.0, "Peningkata": 11.0, "Unit": true, "Daya (kVA)": 23.0, "Unit_1": false, "Daya (kV_1": null, "Unit_2": false, "Daya (kV_2": null, "Jenis Peke": "Pembangunan", "Kegiatan": "Tahap I", "field_29": null, "field_30": null, "field_31": null, "field_32": null, "field_33": null, "field_34": null, "field_35": null, "field_36": null, "field_37": null, "field_38": null }, "geometry": { "type": "Point", "coordinates": [ 116.21745, -8.30109 ] } },
{ "type": "Feature", "properties": { "No.": 108, "Nama Kegia": "SWP 14", "Balai": "BBWS NUSA TENGGARA I", "Provinsi": "NTB", "Kabupaten": "Lombok Utara", "Kecamatan": "Gangga", "Desa / Kel": "Segara Katon", "Latitude": -8.32339, "Longitude": 116.20963, "Jenis Infr": "Sumur", "Debit\n(L/d": 12.0, "Kedalaman": 100.0, "Jaringan P": 1.12, "Jumlah Box": 12, "Sprinkler": false, "Luas Layan": 13.0, "Luas Tanam": 0.0, "Luas Tan_1": 13.0, "Peningkata": 13.0, "Unit": true, "Daya (kVA)": 23.0, "Unit_1": false, "Daya (kV_1": null, "Unit_2": false, "Daya (kV_2": null, "Jenis Peke": "Pembangunan", "Kegiatan": "Tahap I", "field_29": null, "field_30": null, "field_31": null, "field_32": null, "field_33": null, "field_34": null, "field_35": null, "field_36": null, "field_37": null, "field_38": null }, "geometry": { "type": "Point", "coordinates": [ 116.20963, -8.32339 ] } },
{ "type": "Feature", "properties": { "No.": 109, "Nama Kegia": "SWP 15", "Balai": "BBWS NUSA TENGGARA I", "Provinsi": "NTB", "Kabupaten": "Lombok Utara", "Kecamatan": "Bayan", "Desa / Kel": "Selengan", "Latitude": -8.25021, "Longitude": 116.30391, "Jenis Infr": "Sumur", "Debit\n(L/d": 15.3, "Kedalaman": 100.0, "Jaringan P": 1.32, "Jumlah Box": 14, "Sprinkler": false, "Luas Layan": 17.0, "Luas Tanam": 0.0, "Luas Tan_1": 17.0, "Peningkata": 17.0, "Unit": true, "Daya (kVA)": 23.0, "Unit_1": false, "Daya (kV_1": null, "Unit_2": false, "Daya (kV_2": null, "Jenis Peke": "Pembangunan", "Kegiatan": "Tahap I", "field_29": null, "field_30": null, "field_31": null, "field_32": null, "field_33": null, "field_34": null, "field_35": null, "field_36": null, "field_37": null, "field_38": null }, "geometry": { "type": "Point", "coordinates": [ 116.30391, -8.25021 ] } },
{ "type": "Feature", "properties": { "No.": 110, "Nama Kegia": "SWP 16", "Balai": "BBWS NUSA TENGGARA I", "Provinsi": "NTB", "Kabupaten": "Lombok Utara", "Kecamatan": "Kayangan", "Desa / Kel": "Kayangan", "Latitude": -8.25072, "Longitude": 116.29189, "Jenis Infr": "Sumur", "Debit\n(L/d": 12.0, "Kedalaman": 100.0, "Jaringan P": 1.03, "Jumlah Box": 14, "Sprinkler": false, "Luas Layan": 14.0, "Luas Tanam": 0.0, "Luas Tan_1": 14.0, "Peningkata": 14.0, "Unit": true, "Daya (kVA)": 23.0, "Unit_1": false, "Daya (kV_1": null, "Unit_2": false, "Daya (kV_2": null, "Jenis Peke": "Pembangunan", "Kegiatan": "Tahap I", "field_29": null, "field_30": null, "field_31": null, "field_32": null, "field_33": null, "field_34": null, "field_35": null, "field_36": null, "field_37": null, "field_38": null }, "geometry": { "type": "Point", "coordinates": [ 116.29189, -8.25072 ] } },
{ "type": "Feature", "properties": { "No.": 111, "Nama Kegia": "SWP 19", "Balai": "BBWS NUSA TENGGARA I", "Provinsi": "NTB", "Kabupaten": "Lombok Utara", "Kecamatan": "Kayangan", "Desa / Kel": "Kayangan", "Latitude": -8.266278, "Longitude": 116.259889, "Jenis Infr": "Sumur", "Debit\n(L/d": 15.0, "Kedalaman": 75.0, "Jaringan P": 1.38, "Jumlah Box": 15, "Sprinkler": false, "Luas Layan": 15.0, "Luas Tanam": 0.0, "Luas Tan_1": 15.0, "Peningkata": 15.0, "Unit": true, "Daya (kVA)": 23.0, "Unit_1": false, "Daya (kV_1": null, "Unit_2": false, "Daya (kV_2": null, "Jenis Peke": "Pembangunan", "Kegiatan": "Tahap I", "field_29": null, "field_30": null, "field_31": null, "field_32": null, "field_33": null, "field_34": null, "field_35": null, "field_36": null, "field_37": null, "field_38": null }, "geometry": { "type": "Point", "coordinates": [ 116.259889, -8.266278 ] } },
{ "type": "Feature", "properties": { "No.": 112, "Nama Kegia": "SWP 20", "Balai": "BBWS NUSA TENGGARA I", "Provinsi": "NTB", "Kabupaten": "Lombok Utara", "Kecamatan": "Kayangan", "Desa / Kel": "Mumbul Sari", "Latitude": -8.240565, "Longitude": 116.328598, "Jenis Infr": "Sumur", "Debit\n(L/d": 12.0, "Kedalaman": 125.0, "Jaringan P": 1.28, "Jumlah Box": 12, "Sprinkler": false, "Luas Layan": 12.0, "Luas Tanam": 0.0, "Luas Tan_1": 12.0, "Peningkata": 12.0, "Unit": true, "Daya (kVA)": 23.0, "Unit_1": false, "Daya (kV_1": null, "Unit_2": false, "Daya (kV_2": null, "Jenis Peke": "Pembangunan", "Kegiatan": "Tahap I", "field_29": null, "field_30": null, "field_31": null, "field_32": null, "field_33": null, "field_34": null, "field_35": null, "field_36": null, "field_37": null, "field_38": null }, "geometry": { "type": "Point", "coordinates": [ 116.328598, -8.240565 ] } },
{ "type": "Feature", "properties": { "No.": 113, "Nama Kegia": "SWP 21", "Balai": "BBWS NUSA TENGGARA I", "Provinsi": "NTB", "Kabupaten": "Lombok Utara", "Kecamatan": "Bayan", "Desa / Kel": "Segenter", "Latitude": -8.233164, "Longitude": 116.382896, "Jenis Infr": "Sumur", "Debit\n(L/d": 12.0, "Kedalaman": 102.0, "Jaringan P": 1.06, "Jumlah Box": 11, "Sprinkler": false, "Luas Layan": 15.26, "Luas Tanam": 0.0, "Luas Tan_1": 15.26, "Peningkata": 15.26, "Unit": true, "Daya (kVA)": 23.0, "Unit_1": false, "Daya (kV_1": null, "Unit_2": false, "Daya (kV_2": null, "Jenis Peke": "Pembangunan", "Kegiatan": "Tahap I", "field_29": null, "field_30": null, "field_31": null, "field_32": null, "field_33": null, "field_34": null, "field_35": null, "field_36": null, "field_37": null, "field_38": null }, "geometry": { "type": "Point", "coordinates": [ 116.382896, -8.233164 ] } },
{ "type": "Feature", "properties": { "No.": 114, "Nama Kegia": "SWP 22", "Balai": "BBWS NUSA TENGGARA I", "Provinsi": "NTB", "Kabupaten": "Lombok Utara", "Kecamatan": "Bayan", "Desa / Kel": "Sukadana", "Latitude": -8.228528, "Longitude": 116.381111, "Jenis Infr": "Sumur", "Debit\n(L/d": 12.0, "Kedalaman": 102.0, "Jaringan P": 1.28, "Jumlah Box": 13, "Sprinkler": false, "Luas Layan": 18.0, "Luas Tanam": 0.0, "Luas Tan_1": 18.0, "Peningkata": 18.0, "Unit": true, "Daya (kVA)": 23.0, "Unit_1": false, "Daya (kV_1": null, "Unit_2": false, "Daya (kV_2": null, "Jenis Peke": "Pembangunan", "Kegiatan": "Tahap I", "field_29": null, "field_30": null, "field_31": null, "field_32": null, "field_33": null, "field_34": null, "field_35": null, "field_36": null, "field_37": null, "field_38": null }, "geometry": { "type": "Point", "coordinates": [ 116.381111, -8.228528 ] } },
{ "type": "Feature", "properties": { "No.": 125, "Nama Kegia": "SWP 25", "Balai": "BBWS NUSA TENGGARA I", "Provinsi": "NTB", "Kabupaten": "Sumbawa", "Kecamatan": "Tarano", "Desa / Kel": "Bantulanteh", "Latitude": -8.742017, "Longitude": 118.008106, "Jenis Infr": "Sumur", "Debit\n(L/d": 15.0, "Kedalaman": 80.0, "Jaringan P": 1.2, "Jumlah Box": 14, "Sprinkler": false, "Luas Layan": 12.0, "Luas Tanam": 0.0, "Luas Tan_1": 12.0, "Peningkata": 12.0, "Unit": true, "Daya (kVA)": 23.0, "Unit_1": false, "Daya (kV_1": null, "Unit_2": false, "Daya (kV_2": null, "Jenis Peke": "Pembangunan", "Kegiatan": "Tahap I", "field_29": null, "field_30": null, "field_31": null, "field_32": null, "field_33": null, "field_34": null, "field_35": null, "field_36": null, "field_37": null, "field_38": null }, "geometry": { "type": "Point", "coordinates": [ 118.008106, -8.742017 ] } },
{ "type": "Feature", "properties": { "No.": 126, "Nama Kegia": "SWP 26", "Balai": "BBWS NUSA TENGGARA I", "Provinsi": "NTB", "Kabupaten": "Sumbawa", "Kecamatan": "Tarano", "Desa / Kel": "Bantulanteh", "Latitude": -8.744622, "Longitude": 118.010906, "Jenis Infr": "Sumur", "Debit\n(L/d": 15.0, "Kedalaman": 65.0, "Jaringan P": 1.24, "Jumlah Box": 15, "Sprinkler": false, "Luas Layan": 15.0, "Luas Tanam": 0.0, "Luas Tan_1": 15.0, "Peningkata": 15.0, "Unit": true, "Daya (kVA)": 23.0, "Unit_1": false, "Daya (kV_1": null, "Unit_2": false, "Daya (kV_2": null, "Jenis Peke": "Pembangunan", "Kegiatan": "Tahap I", "field_29": null, "field_30": null, "field_31": null, "field_32": null, "field_33": null, "field_34": null, "field_35": null, "field_36": null, "field_37": null, "field_38": null }, "geometry": { "type": "Point", "coordinates": [ 118.010906, -8.744622 ] } },
{ "type": "Feature", "properties": { "No.": 127, "Nama Kegia": "SWP 27", "Balai": "BBWS NUSA TENGGARA I", "Provinsi": "NTB", "Kabupaten": "Sumbawa", "Kecamatan": "Tarano", "Desa / Kel": "Banda", "Latitude": -8.720294, "Longitude": 118.037375, "Jenis Infr": "Sumur", "Debit\n(L/d": 15.0, "Kedalaman": 91.1, "Jaringan P": 1.32, "Jumlah Box": 15, "Sprinkler": false, "Luas Layan": 13.0, "Luas Tanam": 0.0, "Luas Tan_1": 13.0, "Peningkata": 13.0, "Unit": true, "Daya (kVA)": 23.0, "Unit_1": false, "Daya (kV_1": null, "Unit_2": false, "Daya (kV_2": null, "Jenis Peke": "Pembangunan", "Kegiatan": "Tahap I", "field_29": null, "field_30": null, "field_31": null, "field_32": null, "field_33": null, "field_34": null, "field_35": null, "field_36": null, "field_37": null, "field_38": null }, "geometry": { "type": "Point", "coordinates": [ 118.037375, -8.720294 ] } },
{ "type": "Feature", "properties": { "No.": 128, "Nama Kegia": "SWP 28", "Balai": "BBWS NUSA TENGGARA I", "Provinsi": "NTB", "Kabupaten": "Sumbawa", "Kecamatan": "Tarano", "Desa / Kel": "Banda", "Latitude": -8.724003, "Longitude": 118.040992, "Jenis Infr": "Sumur", "Debit\n(L/d": 15.0, "Kedalaman": 107.0, "Jaringan P": 1.47, "Jumlah Box": 20, "Sprinkler": false, "Luas Layan": 15.0, "Luas Tanam": 0.0, "Luas Tan_1": 15.0, "Peningkata": 15.0, "Unit": true, "Daya (kVA)": 23.0, "Unit_1": false, "Daya (kV_1": null, "Unit_2": false, "Daya (kV_2": null, "Jenis Peke": "Pembangunan", "Kegiatan": "Tahap I", "field_29": null, "field_30": null, "field_31": null, "field_32": null, "field_33": null, "field_34": null, "field_35": null, "field_36": null, "field_37": null, "field_38": null }, "geometry": { "type": "Point", "coordinates": [ 118.040992, -8.724003 ] } },
{ "type": "Feature", "properties": { "No.": 129, "Nama Kegia": "SWP 29", "Balai": "BBWS NUSA TENGGARA I", "Provinsi": "NTB", "Kabupaten": "Sumbawa", "Kecamatan": "Tarano", "Desa / Kel": "Banda", "Latitude": -8.745522, "Longitude": 118.01145, "Jenis Infr": "Sumur", "Debit\n(L/d": 20.0, "Kedalaman": 100.0, "Jaringan P": 1.28, "Jumlah Box": 15, "Sprinkler": false, "Luas Layan": 12.0, "Luas Tanam": 0.0, "Luas Tan_1": 12.0, "Peningkata": 12.0, "Unit": true, "Daya (kVA)": 23.0, "Unit_1": false, "Daya (kV_1": null, "Unit_2": false, "Daya (kV_2": null, "Jenis Peke": "Pembangunan", "Kegiatan": "Tahap I", "field_29": null, "field_30": null, "field_31": null, "field_32": null, "field_33": null, "field_34": null, "field_35": null, "field_36": null, "field_37": null, "field_38": null }, "geometry": { "type": "Point", "coordinates": [ 118.01145, -8.745522 ] } },
{ "type": "Feature", "properties": { "No.": 130, "Nama Kegia": "SWP 30", "Balai": "BBWS NUSA TENGGARA I", "Provinsi": "NTB", "Kabupaten": "Sumbawa", "Kecamatan": "Buer", "Desa / Kel": "Kalabeso", "Latitude": -8.466767, "Longitude": 117.043944, "Jenis Infr": "Sumur", "Debit\n(L/d": 15.0, "Kedalaman": 100.0, "Jaringan P": 1.24, "Jumlah Box": 15, "Sprinkler": false, "Luas Layan": 15.0, "Luas Tanam": 0.0, "Luas Tan_1": 15.0, "Peningkata": 15.0, "Unit": true, "Daya (kVA)": 23.0, "Unit_1": false, "Daya (kV_1": null, "Unit_2": false, "Daya (kV_2": null, "Jenis Peke": "Pembangunan", "Kegiatan": "Tahap I", "field_29": null, "field_30": null, "field_31": null, "field_32": null, "field_33": null, "field_34": null, "field_35": null, "field_36": null, "field_37": null, "field_38": null }, "geometry": { "type": "Point", "coordinates": [ 117.043944, -8.466767 ] } },
{ "type": "Feature", "properties": { "No.": 131, "Nama Kegia": "SWP 31", "Balai": "BBWS NUSA TENGGARA I", "Provinsi": "NTB", "Kabupaten": "Sumbawa", "Kecamatan": "Empang", "Desa / Kel": "Ongko", "Latitude": -8.735797, "Longitude": 118.041911, "Jenis Infr": "Sumur", "Debit\n(L/d": 15.0, "Kedalaman": 91.0, "Jaringan P": 1.48, "Jumlah Box": 15, "Sprinkler": false, "Luas Layan": 12.0, "Luas Tanam": 0.0, "Luas Tan_1": 12.0, "Peningkata": 12.0, "Unit": true, "Daya (kVA)": 23.0, "Unit_1": false, "Daya (kV_1": null, "Unit_2": false, "Daya (kV_2": null, "Jenis Peke": "Pembangunan", "Kegiatan": "Tahap I", "field_29": null, "field_30": null, "field_31": null, "field_32": null, "field_33": null, "field_34": null, "field_35": null, "field_36": null, "field_37": null, "field_38": null }, "geometry": { "type": "Point", "coordinates": [ 118.041911, -8.735797 ] } },
{ "type": "Feature", "properties": { "No.": 132, "Nama Kegia": "SWP 32", "Balai": "BBWS NUSA TENGGARA I", "Provinsi": "NTB", "Kabupaten": "Sumbawa", "Kecamatan": "Empang", "Desa / Kel": "Ongko", "Latitude": -8.741698, "Longitude": 118.008125, "Jenis Infr": "Sumur", "Debit\n(L/d": 13.0, "Kedalaman": 107.0, "Jaringan P": 1.46, "Jumlah Box": 15, "Sprinkler": false, "Luas Layan": 15.0, "Luas Tanam": 0.0, "Luas Tan_1": 15.0, "Peningkata": 15.0, "Unit": true, "Daya (kVA)": 23.0, "Unit_1": false, "Daya (kV_1": null, "Unit_2": false, "Daya (kV_2": null, "Jenis Peke": "Pembangunan", "Kegiatan": "Tahap I", "field_29": null, "field_30": null, "field_31": null, "field_32": null, "field_33": null, "field_34": null, "field_35": null, "field_36": null, "field_37": null, "field_38": null }, "geometry": { "type": "Point", "coordinates": [ 118.008125, -8.741698 ] } },
{ "type": "Feature", "properties": { "No.": 133, "Nama Kegia": "SPS - 157", "Balai": "BBWS NUSA TENGGARA I", "Provinsi": "NTB", "Kabupaten": "Sumbawa", "Kecamatan": "Tarano", "Desa / Kel": "Banda", "Latitude": -8.725386, "Longitude": 118.033108, "Jenis Infr": "Sumur", "Debit\n(L/d": 20.0, "Kedalaman": 72.0, "Jaringan P": null, "Jumlah Box": null, "Sprinkler": false, "Luas Layan": null, "Luas Tanam": 14.0, "Luas Tan_1": 14.0, "Peningkata": 0.0, "Unit": true, "Daya (kVA)": 23.0, "Unit_1": false, "Daya (kV_1": null, "Unit_2": false, "Daya (kV_2": null, "Jenis Peke": "Rehabilitasi", "Kegiatan": "Tahap I", "field_29": null, "field_30": null, "field_31": null, "field_32": null, "field_33": null, "field_34": null, "field_35": null, "field_36": null, "field_37": null, "field_38": null }, "geometry": { "type": "Point", "coordinates": [ 118.033108, -8.725386 ] } },
{ "type": "Feature", "properties": { "No.": 138, "Nama Kegia": "SPS  - 59 A", "Balai": "BBWS NUSA TENGGARA I", "Provinsi": "NTB", "Kabupaten": "Sumbawa", "Kecamatan": "Buer", "Desa / Kel": "Buin Baru", "Latitude": -8.453067, "Longitude": 117.050403, "Jenis Infr": "Sumur", "Debit\n(L/d": null, "Kedalaman": null, "Jaringan P": null, "Jumlah Box": null, "Sprinkler": false, "Luas Layan": null, "Luas Tanam": null, "Luas Tan_1": null, "Peningkata": null, "Unit": false, "Daya (kVA)": null, "Unit_1": false, "Daya (kV_1": null, "Unit_2": false, "Daya (kV_2": null, "Jenis Peke": "Rehabilitasi", "Kegiatan": "Tahap I", "field_29": null, "field_30": null, "field_31": null, "field_32": null, "field_33": null, "field_34": null, "field_35": null, "field_36": null, "field_37": null, "field_38": null }, "geometry": { "type": "Point", "coordinates": [ 117.050403, -8.453067 ] } },
{ "type": "Feature", "properties": { "No.": 140, "Nama Kegia": "SPS - 59B", "Balai": "BBWS NUSA TENGGARA I", "Provinsi": "NTB", "Kabupaten": "Sumbawa", "Kecamatan": "Buer", "Desa / Kel": "Buin Baru", "Latitude": -8.448547, "Longitude": 117.055431, "Jenis Infr": "Sumur", "Debit\n(L/d": null, "Kedalaman": null, "Jaringan P": null, "Jumlah Box": null, "Sprinkler": false, "Luas Layan": null, "Luas Tanam": null, "Luas Tan_1": null, "Peningkata": null, "Unit": false, "Daya (kVA)": null, "Unit_1": false, "Daya (kV_1": null, "Unit_2": false, "Daya (kV_2": null, "Jenis Peke": "Rehabilitasi", "Kegiatan": "Tahap I", "field_29": null, "field_30": null, "field_31": null, "field_32": null, "field_33": null, "field_34": null, "field_35": null, "field_36": null, "field_37": null, "field_38": null }, "geometry": { "type": "Point", "coordinates": [ 117.055431, -8.448547 ] } },
{ "type": "Feature", "properties": { "No.": 143, "Nama Kegia": "JIAT 19", "Balai": "BBWS NUSA TENGGARA I", "Provinsi": "NTB", "Kabupaten": "Sumbawa", "Kecamatan": "Empang", "Desa / Kel": "Ongko", "Latitude": -8.747654, "Longitude": 118.034758, "Jenis Infr": "Sumur", "Debit\n(L/d": 14.0, "Kedalaman": 107.25, "Jaringan P": 0.96, "Jumlah Box": 10, "Sprinkler": false, "Luas Layan": 14.11, "Luas Tanam": 0.0, "Luas Tan_1": 14.1, "Peningkata": 14.1, "Unit": false, "Daya (kVA)": null, "Unit_1": true, "Daya (kV_1": "23.1", "Unit_2": false, "Daya (kV_2": null, "Jenis Peke": "Pembangunan", "Kegiatan": "Tahap II", "field_29": null, "field_30": null, "field_31": null, "field_32": null, "field_33": null, "field_34": null, "field_35": null, "field_36": null, "field_37": null, "field_38": null }, "geometry": { "type": "Point", "coordinates": [ 118.034758, -8.747654 ] } },
{ "type": "Feature", "properties": { "No.": 144, "Nama Kegia": "JIAT 20", "Balai": "BBWS NUSA TENGGARA I", "Provinsi": "NTB", "Kabupaten": "Sumbawa", "Kecamatan": "Empang", "Desa / Kel": "Ongko", "Latitude": -8.744767, "Longitude": 118.032259, "Jenis Infr": "Sumur", "Debit\n(L/d": 15.0, "Kedalaman": 83.0, "Jaringan P": 1.44, "Jumlah Box": 10, "Sprinkler": false, "Luas Layan": 17.4, "Luas Tanam": 0.0, "Luas Tan_1": 15.0, "Peningkata": 15.0, "Unit": false, "Daya (kVA)": null, "Unit_1": true, "Daya (kV_1": "15.4", "Unit_2": false, "Daya (kV_2": null, "Jenis Peke": "Pembangunan", "Kegiatan": "Tahap II", "field_29": null, "field_30": null, "field_31": null, "field_32": null, "field_33": null, "field_34": null, "field_35": null, "field_36": null, "field_37": null, "field_38": null }, "geometry": { "type": "Point", "coordinates": [ 118.032259, -8.744767 ] } },
{ "type": "Feature", "properties": { "No.": 145, "Nama Kegia": "JIAT 21", "Balai": "BBWS NUSA TENGGARA I", "Provinsi": "NTB", "Kabupaten": "Sumbawa", "Kecamatan": "Tarano", "Desa / Kel": "Banda", "Latitude": -8.71739, "Longitude": 118.045736, "Jenis Infr": "Sumur", "Debit\n(L/d": 14.0, "Kedalaman": 98.0, "Jaringan P": 1.16, "Jumlah Box": 8, "Sprinkler": false, "Luas Layan": 10.7, "Luas Tanam": 0.0, "Luas Tan_1": 10.7, "Peningkata": 10.7, "Unit": false, "Daya (kVA)": null, "Unit_1": true, "Daya (kV_1": "15.4", "Unit_2": false, "Daya (kV_2": null, "Jenis Peke": "Pembangunan", "Kegiatan": "Tahap II", "field_29": null, "field_30": null, "field_31": null, "field_32": null, "field_33": null, "field_34": null, "field_35": null, "field_36": null, "field_37": null, "field_38": null }, "geometry": { "type": "Point", "coordinates": [ 118.045736, -8.71739 ] } },
{ "type": "Feature", "properties": { "No.": 146, "Nama Kegia": "JIAT 22", "Balai": "BBWS NUSA TENGGARA I", "Provinsi": "NTB", "Kabupaten": "Sumbawa", "Kecamatan": "Tarano", "Desa / Kel": "Banda", "Latitude": -8.713809, "Longitude": 118.048853, "Jenis Infr": "Sumur", "Debit\n(L/d": 10.0, "Kedalaman": 107.25, "Jaringan P": 0.83, "Jumlah Box": 8, "Sprinkler": false, "Luas Layan": 10.15, "Luas Tanam": 0.0, "Luas Tan_1": 10.15, "Peningkata": 10.15, "Unit": false, "Daya (kVA)": null, "Unit_1": true, "Daya (kV_1": "23.1", "Unit_2": false, "Daya (kV_2": null, "Jenis Peke": "Pembangunan", "Kegiatan": "Tahap II", "field_29": null, "field_30": null, "field_31": null, "field_32": null, "field_33": null, "field_34": null, "field_35": null, "field_36": null, "field_37": null, "field_38": null }, "geometry": { "type": "Point", "coordinates": [ 118.048853, -8.713809 ] } },
{ "type": "Feature", "properties": { "No.": 147, "Nama Kegia": "JIAT 23", "Balai": "BBWS NUSA TENGGARA I", "Provinsi": "NTB", "Kabupaten": "Sumbawa", "Kecamatan": "Buer", "Desa / Kel": "Kalabeso", "Latitude": -8.477752, "Longitude": 117.050333, "Jenis Infr": "Sumur", "Debit\n(L/d": 9.0, "Kedalaman": 118.0, "Jaringan P": 1.23, "Jumlah Box": 9, "Sprinkler": false, "Luas Layan": 13.55, "Luas Tanam": 0.0, "Luas Tan_1": 13.55, "Peningkata": 13.55, "Unit": false, "Daya (kVA)": null, "Unit_1": true, "Daya (kV_1": "15.4", "Unit_2": false, "Daya (kV_2": null, "Jenis Peke": "Pembangunan", "Kegiatan": "Tahap II", "field_29": null, "field_30": null, "field_31": null, "field_32": null, "field_33": null, "field_34": null, "field_35": null, "field_36": null, "field_37": null, "field_38": null }, "geometry": { "type": "Point", "coordinates": [ 117.050333, -8.477752 ] } },
{ "type": "Feature", "properties": { "No.": 148, "Nama Kegia": "JIAT 24", "Balai": "BBWS NUSA TENGGARA I", "Provinsi": "NTB", "Kabupaten": "Sumbawa", "Kecamatan": "Buer", "Desa / Kel": "Kalabeso", "Latitude": -8.472876, "Longitude": 117.047688, "Jenis Infr": "Sumur", "Debit\n(L/d": 8.0, "Kedalaman": 107.25, "Jaringan P": 0.94, "Jumlah Box": 10, "Sprinkler": false, "Luas Layan": 14.2, "Luas Tanam": 0.0, "Luas Tan_1": 14.17, "Peningkata": 14.17, "Unit": false, "Daya (kVA)": null, "Unit_1": true, "Daya (kV_1": "15.4", "Unit_2": false, "Daya (kV_2": null, "Jenis Peke": "Pembangunan", "Kegiatan": "Tahap II", "field_29": null, "field_30": null, "field_31": null, "field_32": null, "field_33": null, "field_34": null, "field_35": null, "field_36": null, "field_37": null, "field_38": null }, "geometry": { "type": "Point", "coordinates": [ 117.047688, -8.472876 ] } },
{ "type": "Feature", "properties": { "No.": 149, "Nama Kegia": "JIAT 25", "Balai": "BBWS NUSA TENGGARA I", "Provinsi": "NTB", "Kabupaten": "Sumbawa", "Kecamatan": "Buer", "Desa / Kel": "Juru Mapin", "Latitude": -8.469712, "Longitude": 117.033833, "Jenis Infr": "Sumur", "Debit\n(L/d": 12.0, "Kedalaman": 98.0, "Jaringan P": 1.04, "Jumlah Box": 10, "Sprinkler": false, "Luas Layan": 12.28, "Luas Tanam": 0.0, "Luas Tan_1": 12.28, "Peningkata": 12.28, "Unit": false, "Daya (kVA)": null, "Unit_1": true, "Daya (kV_1": "15.4", "Unit_2": false, "Daya (kV_2": null, "Jenis Peke": "Pembangunan", "Kegiatan": "Tahap II", "field_29": null, "field_30": null, "field_31": null, "field_32": null, "field_33": null, "field_34": null, "field_35": null, "field_36": null, "field_37": null, "field_38": null }, "geometry": { "type": "Point", "coordinates": [ 117.033833, -8.469712 ] } },
{ "type": "Feature", "properties": { "No.": 150, "Nama Kegia": "JIAT 26", "Balai": "BBWS NUSA TENGGARA I", "Provinsi": "NTB", "Kabupaten": "Sumbawa", "Kecamatan": "Buer", "Desa / Kel": "Juru Mapin", "Latitude": -8.463941, "Longitude": 117.031489, "Jenis Infr": "Sumur", "Debit\n(L/d": 12.0, "Kedalaman": 92.0, "Jaringan P": 1.04, "Jumlah Box": 10, "Sprinkler": false, "Luas Layan": 12.32, "Luas Tanam": 0.0, "Luas Tan_1": 12.32, "Peningkata": 12.32, "Unit": false, "Daya (kVA)": null, "Unit_1": true, "Daya (kV_1": "15.4", "Unit_2": false, "Daya (kV_2": null, "Jenis Peke": "Pembangunan", "Kegiatan": "Tahap II", "field_29": null, "field_30": null, "field_31": null, "field_32": null, "field_33": null, "field_34": null, "field_35": null, "field_36": null, "field_37": null, "field_38": null }, "geometry": { "type": "Point", "coordinates": [ 117.031489, -8.463941 ] } },
{ "type": "Feature", "properties": { "No.": 151, "Nama Kegia": "AATI 78", "Balai": "BBWS NUSA TENGGARA II", "Provinsi": "NTT", "Kabupaten": "Alor", "Kecamatan": "Alor Timur", "Desa / Kel": "Tanglapui", "Latitude": -8.259361, "Longitude": 124.943, "Jenis Infr": "Sumur", "Debit\n(L/d": 5.0, "Kedalaman": 54.0, "Jaringan P": 1.43, "Jumlah Box": 15, "Sprinkler": false, "Luas Layan": 12.0, "Luas Tanam": 10.0, "Luas Tan_1": 12.0, "Peningkata": 2.0, "Unit": true, "Daya (kVA)": 16.0, "Unit_1": false, "Daya (kV_1": null, "Unit_2": false, "Daya (kV_2": null, "Jenis Peke": "Pembangunan", "Kegiatan": "Tahap I", "field_29": null, "field_30": null, "field_31": null, "field_32": null, "field_33": null, "field_34": null, "field_35": null, "field_36": null, "field_37": null, "field_38": null }, "geometry": { "type": "Point", "coordinates": [ 124.943, -8.259361 ] } },
{ "type": "Feature", "properties": { "No.": 152, "Nama Kegia": "AAPI 79", "Balai": "BBWS NUSA TENGGARA II", "Provinsi": "NTT", "Kabupaten": "Alor", "Kecamatan": "Alor Timur", "Desa / Kel": "Padang Panjang", "Latitude": -8.234675, "Longitude": 124.912467, "Jenis Infr": "Sumur", "Debit\n(L/d": 5.0, "Kedalaman": 44.0, "Jaringan P": 0.85, "Jumlah Box": 11, "Sprinkler": false, "Luas Layan": 9.4, "Luas Tanam": 5.0, "Luas Tan_1": 9.4, "Peningkata": 4.4, "Unit": false, "Daya (kVA)": null, "Unit_1": false, "Daya (kV_1": null, "Unit_2": true, "Daya (kV_2": 15.0, "Jenis Peke": "Pembangunan", "Kegiatan": "Tahap I", "field_29": null, "field_30": null, "field_31": null, "field_32": null, "field_33": null, "field_34": null, "field_35": null, "field_36": null, "field_37": null, "field_38": null }, "geometry": { "type": "Point", "coordinates": [ 124.912467, -8.234675 ] } },
{ "type": "Feature", "properties": { "No.": 153, "Nama Kegia": "APL 01", "Balai": "BBWS NUSA TENGGARA II", "Provinsi": "NTT", "Kabupaten": "Alor", "Kecamatan": "Alor Tengah Utara", "Desa / Kel": "Petleng", "Latitude": -8.212681, "Longitude": 124.581014, "Jenis Infr": "Sumur", "Debit\n(L/d": 5.0, "Kedalaman": 76.0, "Jaringan P": 0.19, "Jumlah Box": 4, "Sprinkler": false, "Luas Layan": 1.68, "Luas Tanam": 1.0, "Luas Tan_1": 1.68, "Peningkata": 0.68, "Unit": true, "Daya (kVA)": 16.0, "Unit_1": false, "Daya (kV_1": null, "Unit_2": false, "Daya (kV_2": null, "Jenis Peke": "Rehabilitasi", "Kegiatan": "Tahap I", "field_29": null, "field_30": null, "field_31": null, "field_32": null, "field_33": null, "field_34": null, "field_35": null, "field_36": null, "field_37": null, "field_38": null }, "geometry": { "type": "Point", "coordinates": [ 124.581014, -8.212681 ] } },
{ "type": "Feature", "properties": { "No.": 154, "Nama Kegia": "API 48", "Balai": "BBWS NUSA TENGGARA II", "Provinsi": "NTT", "Kabupaten": "Alor", "Kecamatan": "Alor Tengah Utara", "Desa / Kel": "Petleng", "Latitude": -8.214331, "Longitude": 124.579269, "Jenis Infr": "Sumur", "Debit\n(L/d": 9.0, "Kedalaman": 55.7, "Jaringan P": 1.0, "Jumlah Box": 6, "Sprinkler": false, "Luas Layan": 2.22, "Luas Tanam": 2.0, "Luas Tan_1": 2.22, "Peningkata": 0.22, "Unit": true, "Daya (kVA)": 16.0, "Unit_1": false, "Daya (kV_1": null, "Unit_2": false, "Daya (kV_2": null, "Jenis Peke": "Rehabilitasi", "Kegiatan": "Tahap I", "field_29": null, "field_30": null, "field_31": null, "field_32": null, "field_33": null, "field_34": null, "field_35": null, "field_36": null, "field_37": null, "field_38": null }, "geometry": { "type": "Point", "coordinates": [ 124.579269, -8.214331 ] } },
{ "type": "Feature", "properties": { "No.": 155, "Nama Kegia": "APL 03", "Balai": "BBWS NUSA TENGGARA II", "Provinsi": "NTT", "Kabupaten": "Alor", "Kecamatan": "Alor Tengah Utara", "Desa / Kel": "Petleng", "Latitude": -8.208678, "Longitude": 124.582061, "Jenis Infr": "Sumur", "Debit\n(L/d": 8.0, "Kedalaman": 72.0, "Jaringan P": 0.7, "Jumlah Box": 12, "Sprinkler": false, "Luas Layan": 4.72, "Luas Tanam": 3.0, "Luas Tan_1": 4.72, "Peningkata": 1.72, "Unit": true, "Daya (kVA)": 16.0, "Unit_1": false, "Daya (kV_1": null, "Unit_2": false, "Daya (kV_2": null, "Jenis Peke": "Rehabilitasi", "Kegiatan": "Tahap I", "field_29": null, "field_30": null, "field_31": null, "field_32": null, "field_33": null, "field_34": null, "field_35": null, "field_36": null, "field_37": null, "field_38": null }, "geometry": { "type": "Point", "coordinates": [ 124.582061, -8.208678 ] } },
{ "type": "Feature", "properties": { "No.": 156, "Nama Kegia": "PFI 150", "Balai": "BBWS NUSA TENGGARA II", "Provinsi": "NTT", "Kabupaten": "Belu", "Kecamatan": "Kakuluk Mesak", "Desa / Kel": "Fatuketi", "Latitude": -9.045889, "Longitude": 124.806417, "Jenis Infr": "Sumur", "Debit\n(L/d": 10.0, "Kedalaman": 77.0, "Jaringan P": 3.58, "Jumlah Box": 0, "Sprinkler": true, "Luas Layan": 13.5, "Luas Tanam": 13.5, "Luas Tan_1": 13.5, "Peningkata": 0.0, "Unit": false, "Daya (kVA)": null, "Unit_1": false, "Daya (kV_1": null, "Unit_2": true, "Daya (kV_2": 15.0, "Jenis Peke": "Rehabilitasi", "Kegiatan": "Tahap I", "field_29": null, "field_30": null, "field_31": null, "field_32": null, "field_33": null, "field_34": null, "field_35": null, "field_36": null, "field_37": null, "field_38": null }, "geometry": { "type": "Point", "coordinates": [ 124.806417, -9.045889 ] } },
{ "type": "Feature", "properties": { "No.": 157, "Nama Kegia": "PFI 151", "Balai": "BBWS NUSA TENGGARA II", "Provinsi": "NTT", "Kabupaten": "Belu", "Kecamatan": "Kakuluk Mesak", "Desa / Kel": "Fatuketi", "Latitude": -9.049503, "Longitude": 124.806592, "Jenis Infr": "Sumur", "Debit\n(L/d": 10.0, "Kedalaman": 71.0, "Jaringan P": 4.38, "Jumlah Box": 0, "Sprinkler": true, "Luas Layan": 16.3, "Luas Tanam": 16.3, "Luas Tan_1": 16.3, "Peningkata": 0.0, "Unit": false, "Daya (kVA)": null, "Unit_1": false, "Daya (kV_1": null, "Unit_2": true, "Daya (kV_2": 15.0, "Jenis Peke": "Rehabilitasi", "Kegiatan": "Tahap I", "field_29": null, "field_30": null, "field_31": null, "field_32": null, "field_33": null, "field_34": null, "field_35": null, "field_36": null, "field_37": null, "field_38": null }, "geometry": { "type": "Point", "coordinates": [ 124.806592, -9.049503 ] } },
{ "type": "Feature", "properties": { "No.": 158, "Nama Kegia": "P 07 KUANITAS", "Balai": "BBWS NUSA TENGGARA II", "Provinsi": "NTT", "Kabupaten": "Belu", "Kecamatan": "Raimanuk", "Desa / Kel": "Leuntolu", "Latitude": -9.300558, "Longitude": 124.854839, "Jenis Infr": "Sumur", "Debit\n(L/d": 14.0, "Kedalaman": 49.0, "Jaringan P": 3.11, "Jumlah Box": 0, "Sprinkler": true, "Luas Layan": 11.7, "Luas Tanam": 11.7, "Luas Tan_1": 11.7, "Peningkata": 0.0, "Unit": false, "Daya (kVA)": null, "Unit_1": false, "Daya (kV_1": null, "Unit_2": true, "Daya (kV_2": 15.0, "Jenis Peke": "Rehabilitasi", "Kegiatan": "Tahap I", "field_29": null, "field_30": null, "field_31": null, "field_32": null, "field_33": null, "field_34": null, "field_35": null, "field_36": null, "field_37": null, "field_38": null }, "geometry": { "type": "Point", "coordinates": [ 124.854839, -9.300558 ] } },
{ "type": "Feature", "properties": { "No.": 159, "Nama Kegia": "P 09", "Balai": "BBWS NUSA TENGGARA II", "Provinsi": "NTT", "Kabupaten": "Belu", "Kecamatan": "Raimanuk", "Desa / Kel": "Leuntolu", "Latitude": -9.308417, "Longitude": 124.852667, "Jenis Infr": "Sumur", "Debit\n(L/d": 10.0, "Kedalaman": 58.0, "Jaringan P": 2.62, "Jumlah Box": 0, "Sprinkler": true, "Luas Layan": 10.4, "Luas Tanam": 10.4, "Luas Tan_1": 10.4, "Peningkata": 0.0, "Unit": false, "Daya (kVA)": null, "Unit_1": false, "Daya (kV_1": null, "Unit_2": true, "Daya (kV_2": 15.0, "Jenis Peke": "Rehabilitasi", "Kegiatan": "Tahap I", "field_29": null, "field_30": null, "field_31": null, "field_32": null, "field_33": null, "field_34": null, "field_35": null, "field_36": null, "field_37": null, "field_38": null }, "geometry": { "type": "Point", "coordinates": [ 124.852667, -9.308417 ] } },
{ "type": "Feature", "properties": { "No.": 160, "Nama Kegia": "AML 122", "Balai": "BBWS NUSA TENGGARA II", "Provinsi": "NTT", "Kabupaten": "Belu", "Kecamatan": "Raimanuk", "Desa / Kel": "Tasain", "Latitude": -9.338389, "Longitude": 124.844547, "Jenis Infr": "Sumur", "Debit\n(L/d": 6.0, "Kedalaman": 44.0, "Jaringan P": 3.29, "Jumlah Box": 0, "Sprinkler": true, "Luas Layan": 12.0, "Luas Tanam": 12.0, "Luas Tan_1": 12.0, "Peningkata": 0.0, "Unit": false, "Daya (kVA)": null, "Unit_1": false, "Daya (kV_1": null, "Unit_2": true, "Daya (kV_2": 15.0, "Jenis Peke": "Rehabilitasi", "Kegiatan": "Tahap I", "field_29": null, "field_30": null, "field_31": null, "field_32": null, "field_33": null, "field_34": null, "field_35": null, "field_36": null, "field_37": null, "field_38": null }, "geometry": { "type": "Point", "coordinates": [ 124.844547, -9.338389 ] } },
{ "type": "Feature", "properties": { "No.": 161, "Nama Kegia": "DWI 31", "Balai": "BBWS NUSA TENGGARA II", "Provinsi": "NTT", "Kabupaten": "Ende", "Kecamatan": "Maukaro", "Desa / Kel": "Mukusaki", "Latitude": -8.564556, "Longitude": 121.614428, "Jenis Infr": "Sumur", "Debit\n(L/d": 5.0, "Kedalaman": 65.0, "Jaringan P": 0.25, "Jumlah Box": 9, "Sprinkler": false, "Luas Layan": 10.0, "Luas Tanam": 5.0, "Luas Tan_1": 10.0, "Peningkata": 5.0, "Unit": true, "Daya (kVA)": 16.0, "Unit_1": false, "Daya (kV_1": null, "Unit_2": false, "Daya (kV_2": null, "Jenis Peke": "Rehabilitasi", "Kegiatan": "Tahap I", "field_29": null, "field_30": null, "field_31": null, "field_32": null, "field_33": null, "field_34": null, "field_35": null, "field_36": null, "field_37": null, "field_38": null }, "geometry": { "type": "Point", "coordinates": [ 121.614428, -8.564556 ] } },
{ "type": "Feature", "properties": { "No.": 162, "Nama Kegia": "DMI 34", "Balai": "BBWS NUSA TENGGARA II", "Provinsi": "NTT", "Kabupaten": "Ende", "Kecamatan": "Maurole", "Desa / Kel": "Maurole", "Latitude": -8.536, "Longitude": 121.807, "Jenis Infr": "Sumur", "Debit\n(L/d": 8.0, "Kedalaman": 62.0, "Jaringan P": 0.15, "Jumlah Box": 6, "Sprinkler": false, "Luas Layan": 8.0, "Luas Tanam": 1.0, "Luas Tan_1": 8.0, "Peningkata": 7.0, "Unit": true, "Daya (kVA)": 16.0, "Unit_1": false, "Daya (kV_1": null, "Unit_2": false, "Daya (kV_2": null, "Jenis Peke": "Rehabilitasi", "Kegiatan": "Tahap I", "field_29": null, "field_30": null, "field_31": null, "field_32": null, "field_33": null, "field_34": null, "field_35": null, "field_36": null, "field_37": null, "field_38": null }, "geometry": { "type": "Point", "coordinates": [ 121.807, -8.536 ] } },
{ "type": "Feature", "properties": { "No.": 163, "Nama Kegia": "DKI 22", "Balai": "BBWS NUSA TENGGARA II", "Provinsi": "NTT", "Kabupaten": "Ende", "Kecamatan": "Kota Baru", "Desa / Kel": "Kota Baru 1", "Latitude": -8.506597, "Longitude": 121.991944, "Jenis Infr": "Sumur", "Debit\n(L/d": 8.0, "Kedalaman": 49.0, "Jaringan P": 0.22, "Jumlah Box": 8, "Sprinkler": false, "Luas Layan": 10.0, "Luas Tanam": 3.0, "Luas Tan_1": 10.0, "Peningkata": 7.0, "Unit": true, "Daya (kVA)": 16.0, "Unit_1": false, "Daya (kV_1": null, "Unit_2": false, "Daya (kV_2": null, "Jenis Peke": "Rehabilitasi", "Kegiatan": "Tahap I", "field_29": null, "field_30": null, "field_31": null, "field_32": null, "field_33": null, "field_34": null, "field_35": null, "field_36": null, "field_37": null, "field_38": null }, "geometry": { "type": "Point", "coordinates": [ 121.991944, -8.506597 ] } },
{ "type": "Feature", "properties": { "No.": 164, "Nama Kegia": "DKI 23", "Balai": "BBWS NUSA TENGGARA II", "Provinsi": "NTT", "Kabupaten": "Ende", "Kecamatan": "Kota Baru", "Desa / Kel": "Kota Baru", "Latitude": -8.501278, "Longitude": 121.997708, "Jenis Infr": "Sumur", "Debit\n(L/d": 10.0, "Kedalaman": 50.0, "Jaringan P": 1.1, "Jumlah Box": 8, "Sprinkler": false, "Luas Layan": 10.0, "Luas Tanam": 5.0, "Luas Tan_1": 10.0, "Peningkata": 5.0, "Unit": true, "Daya (kVA)": 16.0, "Unit_1": false, "Daya (kV_1": null, "Unit_2": false, "Daya (kV_2": null, "Jenis Peke": "Rehabilitasi", "Kegiatan": "Tahap I", "field_29": null, "field_30": null, "field_31": null, "field_32": null, "field_33": null, "field_34": null, "field_35": null, "field_36": null, "field_37": null, "field_38": null }, "geometry": { "type": "Point", "coordinates": [ 121.997708, -8.501278 ] } },
{ "type": "Feature", "properties": { "No.": 165, "Nama Kegia": "DKI 24", "Balai": "BBWS NUSA TENGGARA II", "Provinsi": "NTT", "Kabupaten": "Ende", "Kecamatan": "Kota Baru", "Desa / Kel": "Kota Baru", "Latitude": -8.499292, "Longitude": 122.000458, "Jenis Infr": "Sumur", "Debit\n(L/d": 9.0, "Kedalaman": 55.0, "Jaringan P": 0.1, "Jumlah Box": 8, "Sprinkler": false, "Luas Layan": 10.0, "Luas Tanam": 5.0, "Luas Tan_1": 10.0, "Peningkata": 5.0, "Unit": true, "Daya (kVA)": 16.0, "Unit_1": false, "Daya (kV_1": null, "Unit_2": false, "Daya (kV_2": null, "Jenis Peke": "Rehabilitasi", "Kegiatan": "Tahap I", "field_29": null, "field_30": null, "field_31": null, "field_32": null, "field_33": null, "field_34": null, "field_35": null, "field_36": null, "field_37": null, "field_38": null }, "geometry": { "type": "Point", "coordinates": [ 122.000458, -8.499292 ] } },
{ "type": "Feature", "properties": { "No.": 166, "Nama Kegia": "FEI 18", "Balai": "BBWS NUSA TENGGARA II", "Provinsi": "NTT", "Kabupaten": "Flores Timur", "Kecamatan": "Tanjung Bungan", "Desa / Kel": "Bandona", "Latitude": -8.1725, "Longitude": 122.849528, "Jenis Infr": "Sumur", "Debit\n(L/d": 7.0, "Kedalaman": 50.0, "Jaringan P": 1.0, "Jumlah Box": 6, "Sprinkler": false, "Luas Layan": 10.0, "Luas Tanam": 5.0, "Luas Tan_1": 10.0, "Peningkata": 5.0, "Unit": true, "Daya (kVA)": 16.0, "Unit_1": false, "Daya (kV_1": null, "Unit_2": false, "Daya (kV_2": null, "Jenis Peke": "Rehabilitasi", "Kegiatan": "Tahap I", "field_29": null, "field_30": null, "field_31": null, "field_32": null, "field_33": null, "field_34": null, "field_35": null, "field_36": null, "field_37": null, "field_38": null }, "geometry": { "type": "Point", "coordinates": [ 122.849528, -8.1725 ] } },
{ "type": "Feature", "properties": { "No.": 167, "Nama Kegia": "FWI 27", "Balai": "BBWS NUSA TENGGARA II", "Provinsi": "NTT", "Kabupaten": "Flores Timur", "Kecamatan": "Adonara Timur", "Desa / Kel": "Kiwang Ona", "Latitude": -8.375181, "Longitude": 123.19275, "Jenis Infr": "Sumur", "Debit\n(L/d": 7.0, "Kedalaman": 65.0, "Jaringan P": 1.0, "Jumlah Box": 12, "Sprinkler": false, "Luas Layan": 20.0, "Luas Tanam": 5.0, "Luas Tan_1": 20.0, "Peningkata": 15.0, "Unit": true, "Daya (kVA)": 16.0, "Unit_1": false, "Daya (kV_1": null, "Unit_2": false, "Daya (kV_2": null, "Jenis Peke": "Rehabilitasi", "Kegiatan": "Tahap I", "field_29": null, "field_30": null, "field_31": null, "field_32": null, "field_33": null, "field_34": null, "field_35": null, "field_36": null, "field_37": null, "field_38": null }, "geometry": { "type": "Point", "coordinates": [ 123.19275, -8.375181 ] } },
{ "type": "Feature", "properties": { "No.": 168, "Nama Kegia": "PKNI 308", "Balai": "BBWS NUSA TENGGARA II", "Provinsi": "NTT", "Kabupaten": "Kupang", "Kecamatan": "Kupang Timur", "Desa / Kel": "Nunkurus", "Latitude": -10.07215, "Longitude": 123.838561, "Jenis Infr": "Sumur", "Debit\n(L/d": 5.0, "Kedalaman": 42.0, "Jaringan P": 1.0, "Jumlah Box": 10, "Sprinkler": false, "Luas Layan": 5.0, "Luas Tanam": 1.0, "Luas Tan_1": 5.0, "Peningkata": 4.0, "Unit": true, "Daya (kVA)": 16.0, "Unit_1": false, "Daya (kV_1": null, "Unit_2": false, "Daya (kV_2": null, "Jenis Peke": "Pembangunan", "Kegiatan": "Tahap I", "field_29": null, "field_30": null, "field_31": null, "field_32": null, "field_33": null, "field_34": null, "field_35": null, "field_36": null, "field_37": null, "field_38": null }, "geometry": { "type": "Point", "coordinates": [ 123.838561, -10.07215 ] } },
{ "type": "Feature", "properties": { "No.": 169, "Nama Kegia": "PKBI 309", "Balai": "BBWS NUSA TENGGARA II", "Provinsi": "NTT", "Kabupaten": "Kupang", "Kecamatan": "Kupang Timur", "Desa / Kel": "Babau", "Latitude": -10.101806, "Longitude": 123.789139, "Jenis Infr": "Sumur", "Debit\n(L/d": 6.0, "Kedalaman": 67.0, "Jaringan P": 1.04, "Jumlah Box": 12, "Sprinkler": false, "Luas Layan": 6.0, "Luas Tanam": 1.0, "Luas Tan_1": 6.0, "Peningkata": 5.0, "Unit": true, "Daya (kVA)": 16.0, "Unit_1": false, "Daya (kV_1": null, "Unit_2": false, "Daya (kV_2": null, "Jenis Peke": "Pembangunan", "Kegiatan": "Tahap I", "field_29": null, "field_30": null, "field_31": null, "field_32": null, "field_33": null, "field_34": null, "field_35": null, "field_36": null, "field_37": null, "field_38": null }, "geometry": { "type": "Point", "coordinates": [ 123.789139, -10.101806 ] } },
{ "type": "Feature", "properties": { "No.": 170, "Nama Kegia": "ABNK 303", "Balai": "BBWS NUSA TENGGARA II", "Provinsi": "NTT", "Kabupaten": "Kupang", "Kecamatan": "Kupang Timur", "Desa / Kel": "Naibonat", "Latitude": -10.077869, "Longitude": 123.861328, "Jenis Infr": "Sumur", "Debit\n(L/d": 4.0, "Kedalaman": 50.0, "Jaringan P": 1.0, "Jumlah Box": 10, "Sprinkler": false, "Luas Layan": 9.68, "Luas Tanam": 5.0, "Luas Tan_1": 9.68, "Peningkata": 4.68, "Unit": true, "Daya (kVA)": 16.0, "Unit_1": false, "Daya (kV_1": null, "Unit_2": false, "Daya (kV_2": null, "Jenis Peke": "Pembangunan", "Kegiatan": "Tahap I", "field_29": null, "field_30": null, "field_31": null, "field_32": null, "field_33": null, "field_34": null, "field_35": null, "field_36": null, "field_37": null, "field_38": null }, "geometry": { "type": "Point", "coordinates": [ 123.861328, -10.077869 ] } },
{ "type": "Feature", "properties": { "No.": 171, "Nama Kegia": "PMI 185", "Balai": "BBWS NUSA TENGGARA II", "Provinsi": "NTT", "Kabupaten": "Kupang", "Kecamatan": "Kupang Timur", "Desa / Kel": "Manusak", "Latitude": -10.106583, "Longitude": 123.850444, "Jenis Infr": "Sumur", "Debit\n(L/d": 6.0, "Kedalaman": 55.7, "Jaringan P": 1.0, "Jumlah Box": 6, "Sprinkler": false, "Luas Layan": 10.5, "Luas Tanam": 5.0, "Luas Tan_1": 10.5, "Peningkata": 5.5, "Unit": false, "Daya (kVA)": null, "Unit_1": false, "Daya (kV_1": null, "Unit_2": true, "Daya (kV_2": 15.0, "Jenis Peke": "Rehabilitasi", "Kegiatan": "Tahap I", "field_29": null, "field_30": null, "field_31": null, "field_32": null, "field_33": null, "field_34": null, "field_35": null, "field_36": null, "field_37": null, "field_38": null }, "geometry": { "type": "Point", "coordinates": [ 123.850444, -10.106583 ] } },
{ "type": "Feature", "properties": { "No.": 172, "Nama Kegia": "PPI 131", "Balai": "BBWS NUSA TENGGARA II", "Provinsi": "NTT", "Kabupaten": "Kupang", "Kecamatan": "Kupang Timur", "Desa / Kel": "Manusak", "Latitude": -10.103222, "Longitude": 123.853889, "Jenis Infr": "Sumur", "Debit\n(L/d": 5.0, "Kedalaman": 55.7, "Jaringan P": 1.0, "Jumlah Box": 9, "Sprinkler": false, "Luas Layan": 7.71, "Luas Tanam": 3.0, "Luas Tan_1": 7.71, "Peningkata": 4.71, "Unit": true, "Daya (kVA)": 16.0, "Unit_1": false, "Daya (kV_1": null, "Unit_2": false, "Daya (kV_2": null, "Jenis Peke": "Rehabilitasi", "Kegiatan": "Tahap I", "field_29": null, "field_30": null, "field_31": null, "field_32": null, "field_33": null, "field_34": null, "field_35": null, "field_36": null, "field_37": null, "field_38": null }, "geometry": { "type": "Point", "coordinates": [ 123.853889, -10.103222 ] } },
{ "type": "Feature", "properties": { "No.": 173, "Nama Kegia": "PNI 82", "Balai": "BBWS NUSA TENGGARA II", "Provinsi": "NTT", "Kabupaten": "Kupang", "Kecamatan": "Kupang Timur", "Desa / Kel": "Manusak", "Latitude": -10.092444, "Longitude": 123.869194, "Jenis Infr": "Sumur", "Debit\n(L/d": 6.0, "Kedalaman": 55.7, "Jaringan P": 1.0, "Jumlah Box": 13, "Sprinkler": false, "Luas Layan": 6.68, "Luas Tanam": 3.0, "Luas Tan_1": 6.68, "Peningkata": 3.68, "Unit": false, "Daya (kVA)": null, "Unit_1": false, "Daya (kV_1": null, "Unit_2": true, "Daya (kV_2": 15.0, "Jenis Peke": "Rehabilitasi", "Kegiatan": "Tahap I", "field_29": null, "field_30": null, "field_31": null, "field_32": null, "field_33": null, "field_34": null, "field_35": null, "field_36": null, "field_37": null, "field_38": null }, "geometry": { "type": "Point", "coordinates": [ 123.869194, -10.092444 ] } },
{ "type": "Feature", "properties": { "No.": 174, "Nama Kegia": "POK 222", "Balai": "BBWS NUSA TENGGARA II", "Provinsi": "NTT", "Kabupaten": "Kupang", "Kecamatan": "Kupang Tengah", "Desa / Kel": "Oebelo", "Latitude": -10.111622, "Longitude": 123.756436, "Jenis Infr": "Sumur", "Debit\n(L/d": 5.0, "Kedalaman": 55.7, "Jaringan P": 1.0, "Jumlah Box": 19, "Sprinkler": false, "Luas Layan": 9.84, "Luas Tanam": 5.0, "Luas Tan_1": 9.84, "Peningkata": 4.84, "Unit": true, "Daya (kVA)": 16.0, "Unit_1": false, "Daya (kV_1": null, "Unit_2": false, "Daya (kV_2": null, "Jenis Peke": "Rehabilitasi", "Kegiatan": "Tahap I", "field_29": null, "field_30": null, "field_31": null, "field_32": null, "field_33": null, "field_34": null, "field_35": null, "field_36": null, "field_37": null, "field_38": null }, "geometry": { "type": "Point", "coordinates": [ 123.756436, -10.111622 ] } },
{ "type": "Feature", "properties": { "No.": 175, "Nama Kegia": "PMI 184", "Balai": "BBWS NUSA TENGGARA II", "Provinsi": "NTT", "Kabupaten": "Kupang", "Kecamatan": "Kupang Timur", "Desa / Kel": "Manusak", "Latitude": -10.103561, "Longitude": 123.858033, "Jenis Infr": "Sumur", "Debit\n(L/d": 9.0, "Kedalaman": 55.7, "Jaringan P": 1.0, "Jumlah Box": 12, "Sprinkler": false, "Luas Layan": 8.07, "Luas Tanam": 5.0, "Luas Tan_1": 8.07, "Peningkata": 3.07, "Unit": true, "Daya (kVA)": 16.0, "Unit_1": false, "Daya (kV_1": null, "Unit_2": false, "Daya (kV_2": null, "Jenis Peke": "Rehabilitasi", "Kegiatan": "Tahap I", "field_29": null, "field_30": null, "field_31": null, "field_32": null, "field_33": null, "field_34": null, "field_35": null, "field_36": null, "field_37": null, "field_38": null }, "geometry": { "type": "Point", "coordinates": [ 123.858033, -10.103561 ] } },
{ "type": "Feature", "properties": { "No.": 176, "Nama Kegia": "PNI 78", "Balai": "BBWS NUSA TENGGARA II", "Provinsi": "NTT", "Kabupaten": "Kupang", "Kecamatan": "Kupang Timur", "Desa / Kel": "Manusak", "Latitude": -10.095014, "Longitude": 123.867619, "Jenis Infr": "Sumur", "Debit\n(L/d": 10.0, "Kedalaman": 55.7, "Jaringan P": 1.0, "Jumlah Box": 11, "Sprinkler": false, "Luas Layan": 11.14, "Luas Tanam": 5.0, "Luas Tan_1": 11.14, "Peningkata": 6.14, "Unit": false, "Daya (kVA)": null, "Unit_1": false, "Daya (kV_1": null, "Unit_2": true, "Daya (kV_2": 15.0, "Jenis Peke": "Rehabilitasi", "Kegiatan": "Tahap I", "field_29": null, "field_30": null, "field_31": null, "field_32": null, "field_33": null, "field_34": null, "field_35": null, "field_36": null, "field_37": null, "field_38": null }, "geometry": { "type": "Point", "coordinates": [ 123.867619, -10.095014 ] } },
{ "type": "Feature", "properties": { "No.": 177, "Nama Kegia": "PNI 53", "Balai": "BBWS NUSA TENGGARA II", "Provinsi": "NTT", "Kabupaten": "Kupang", "Kecamatan": "Kupang Timur", "Desa / Kel": "Nunkurus", "Latitude": -10.061883, "Longitude": 123.84705, "Jenis Infr": "Sumur", "Debit\n(L/d": 6.0, "Kedalaman": 55.7, "Jaringan P": 1.0, "Jumlah Box": 11, "Sprinkler": false, "Luas Layan": 10.6, "Luas Tanam": 5.0, "Luas Tan_1": 10.6, "Peningkata": 5.6, "Unit": false, "Daya (kVA)": null, "Unit_1": false, "Daya (kV_1": null, "Unit_2": true, "Daya (kV_2": 15.0, "Jenis Peke": "Rehabilitasi", "Kegiatan": "Tahap I", "field_29": null, "field_30": null, "field_31": null, "field_32": null, "field_33": null, "field_34": null, "field_35": null, "field_36": null, "field_37": null, "field_38": null }, "geometry": { "type": "Point", "coordinates": [ 123.84705, -10.061883 ] } },
{ "type": "Feature", "properties": { "No.": 178, "Nama Kegia": "PPI 133", "Balai": "BBWS NUSA TENGGARA II", "Provinsi": "NTT", "Kabupaten": "Kupang", "Kecamatan": "Kupang Timur", "Desa / Kel": "Manusak", "Latitude": -10.105617, "Longitude": 123.859789, "Jenis Infr": "Sumur", "Debit\n(L/d": 5.0, "Kedalaman": 55.7, "Jaringan P": 1.0, "Jumlah Box": 8, "Sprinkler": false, "Luas Layan": 4.18, "Luas Tanam": 2.0, "Luas Tan_1": 4.18, "Peningkata": 2.18, "Unit": true, "Daya (kVA)": 16.0, "Unit_1": false, "Daya (kV_1": null, "Unit_2": false, "Daya (kV_2": null, "Jenis Peke": "Rehabilitasi", "Kegiatan": "Tahap I", "field_29": null, "field_30": null, "field_31": null, "field_32": null, "field_33": null, "field_34": null, "field_35": null, "field_36": null, "field_37": null, "field_38": null }, "geometry": { "type": "Point", "coordinates": [ 123.859789, -10.105617 ] } },
{ "type": "Feature", "properties": { "No.": 179, "Nama Kegia": "PNI 159", "Balai": "BBWS NUSA TENGGARA II", "Provinsi": "NTT", "Kabupaten": "Kupang", "Kecamatan": "Kupang Timur", "Desa / Kel": "Nunkurus", "Latitude": -10.075719, "Longitude": 123.842367, "Jenis Infr": "Sumur", "Debit\n(L/d": 11.0, "Kedalaman": 55.7, "Jaringan P": 1.0, "Jumlah Box": 10, "Sprinkler": false, "Luas Layan": 12.15, "Luas Tanam": 5.0, "Luas Tan_1": 12.15, "Peningkata": 7.15, "Unit": true, "Daya (kVA)": 16.0, "Unit_1": false, "Daya (kV_1": null, "Unit_2": false, "Daya (kV_2": null, "Jenis Peke": "Rehabilitasi", "Kegiatan": "Tahap I", "field_29": null, "field_30": null, "field_31": null, "field_32": null, "field_33": null, "field_34": null, "field_35": null, "field_36": null, "field_37": null, "field_38": null }, "geometry": { "type": "Point", "coordinates": [ 123.842367, -10.075719 ] } },
{ "type": "Feature", "properties": { "No.": 180, "Nama Kegia": "PNI 50", "Balai": "BBWS NUSA TENGGARA II", "Provinsi": "NTT", "Kabupaten": "Kupang", "Kecamatan": "Kupang Timur", "Desa / Kel": "Nunkurus", "Latitude": -10.063797, "Longitude": 123.845456, "Jenis Infr": "Sumur", "Debit\n(L/d": 5.0, "Kedalaman": 55.7, "Jaringan P": 1.0, "Jumlah Box": 3, "Sprinkler": false, "Luas Layan": 1.81, "Luas Tanam": 1.0, "Luas Tan_1": 1.81, "Peningkata": 0.81, "Unit": false, "Daya (kVA)": null, "Unit_1": false, "Daya (kV_1": null, "Unit_2": true, "Daya (kV_2": 15.0, "Jenis Peke": "Rehabilitasi", "Kegiatan": "Tahap I", "field_29": null, "field_30": null, "field_31": null, "field_32": null, "field_33": null, "field_34": null, "field_35": null, "field_36": null, "field_37": null, "field_38": null }, "geometry": { "type": "Point", "coordinates": [ 123.845456, -10.063797 ] } },
{ "type": "Feature", "properties": { "No.": 181, "Nama Kegia": "LWI 27", "Balai": "BBWS NUSA TENGGARA II", "Provinsi": "NTT", "Kabupaten": "Lembata", "Kecamatan": "Ile Ape", "Desa / Kel": "Watodiri", "Latitude": -8.3425, "Longitude": 123.487028, "Jenis Infr": "Sumur", "Debit\n(L/d": 8.0, "Kedalaman": 70.0, "Jaringan P": 0.94, "Jumlah Box": 22, "Sprinkler": false, "Luas Layan": 10.0, "Luas Tanam": 5.0, "Luas Tan_1": 10.0, "Peningkata": 5.0, "Unit": true, "Daya (kVA)": 16.0, "Unit_1": false, "Daya (kV_1": null, "Unit_2": false, "Daya (kV_2": null, "Jenis Peke": "Rehabilitasi", "Kegiatan": "Tahap I", "field_29": null, "field_30": null, "field_31": null, "field_32": null, "field_33": null, "field_34": null, "field_35": null, "field_36": null, "field_37": null, "field_38": null }, "geometry": { "type": "Point", "coordinates": [ 123.487028, -8.3425 ] } },
{ "type": "Feature", "properties": { "No.": 182, "Nama Kegia": "LMI 11", "Balai": "BBWS NUSA TENGGARA II", "Provinsi": "NTT", "Kabupaten": "Lembata", "Kecamatan": "Nubatukan", "Desa / Kel": "Laranwutun", "Latitude": -8.359944, "Longitude": 123.452306, "Jenis Infr": "Sumur", "Debit\n(L/d": 9.0, "Kedalaman": 60.0, "Jaringan P": 0.15, "Jumlah Box": 14, "Sprinkler": false, "Luas Layan": 4.0, "Luas Tanam": 2.0, "Luas Tan_1": 4.0, "Peningkata": 2.0, "Unit": true, "Daya (kVA)": 16.0, "Unit_1": false, "Daya (kV_1": null, "Unit_2": false, "Daya (kV_2": null, "Jenis Peke": "Rehabilitasi", "Kegiatan": "Tahap I", "field_29": null, "field_30": null, "field_31": null, "field_32": null, "field_33": null, "field_34": null, "field_35": null, "field_36": null, "field_37": null, "field_38": null }, "geometry": { "type": "Point", "coordinates": [ 123.452306, -8.359944 ] } },
{ "type": "Feature", "properties": { "No.": 183, "Nama Kegia": "LMI 03", "Balai": "BBWS NUSA TENGGARA II", "Provinsi": "NTT", "Kabupaten": "Lembata", "Kecamatan": "Ile Ape", "Desa / Kel": "Muruona", "Latitude": -8.355708, "Longitude": 123.476111, "Jenis Infr": "Sumur", "Debit\n(L/d": 6.0, "Kedalaman": 70.0, "Jaringan P": 0.25, "Jumlah Box": 12, "Sprinkler": false, "Luas Layan": 8.0, "Luas Tanam": 2.0, "Luas Tan_1": 8.0, "Peningkata": 6.0, "Unit": true, "Daya (kVA)": 16.0, "Unit_1": false, "Daya (kV_1": null, "Unit_2": false, "Daya (kV_2": null, "Jenis Peke": "Rehabilitasi", "Kegiatan": "Tahap I", "field_29": null, "field_30": null, "field_31": null, "field_32": null, "field_33": null, "field_34": null, "field_35": null, "field_36": null, "field_37": null, "field_38": null }, "geometry": { "type": "Point", "coordinates": [ 123.476111, -8.355708 ] } },
{ "type": "Feature", "properties": { "No.": 184, "Nama Kegia": "LLI 15", "Balai": "BBWS NUSA TENGGARA II", "Provinsi": "NTT", "Kabupaten": "Lembata", "Kecamatan": "Nubatukan", "Desa / Kel": "Laranwutun", "Latitude": -8.353083, "Longitude": 123.469444, "Jenis Infr": "Sumur", "Debit\n(L/d": 9.0, "Kedalaman": 70.0, "Jaringan P": 0.15, "Jumlah Box": 13, "Sprinkler": false, "Luas Layan": 8.0, "Luas Tanam": 3.0, "Luas Tan_1": 8.0, "Peningkata": 5.0, "Unit": true, "Daya (kVA)": 16.0, "Unit_1": false, "Daya (kV_1": null, "Unit_2": false, "Daya (kV_2": null, "Jenis Peke": "Rehabilitasi", "Kegiatan": "Tahap I", "field_29": null, "field_30": null, "field_31": null, "field_32": null, "field_33": null, "field_34": null, "field_35": null, "field_36": null, "field_37": null, "field_38": null }, "geometry": { "type": "Point", "coordinates": [ 123.469444, -8.353083 ] } },
{ "type": "Feature", "properties": { "No.": 185, "Nama Kegia": "BBWI 09", "Balai": "BBWS NUSA TENGGARA II", "Provinsi": "NTT", "Kabupaten": "Malaka", "Kecamatan": "Wewiku", "Desa / Kel": "Weoe", "Latitude": -9.688022, "Longitude": 124.842458, "Jenis Infr": "Sumur", "Debit\n(L/d": 6.5, "Kedalaman": 60.0, "Jaringan P": 0.68, "Jumlah Box": 10, "Sprinkler": false, "Luas Layan": 6.0, "Luas Tanam": 4.0, "Luas Tan_1": 6.0, "Peningkata": 2.0, "Unit": true, "Daya (kVA)": 16.5, "Unit_1": false, "Daya (kV_1": null, "Unit_2": false, "Daya (kV_2": null, "Jenis Peke": "Rehabilitasi", "Kegiatan": "Tahap I", "field_29": null, "field_30": null, "field_31": null, "field_32": null, "field_33": null, "field_34": null, "field_35": null, "field_36": null, "field_37": null, "field_38": null }, "geometry": { "type": "Point", "coordinates": [ 124.842458, -9.688022 ] } },
{ "type": "Feature", "properties": { "No.": 186, "Nama Kegia": "BBWI 02", "Balai": "BBWS NUSA TENGGARA II", "Provinsi": "NTT", "Kabupaten": "Malaka", "Kecamatan": "Wewiku", "Desa / Kel": "Weoe", "Latitude": -9.694156, "Longitude": 124.841064, "Jenis Infr": "Sumur", "Debit\n(L/d": 6.0, "Kedalaman": 55.7, "Jaringan P": 0.5, "Jumlah Box": 7, "Sprinkler": false, "Luas Layan": 4.65, "Luas Tanam": 3.0, "Luas Tan_1": 4.65, "Peningkata": 1.65, "Unit": false, "Daya (kVA)": null, "Unit_1": false, "Daya (kV_1": null, "Unit_2": true, "Daya (kV_2": 6.3, "Jenis Peke": "Rehabilitasi", "Kegiatan": "Tahap I", "field_29": null, "field_30": null, "field_31": null, "field_32": null, "field_33": null, "field_34": null, "field_35": null, "field_36": null, "field_37": null, "field_38": null }, "geometry": { "type": "Point", "coordinates": [ 124.841064, -9.694156 ] } },
{ "type": "Feature", "properties": { "No.": 187, "Nama Kegia": "BBUI 20", "Balai": "BBWS NUSA TENGGARA II", "Provinsi": "NTT", "Kabupaten": "Malaka", "Kecamatan": "Malaka Tengah", "Desa / Kel": "Wehali", "Latitude": -9.5848, "Longitude": 124.900783, "Jenis Infr": "Sumur", "Debit\n(L/d": 6.0, "Kedalaman": 60.0, "Jaringan P": 0.16, "Jumlah Box": 5, "Sprinkler": false, "Luas Layan": 2.39, "Luas Tanam": 2.0, "Luas Tan_1": 2.39, "Peningkata": 0.39, "Unit": true, "Daya (kVA)": 16.0, "Unit_1": false, "Daya (kV_1": null, "Unit_2": false, "Daya (kV_2": null, "Jenis Peke": "Rehabilitasi", "Kegiatan": "Tahap I", "field_29": null, "field_30": null, "field_31": null, "field_32": null, "field_33": null, "field_34": null, "field_35": null, "field_36": null, "field_37": null, "field_38": null }, "geometry": { "type": "Point", "coordinates": [ 124.900783, -9.5848 ] } },
{ "type": "Feature", "properties": { "No.": 188, "Nama Kegia": "BBKI 23", "Balai": "BBWS NUSA TENGGARA II", "Provinsi": "NTT", "Kabupaten": "Malaka", "Kecamatan": "Malaka Tengah", "Desa / Kel": "Bakiruk", "Latitude": -9.580867, "Longitude": 124.8883, "Jenis Infr": "Sumur", "Debit\n(L/d": 14.0, "Kedalaman": 60.0, "Jaringan P": 0.19, "Jumlah Box": 5, "Sprinkler": false, "Luas Layan": 2.89, "Luas Tanam": 2.0, "Luas Tan_1": 2.89, "Peningkata": 0.89, "Unit": true, "Daya (kVA)": 16.0, "Unit_1": false, "Daya (kV_1": null, "Unit_2": false, "Daya (kV_2": null, "Jenis Peke": "Rehabilitasi", "Kegiatan": "Tahap I", "field_29": null, "field_30": null, "field_31": null, "field_32": null, "field_33": null, "field_34": null, "field_35": null, "field_36": null, "field_37": null, "field_38": null }, "geometry": { "type": "Point", "coordinates": [ 124.8883, -9.580867 ] } },
{ "type": "Feature", "properties": { "No.": 189, "Nama Kegia": "ITW 02", "Balai": "BBWS NUSA TENGGARA II", "Provinsi": "NTT", "Kabupaten": "Manggarai Barat", "Kecamatan": "Boleng", "Desa / Kel": "Sepang", "Latitude": -8.487125, "Longitude": 120.075533, "Jenis Infr": "Sumur", "Debit\n(L/d": 5.0, "Kedalaman": 73.0, "Jaringan P": 0.1, "Jumlah Box": 17, "Sprinkler": false, "Luas Layan": 10.0, "Luas Tanam": 5.0, "Luas Tan_1": 10.0, "Peningkata": 5.0, "Unit": true, "Daya (kVA)": 16.0, "Unit_1": false, "Daya (kV_1": null, "Unit_2": false, "Daya (kV_2": null, "Jenis Peke": "Rehabilitasi", "Kegiatan": "Tahap I", "field_29": null, "field_30": null, "field_31": null, "field_32": null, "field_33": null, "field_34": null, "field_35": null, "field_36": null, "field_37": null, "field_38": null }, "geometry": { "type": "Point", "coordinates": [ 120.075533, -8.487125 ] } },
{ "type": "Feature", "properties": { "No.": 190, "Nama Kegia": "ITW 10", "Balai": "BBWS NUSA TENGGARA II", "Provinsi": "NTT", "Kabupaten": "Manggarai Barat", "Kecamatan": "Boleng", "Desa / Kel": "Beosepang", "Latitude": -8.489617, "Longitude": 120.070575, "Jenis Infr": "Sumur", "Debit\n(L/d": 6.0, "Kedalaman": 72.0, "Jaringan P": 0.0, "Jumlah Box": 22, "Sprinkler": false, "Luas Layan": 10.0, "Luas Tanam": 4.0, "Luas Tan_1": 10.0, "Peningkata": 6.0, "Unit": true, "Daya (kVA)": 16.0, "Unit_1": false, "Daya (kV_1": null, "Unit_2": false, "Daya (kV_2": null, "Jenis Peke": "Rehabilitasi", "Kegiatan": "Tahap I", "field_29": null, "field_30": null, "field_31": null, "field_32": null, "field_33": null, "field_34": null, "field_35": null, "field_36": null, "field_37": null, "field_38": null }, "geometry": { "type": "Point", "coordinates": [ 120.070575, -8.489617 ] } },
{ "type": "Feature", "properties": { "No.": 191, "Nama Kegia": "ITW 08", "Balai": "BBWS NUSA TENGGARA II", "Provinsi": "NTT", "Kabupaten": "Manggarai Barat", "Kecamatan": "Boleng", "Desa / Kel": "Golosepang", "Latitude": -8.460425, "Longitude": 120.073775, "Jenis Infr": "Sumur", "Debit\n(L/d": 5.0, "Kedalaman": 74.0, "Jaringan P": 0.12, "Jumlah Box": 8, "Sprinkler": false, "Luas Layan": 6.0, "Luas Tanam": 3.0, "Luas Tan_1": 6.0, "Peningkata": 3.0, "Unit": true, "Daya (kVA)": 16.0, "Unit_1": false, "Daya (kV_1": null, "Unit_2": false, "Daya (kV_2": null, "Jenis Peke": "Rehabilitasi", "Kegiatan": "Tahap I", "field_29": null, "field_30": null, "field_31": null, "field_32": null, "field_33": null, "field_34": null, "field_35": null, "field_36": null, "field_37": null, "field_38": null }, "geometry": { "type": "Point", "coordinates": [ 120.073775, -8.460425 ] } },
{ "type": "Feature", "properties": { "No.": 192, "Nama Kegia": "ITW 04", "Balai": "BBWS NUSA TENGGARA II", "Provinsi": "NTT", "Kabupaten": "Manggarai Barat", "Kecamatan": "Boleng", "Desa / Kel": "Mbuit", "Latitude": -8.491111, "Longitude": 120.079878, "Jenis Infr": "Sumur", "Debit\n(L/d": 5.0, "Kedalaman": 53.0, "Jaringan P": 0.7, "Jumlah Box": 11, "Sprinkler": false, "Luas Layan": 10.0, "Luas Tanam": 3.0, "Luas Tan_1": 10.0, "Peningkata": 7.0, "Unit": true, "Daya (kVA)": 16.0, "Unit_1": false, "Daya (kV_1": null, "Unit_2": false, "Daya (kV_2": null, "Jenis Peke": "Rehabilitasi", "Kegiatan": "Tahap I", "field_29": null, "field_30": null, "field_31": null, "field_32": null, "field_33": null, "field_34": null, "field_35": null, "field_36": null, "field_37": null, "field_38": null }, "geometry": { "type": "Point", "coordinates": [ 120.079878, -8.491111 ] } },
{ "type": "Feature", "properties": { "No.": 193, "Nama Kegia": "TCBI 33", "Balai": "BBWS NUSA TENGGARA II", "Provinsi": "NTT", "Kabupaten": "Manggarai Timur", "Kecamatan": "Borong", "Desa / Kel": "Compang Ndejing", "Latitude": -8.807222, "Longitude": 120.563889, "Jenis Infr": "Sumur", "Debit\n(L/d": 11.0, "Kedalaman": 60.0, "Jaringan P": 1.2, "Jumlah Box": 14, "Sprinkler": false, "Luas Layan": 10.0, "Luas Tanam": 5.0, "Luas Tan_1": 10.0, "Peningkata": 5.0, "Unit": true, "Daya (kVA)": 16.0, "Unit_1": false, "Daya (kV_1": null, "Unit_2": false, "Daya (kV_2": null, "Jenis Peke": "Pembangunan", "Kegiatan": "Tahap I", "field_29": null, "field_30": null, "field_31": null, "field_32": null, "field_33": null, "field_34": null, "field_35": null, "field_36": null, "field_37": null, "field_38": null }, "geometry": { "type": "Point", "coordinates": [ 120.563889, -8.807222 ] } },
{ "type": "Feature", "properties": { "No.": 194, "Nama Kegia": "MTMI 29", "Balai": "BBWS NUSA TENGGARA II", "Provinsi": "NTT", "Kabupaten": "Manggarai Timur", "Kecamatan": "Borong", "Desa / Kel": "Compang Ndejing", "Latitude": -8.810278, "Longitude": 120.562361, "Jenis Infr": "Sumur", "Debit\n(L/d": 9.0, "Kedalaman": 68.0, "Jaringan P": 1.4, "Jumlah Box": 16, "Sprinkler": false, "Luas Layan": 8.0, "Luas Tanam": 8.0, "Luas Tan_1": 8.0, "Peningkata": 0.0, "Unit": true, "Daya (kVA)": 16.0, "Unit_1": false, "Daya (kV_1": null, "Unit_2": false, "Daya (kV_2": null, "Jenis Peke": "Pembangunan", "Kegiatan": "Tahap I", "field_29": null, "field_30": null, "field_31": null, "field_32": null, "field_33": null, "field_34": null, "field_35": null, "field_36": null, "field_37": null, "field_38": null }, "geometry": { "type": "Point", "coordinates": [ 120.562361, -8.810278 ] } },
{ "type": "Feature", "properties": { "No.": 195, "Nama Kegia": "TNBI 34", "Balai": "BBWS NUSA TENGGARA II", "Provinsi": "NTT", "Kabupaten": "Manggarai Timur", "Kecamatan": "Borong", "Desa / Kel": "Nanga Labang", "Latitude": -8.8141, "Longitude": 120.574, "Jenis Infr": "Sumur", "Debit\n(L/d": 5.0, "Kedalaman": 65.0, "Jaringan P": 1.15, "Jumlah Box": 13, "Sprinkler": false, "Luas Layan": 10.0, "Luas Tanam": 5.0, "Luas Tan_1": 10.0, "Peningkata": 5.0, "Unit": true, "Daya (kVA)": 16.0, "Unit_1": false, "Daya (kV_1": null, "Unit_2": false, "Daya (kV_2": null, "Jenis Peke": "Pembangunan", "Kegiatan": "Tahap I", "field_29": null, "field_30": null, "field_31": null, "field_32": null, "field_33": null, "field_34": null, "field_35": null, "field_36": null, "field_37": null, "field_38": null }, "geometry": { "type": "Point", "coordinates": [ 120.574, -8.8141 ] } },
{ "type": "Feature", "properties": { "No.": 196, "Nama Kegia": "MTBI 26", "Balai": "BBWS NUSA TENGGARA II", "Provinsi": "NTT", "Kabupaten": "Manggarai Timur", "Kecamatan": "Borong", "Desa / Kel": "Compang Ndejing", "Latitude": -8.808069, "Longitude": 120.561, "Jenis Infr": "Sumur", "Debit\n(L/d": 10.0, "Kedalaman": 74.0, "Jaringan P": 0.04, "Jumlah Box": 13, "Sprinkler": false, "Luas Layan": 10.0, "Luas Tanam": 8.0, "Luas Tan_1": 10.0, "Peningkata": 2.0, "Unit": true, "Daya (kVA)": 16.0, "Unit_1": false, "Daya (kV_1": null, "Unit_2": false, "Daya (kV_2": null, "Jenis Peke": "Rehabilitasi", "Kegiatan": "Tahap I", "field_29": null, "field_30": null, "field_31": null, "field_32": null, "field_33": null, "field_34": null, "field_35": null, "field_36": null, "field_37": null, "field_38": null }, "geometry": { "type": "Point", "coordinates": [ 120.561, -8.808069 ] } },
{ "type": "Feature", "properties": { "No.": 197, "Nama Kegia": "MT 10", "Balai": "BBWS NUSA TENGGARA II", "Provinsi": "NTT", "Kabupaten": "Manggarai Timur", "Kecamatan": "Sambirampas", "Desa / Kel": "Pota", "Latitude": -8.353222, "Longitude": 120.762625, "Jenis Infr": "Sumur", "Debit\n(L/d": 6.0, "Kedalaman": 62.0, "Jaringan P": 0.16, "Jumlah Box": 5, "Sprinkler": false, "Luas Layan": 10.0, "Luas Tanam": 2.0, "Luas Tan_1": 10.0, "Peningkata": 8.0, "Unit": true, "Daya (kVA)": 16.0, "Unit_1": false, "Daya (kV_1": null, "Unit_2": false, "Daya (kV_2": null, "Jenis Peke": "Rehabilitasi", "Kegiatan": "Tahap I", "field_29": null, "field_30": null, "field_31": null, "field_32": null, "field_33": null, "field_34": null, "field_35": null, "field_36": null, "field_37": null, "field_38": null }, "geometry": { "type": "Point", "coordinates": [ 120.762625, -8.353222 ] } },
{ "type": "Feature", "properties": { "No.": 198, "Nama Kegia": "MT 02", "Balai": "BBWS NUSA TENGGARA II", "Provinsi": "NTT", "Kabupaten": "Manggarai Timur", "Kecamatan": "Sambirampas", "Desa / Kel": "Nangabaras", "Latitude": -8.351517, "Longitude": 120.730617, "Jenis Infr": "Sumur", "Debit\n(L/d": 5.0, "Kedalaman": 67.0, "Jaringan P": 0.37, "Jumlah Box": 5, "Sprinkler": false, "Luas Layan": 10.0, "Luas Tanam": 5.0, "Luas Tan_1": 10.0, "Peningkata": 5.0, "Unit": true, "Daya (kVA)": 16.0, "Unit_1": false, "Daya (kV_1": null, "Unit_2": false, "Daya (kV_2": null, "Jenis Peke": "Rehabilitasi", "Kegiatan": "Tahap I", "field_29": null, "field_30": null, "field_31": null, "field_32": null, "field_33": null, "field_34": null, "field_35": null, "field_36": null, "field_37": null, "field_38": null }, "geometry": { "type": "Point", "coordinates": [ 120.730617, -8.351517 ] } },
{ "type": "Feature", "properties": { "No.": 199, "Nama Kegia": "MT 04", "Balai": "BBWS NUSA TENGGARA II", "Provinsi": "NTT", "Kabupaten": "Manggarai Timur", "Kecamatan": "Sambirampas", "Desa / Kel": "Pota", "Latitude": -8.355906, "Longitude": 120.733325, "Jenis Infr": "Sumur", "Debit\n(L/d": 5.0, "Kedalaman": 68.0, "Jaringan P": 0.43, "Jumlah Box": 7, "Sprinkler": false, "Luas Layan": 10.0, "Luas Tanam": 8.0, "Luas Tan_1": 10.0, "Peningkata": 2.0, "Unit": true, "Daya (kVA)": 16.0, "Unit_1": false, "Daya (kV_1": null, "Unit_2": false, "Daya (kV_2": null, "Jenis Peke": "Rehabilitasi", "Kegiatan": "Tahap I", "field_29": null, "field_30": null, "field_31": null, "field_32": null, "field_33": null, "field_34": null, "field_35": null, "field_36": null, "field_37": null, "field_38": null }, "geometry": { "type": "Point", "coordinates": [ 120.733325, -8.355906 ] } },
{ "type": "Feature", "properties": { "No.": 200, "Nama Kegia": "NMI 11", "Balai": "BBWS NUSA TENGGARA II", "Provinsi": "NTT", "Kabupaten": "Nagekeo", "Kecamatan": "Aesesa", "Desa / Kel": "Ola'ia", "Latitude": -8.634917, "Longitude": 121.323056, "Jenis Infr": "Sumur", "Debit\n(L/d": 10.0, "Kedalaman": 67.0, "Jaringan P": 0.26, "Jumlah Box": 12, "Sprinkler": false, "Luas Layan": 10.0, "Luas Tanam": 5.0, "Luas Tan_1": 10.0, "Peningkata": 5.0, "Unit": true, "Daya (kVA)": 16.0, "Unit_1": false, "Daya (kV_1": null, "Unit_2": false, "Daya (kV_2": null, "Jenis Peke": "Rehabilitasi", "Kegiatan": "Tahap I", "field_29": null, "field_30": null, "field_31": null, "field_32": null, "field_33": null, "field_34": null, "field_35": null, "field_36": null, "field_37": null, "field_38": null }, "geometry": { "type": "Point", "coordinates": [ 121.323056, -8.634917 ] } },
{ "type": "Feature", "properties": { "No.": 201, "Nama Kegia": "OATI 35", "Balai": "BBWS NUSA TENGGARA II", "Provinsi": "NTT", "Kabupaten": "Nagekeo", "Kecamatan": "Aesesa", "Desa / Kel": "Towak", "Latitude": -8.539972, "Longitude": 121.256556, "Jenis Infr": "Sumur", "Debit\n(L/d": 5.0, "Kedalaman": 63.0, "Jaringan P": 1.01, "Jumlah Box": 5, "Sprinkler": false, "Luas Layan": 10.0, "Luas Tanam": 5.0, "Luas Tan_1": 10.0, "Peningkata": 5.0, "Unit": true, "Daya (kVA)": 16.0, "Unit_1": false, "Daya (kV_1": null, "Unit_2": false, "Daya (kV_2": null, "Jenis Peke": "Rehabilitasi", "Kegiatan": "Tahap I", "field_29": null, "field_30": null, "field_31": null, "field_32": null, "field_33": null, "field_34": null, "field_35": null, "field_36": null, "field_37": null, "field_38": null }, "geometry": { "type": "Point", "coordinates": [ 121.256556, -8.539972 ] } },
{ "type": "Feature", "properties": { "No.": 202, "Nama Kegia": "OANI 35", "Balai": "BBWS NUSA TENGGARA II", "Provinsi": "NTT", "Kabupaten": "Nagekeo", "Kecamatan": "Aesesa", "Desa / Kel": "Nila Mbay 2", "Latitude": -8.512594, "Longitude": 121.27565, "Jenis Infr": "Sumur", "Debit\n(L/d": 10.0, "Kedalaman": 63.0, "Jaringan P": 0.2, "Jumlah Box": 8, "Sprinkler": false, "Luas Layan": 9.0, "Luas Tanam": 5.0, "Luas Tan_1": 9.0, "Peningkata": 4.0, "Unit": true, "Daya (kVA)": 16.0, "Unit_1": false, "Daya (kV_1": null, "Unit_2": false, "Daya (kV_2": null, "Jenis Peke": "Rehabilitasi", "Kegiatan": "Tahap I", "field_29": null, "field_30": null, "field_31": null, "field_32": null, "field_33": null, "field_34": null, "field_35": null, "field_36": null, "field_37": null, "field_38": null }, "geometry": { "type": "Point", "coordinates": [ 121.27565, -8.512594 ] } },
{ "type": "Feature", "properties": { "No.": 203, "Nama Kegia": "OANI 38", "Balai": "BBWS NUSA TENGGARA II", "Provinsi": "NTT", "Kabupaten": "Nagekeo", "Kecamatan": "Aesesa", "Desa / Kel": "Alorongga, Mbay I", "Latitude": -8.552278, "Longitude": 121.27125, "Jenis Infr": "Sumur", "Debit\n(L/d": 8.0, "Kedalaman": 63.0, "Jaringan P": 1.0, "Jumlah Box": 10, "Sprinkler": false, "Luas Layan": 10.0, "Luas Tanam": 5.0, "Luas Tan_1": 10.0, "Peningkata": 5.0, "Unit": false, "Daya (kVA)": null, "Unit_1": false, "Daya (kV_1": null, "Unit_2": true, "Daya (kV_2": 15.0, "Jenis Peke": "Rehabilitasi", "Kegiatan": "Tahap I", "field_29": null, "field_30": null, "field_31": null, "field_32": null, "field_33": null, "field_34": null, "field_35": null, "field_36": null, "field_37": null, "field_38": null }, "geometry": { "type": "Point", "coordinates": [ 121.27125, -8.552278 ] } },
{ "type": "Feature", "properties": { "No.": 204, "Nama Kegia": "OAA 21", "Balai": "BBWS NUSA TENGGARA II", "Provinsi": "NTT", "Kabupaten": "Nagekeo", "Kecamatan": "Aesesa", "Desa / Kel": "Aeramo", "Latitude": -8.574844, "Longitude": 121.336992, "Jenis Infr": "Sumur", "Debit\n(L/d": 8.0, "Kedalaman": 64.0, "Jaringan P": 0.44, "Jumlah Box": 5, "Sprinkler": false, "Luas Layan": 5.0, "Luas Tanam": 5.0, "Luas Tan_1": 5.0, "Peningkata": 0.0, "Unit": true, "Daya (kVA)": 16.0, "Unit_1": false, "Daya (kV_1": null, "Unit_2": false, "Daya (kV_2": null, "Jenis Peke": "Rehabilitasi", "Kegiatan": "Tahap I", "field_29": null, "field_30": null, "field_31": null, "field_32": null, "field_33": null, "field_34": null, "field_35": null, "field_36": null, "field_37": null, "field_38": null }, "geometry": { "type": "Point", "coordinates": [ 121.336992, -8.574844 ] } },
{ "type": "Feature", "properties": { "No.": 205, "Nama Kegia": "NRI 38", "Balai": "BBWS NUSA TENGGARA II", "Provinsi": "NTT", "Kabupaten": "Ngada", "Kecamatan": "Riung", "Desa / Kel": "Makitakor Lengkosambi Barat Daya", "Latitude": -8.449064, "Longitude": 121.120319, "Jenis Infr": "Sumur", "Debit\n(L/d": 9.0, "Kedalaman": 68.0, "Jaringan P": 1.62, "Jumlah Box": 18, "Sprinkler": false, "Luas Layan": 9.68, "Luas Tanam": 5.0, "Luas Tan_1": 9.68, "Peningkata": 4.68, "Unit": true, "Daya (kVA)": 16.0, "Unit_1": false, "Daya (kV_1": null, "Unit_2": false, "Daya (kV_2": null, "Jenis Peke": "Pembangunan", "Kegiatan": "Tahap I", "field_29": null, "field_30": null, "field_31": null, "field_32": null, "field_33": null, "field_34": null, "field_35": null, "field_36": null, "field_37": null, "field_38": null }, "geometry": { "type": "Point", "coordinates": [ 121.120319, -8.449064 ] } },
{ "type": "Feature", "properties": { "No.": 206, "Nama Kegia": "NRMI 41", "Balai": "BBWS NUSA TENGGARA II", "Provinsi": "NTT", "Kabupaten": "Ngada", "Kecamatan": "Riung", "Desa / Kel": "Purwaso Lengkosambi Timur", "Latitude": -8.441756, "Longitude": 121.144814, "Jenis Infr": "Sumur", "Debit\n(L/d": 10.0, "Kedalaman": 66.0, "Jaringan P": 1.35, "Jumlah Box": 14, "Sprinkler": false, "Luas Layan": 12.0, "Luas Tanam": 10.0, "Luas Tan_1": 12.0, "Peningkata": 2.0, "Unit": true, "Daya (kVA)": 16.0, "Unit_1": false, "Daya (kV_1": null, "Unit_2": false, "Daya (kV_2": null, "Jenis Peke": "Pembangunan", "Kegiatan": "Tahap I", "field_29": null, "field_30": null, "field_31": null, "field_32": null, "field_33": null, "field_34": null, "field_35": null, "field_36": null, "field_37": null, "field_38": null }, "geometry": { "type": "Point", "coordinates": [ 121.144814, -8.441756 ] } },
{ "type": "Feature", "properties": { "No.": 207, "Nama Kegia": "NRI 34", "Balai": "BBWS NUSA TENGGARA II", "Provinsi": "NTT", "Kabupaten": "Ngada", "Kecamatan": "Riung", "Desa / Kel": "Bobelek Lengkosambi Timur", "Latitude": -8.447247, "Longitude": 121.151022, "Jenis Infr": "Sumur", "Debit\n(L/d": 9.0, "Kedalaman": 63.0, "Jaringan P": 1.34, "Jumlah Box": 15, "Sprinkler": false, "Luas Layan": 14.0, "Luas Tanam": 10.0, "Luas Tan_1": 14.0, "Peningkata": 4.0, "Unit": true, "Daya (kVA)": 16.0, "Unit_1": false, "Daya (kV_1": null, "Unit_2": false, "Daya (kV_2": null, "Jenis Peke": "Pembangunan", "Kegiatan": "Tahap I", "field_29": null, "field_30": null, "field_31": null, "field_32": null, "field_33": null, "field_34": null, "field_35": null, "field_36": null, "field_37": null, "field_38": null }, "geometry": { "type": "Point", "coordinates": [ 121.151022, -8.447247 ] } },
{ "type": "Feature", "properties": { "No.": 208, "Nama Kegia": "NRMI 33", "Balai": "BBWS NUSA TENGGARA II", "Provinsi": "NTT", "Kabupaten": "Ngada", "Kecamatan": "Riung", "Desa / Kel": "Tadho Barat", "Latitude": -8.427911, "Longitude": 121.055389, "Jenis Infr": "Sumur", "Debit\n(L/d": 8.0, "Kedalaman": 63.0, "Jaringan P": 0.17, "Jumlah Box": 14, "Sprinkler": false, "Luas Layan": 10.0, "Luas Tanam": 5.0, "Luas Tan_1": 10.0, "Peningkata": 5.0, "Unit": true, "Daya (kVA)": 16.0, "Unit_1": false, "Daya (kV_1": null, "Unit_2": false, "Daya (kV_2": null, "Jenis Peke": "Rehabilitasi", "Kegiatan": "Tahap I", "field_29": null, "field_30": null, "field_31": null, "field_32": null, "field_33": null, "field_34": null, "field_35": null, "field_36": null, "field_37": null, "field_38": null }, "geometry": { "type": "Point", "coordinates": [ 121.055389, -8.427911 ] } },
{ "type": "Feature", "properties": { "No.": 209, "Nama Kegia": "NRI 09", "Balai": "BBWS NUSA TENGGARA II", "Provinsi": "NTT", "Kabupaten": "Ngada", "Kecamatan": "Riung", "Desa / Kel": "Lengkosambi Barat Daya", "Latitude": -8.448583, "Longitude": 121.118489, "Jenis Infr": "Sumur", "Debit\n(L/d": 10.0, "Kedalaman": 63.0, "Jaringan P": 0.45, "Jumlah Box": 14, "Sprinkler": false, "Luas Layan": 10.0, "Luas Tanam": 5.0, "Luas Tan_1": 10.0, "Peningkata": 5.0, "Unit": true, "Daya (kVA)": 16.0, "Unit_1": false, "Daya (kV_1": null, "Unit_2": false, "Daya (kV_2": null, "Jenis Peke": "Rehabilitasi", "Kegiatan": "Tahap I", "field_29": null, "field_30": null, "field_31": null, "field_32": null, "field_33": null, "field_34": null, "field_35": null, "field_36": null, "field_37": null, "field_38": null }, "geometry": { "type": "Point", "coordinates": [ 121.118489, -8.448583 ] } },
{ "type": "Feature", "properties": { "No.": 210, "Nama Kegia": "RROI 90", "Balai": "BBWS NUSA TENGGARA II", "Provinsi": "NTT", "Kabupaten": "Rote", "Kecamatan": "Rote Barat Daya", "Desa / Kel": "Oelasin", "Latitude": -10.830417, "Longitude": 123.037939, "Jenis Infr": "Sumur", "Debit\n(L/d": 3.0, "Kedalaman": 42.0, "Jaringan P": 0.86, "Jumlah Box": 6, "Sprinkler": false, "Luas Layan": 7.0, "Luas Tanam": 4.0, "Luas Tan_1": 7.0, "Peningkata": 3.0, "Unit": false, "Daya (kVA)": null, "Unit_1": false, "Daya (kV_1": null, "Unit_2": true, "Daya (kV_2": 15.0, "Jenis Peke": "Pembangunan", "Kegiatan": "Tahap I", "field_29": null, "field_30": null, "field_31": null, "field_32": null, "field_33": null, "field_34": null, "field_35": null, "field_36": null, "field_37": null, "field_38": null }, "geometry": { "type": "Point", "coordinates": [ 123.037939, -10.830417 ] } },
{ "type": "Feature", "properties": { "No.": 211, "Nama Kegia": "RLLI 89", "Balai": "BBWS NUSA TENGGARA II", "Provinsi": "NTT", "Kabupaten": "Rote", "Kecamatan": "Lobalain", "Desa / Kel": "Lekunik", "Latitude": -10.772878, "Longitude": 123.076458, "Jenis Infr": "Sumur", "Debit\n(L/d": 9.0, "Kedalaman": 40.0, "Jaringan P": 1.0, "Jumlah Box": 10, "Sprinkler": false, "Luas Layan": 14.0, "Luas Tanam": 10.0, "Luas Tan_1": 14.0, "Peningkata": 4.0, "Unit": false, "Daya (kVA)": null, "Unit_1": false, "Daya (kV_1": null, "Unit_2": true, "Daya (kV_2": 15.0, "Jenis Peke": "Pembangunan", "Kegiatan": "Tahap I", "field_29": null, "field_30": null, "field_31": null, "field_32": null, "field_33": null, "field_34": null, "field_35": null, "field_36": null, "field_37": null, "field_38": null }, "geometry": { "type": "Point", "coordinates": [ 123.076458, -10.772878 ] } },
{ "type": "Feature", "properties": { "No.": 212, "Nama Kegia": "JDL 59", "Balai": "BBWS NUSA TENGGARA II", "Provinsi": "NTT", "Kabupaten": "Rote Ndao", "Kecamatan": "Landu�Leko", "Desa / Kel": "Sotimori", "Latitude": -10.561181, "Longitude": 123.296861, "Jenis Infr": "Sumur", "Debit\n(L/d": 6.0, "Kedalaman": 52.0, "Jaringan P": 1.0, "Jumlah Box": 10, "Sprinkler": false, "Luas Layan": 5.0, "Luas Tanam": 3.0, "Luas Tan_1": 5.0, "Peningkata": 2.0, "Unit": true, "Daya (kVA)": 16.0, "Unit_1": false, "Daya (kV_1": null, "Unit_2": false, "Daya (kV_2": null, "Jenis Peke": "Rehabilitasi", "Kegiatan": "Tahap I", "field_29": null, "field_30": null, "field_31": null, "field_32": null, "field_33": null, "field_34": null, "field_35": null, "field_36": null, "field_37": null, "field_38": null }, "geometry": { "type": "Point", "coordinates": [ 123.296861, -10.561181 ] } },
{ "type": "Feature", "properties": { "No.": 213, "Nama Kegia": "PROI 05", "Balai": "BBWS NUSA TENGGARA II", "Provinsi": "NTT", "Kabupaten": "Rote Ndao", "Kecamatan": "Pantai Baru", "Desa / Kel": "Olafulihaa", "Latitude": -10.622639, "Longitude": 123.223056, "Jenis Infr": "Sumur", "Debit\n(L/d": 7.0, "Kedalaman": 48.0, "Jaringan P": 1.0, "Jumlah Box": 10, "Sprinkler": false, "Luas Layan": 12.0, "Luas Tanam": 5.0, "Luas Tan_1": 12.0, "Peningkata": 7.0, "Unit": false, "Daya (kVA)": null, "Unit_1": false, "Daya (kV_1": null, "Unit_2": true, "Daya (kV_2": 15.0, "Jenis Peke": "Rehabilitasi", "Kegiatan": "Tahap I", "field_29": null, "field_30": null, "field_31": null, "field_32": null, "field_33": null, "field_34": null, "field_35": null, "field_36": null, "field_37": null, "field_38": null }, "geometry": { "type": "Point", "coordinates": [ 123.223056, -10.622639 ] } },
{ "type": "Feature", "properties": { "No.": 214, "Nama Kegia": "PRTI 18", "Balai": "BBWS NUSA TENGGARA II", "Provinsi": "NTT", "Kabupaten": "Rote Ndao", "Kecamatan": "Pantai Baru", "Desa / Kel": "Olafulihaa", "Latitude": -10.61575, "Longitude": 123.204847, "Jenis Infr": "Sumur", "Debit\n(L/d": 10.0, "Kedalaman": 48.0, "Jaringan P": 1.0, "Jumlah Box": 8, "Sprinkler": false, "Luas Layan": 18.0, "Luas Tanam": 10.0, "Luas Tan_1": 18.0, "Peningkata": 8.0, "Unit": false, "Daya (kVA)": null, "Unit_1": false, "Daya (kV_1": null, "Unit_2": true, "Daya (kV_2": 15.0, "Jenis Peke": "Rehabilitasi", "Kegiatan": "Tahap I", "field_29": null, "field_30": null, "field_31": null, "field_32": null, "field_33": null, "field_34": null, "field_35": null, "field_36": null, "field_37": null, "field_38": null }, "geometry": { "type": "Point", "coordinates": [ 123.204847, -10.61575 ] } },
{ "type": "Feature", "properties": { "No.": 215, "Nama Kegia": "JLO 57", "Balai": "BBWS NUSA TENGGARA II", "Provinsi": "NTT", "Kabupaten": "Rote Ndao", "Kecamatan": "Rote Timur", "Desa / Kel": "Matanae", "Latitude": -10.642028, "Longitude": 123.379889, "Jenis Infr": "Sumur", "Debit\n(L/d": 9.0, "Kedalaman": 60.0, "Jaringan P": 1.0, "Jumlah Box": 10, "Sprinkler": false, "Luas Layan": 12.0, "Luas Tanam": 7.0, "Luas Tan_1": 12.0, "Peningkata": 5.0, "Unit": false, "Daya (kVA)": null, "Unit_1": false, "Daya (kV_1": null, "Unit_2": true, "Daya (kV_2": 15.0, "Jenis Peke": "Rehabilitasi", "Kegiatan": "Tahap I", "field_29": null, "field_30": null, "field_31": null, "field_32": null, "field_33": null, "field_34": null, "field_35": null, "field_36": null, "field_37": null, "field_38": null }, "geometry": { "type": "Point", "coordinates": [ 123.379889, -10.642028 ] } },
{ "type": "Feature", "properties": { "No.": 216, "Nama Kegia": "DW 01", "Balai": "BBWS NUSA TENGGARA II", "Provinsi": "NTT", "Kabupaten": "Rote Ndao", "Kecamatan": "Pantai Baru", "Desa / Kel": "Tesabela", "Latitude": -10.611222, "Longitude": 123.199847, "Jenis Infr": "Sumur", "Debit\n(L/d": 10.0, "Kedalaman": 55.0, "Jaringan P": 1.0, "Jumlah Box": 9, "Sprinkler": false, "Luas Layan": 10.0, "Luas Tanam": 5.0, "Luas Tan_1": 10.0, "Peningkata": 5.0, "Unit": false, "Daya (kVA)": null, "Unit_1": false, "Daya (kV_1": null, "Unit_2": true, "Daya (kV_2": 15.0, "Jenis Peke": "Rehabilitasi", "Kegiatan": "Tahap I", "field_29": null, "field_30": null, "field_31": null, "field_32": null, "field_33": null, "field_34": null, "field_35": null, "field_36": null, "field_37": null, "field_38": null }, "geometry": { "type": "Point", "coordinates": [ 123.199847, -10.611222 ] } },
{ "type": "Feature", "properties": { "No.": 217, "Nama Kegia": "PSLJ 28", "Balai": "BBWS NUSA TENGGARA II", "Provinsi": "NTT", "Kabupaten": "Sabu Raijua", "Kecamatan": "Sabu Barat", "Desa / Kel": "Ledeana", "Latitude": -10.517478, "Longitude": 121.817978, "Jenis Infr": "Sumur", "Debit\n(L/d": 10.0, "Kedalaman": 55.7, "Jaringan P": 1.0, "Jumlah Box": 13, "Sprinkler": false, "Luas Layan": 7.1, "Luas Tanam": 2.0, "Luas Tan_1": 7.1, "Peningkata": 5.1, "Unit": false, "Daya (kVA)": null, "Unit_1": false, "Daya (kV_1": null, "Unit_2": true, "Daya (kV_2": 98.0, "Jenis Peke": "Rehabilitasi", "Kegiatan": "Tahap I", "field_29": null, "field_30": null, "field_31": null, "field_32": null, "field_33": null, "field_34": null, "field_35": null, "field_36": null, "field_37": null, "field_38": null }, "geometry": { "type": "Point", "coordinates": [ 121.817978, -10.517478 ] } },
{ "type": "Feature", "properties": { "No.": 218, "Nama Kegia": "PSB 03", "Balai": "BBWS NUSA TENGGARA II", "Provinsi": "NTT", "Kabupaten": "Sabu Raijua", "Kecamatan": "Sabu Barat", "Desa / Kel": "Ledeana", "Latitude": -10.515278, "Longitude": 121.818861, "Jenis Infr": "Sumur", "Debit\n(L/d": 10.0, "Kedalaman": 55.7, "Jaringan P": 1.0, "Jumlah Box": 5, "Sprinkler": false, "Luas Layan": 1.68, "Luas Tanam": 1.0, "Luas Tan_1": 1.68, "Peningkata": 0.68, "Unit": false, "Daya (kVA)": null, "Unit_1": false, "Daya (kV_1": null, "Unit_2": true, "Daya (kV_2": 98.0, "Jenis Peke": "Rehabilitasi", "Kegiatan": "Tahap I", "field_29": null, "field_30": null, "field_31": null, "field_32": null, "field_33": null, "field_34": null, "field_35": null, "field_36": null, "field_37": null, "field_38": null }, "geometry": { "type": "Point", "coordinates": [ 121.818861, -10.515278 ] } },
{ "type": "Feature", "properties": { "No.": 219, "Nama Kegia": "PSBJ 24", "Balai": "BBWS NUSA TENGGARA II", "Provinsi": "NTT", "Kabupaten": "Sabu Raijua", "Kecamatan": "Sabu Timur", "Desa / Kel": "Bodae", "Latitude": -10.472131, "Longitude": 121.993825, "Jenis Infr": "Sumur", "Debit\n(L/d": 10.0, "Kedalaman": 55.7, "Jaringan P": 1.0, "Jumlah Box": 15, "Sprinkler": false, "Luas Layan": 9.71, "Luas Tanam": 4.0, "Luas Tan_1": 9.71, "Peningkata": 5.71, "Unit": false, "Daya (kVA)": null, "Unit_1": false, "Daya (kV_1": null, "Unit_2": true, "Daya (kV_2": 98.0, "Jenis Peke": "Rehabilitasi", "Kegiatan": "Tahap I", "field_29": null, "field_30": null, "field_31": null, "field_32": null, "field_33": null, "field_34": null, "field_35": null, "field_36": null, "field_37": null, "field_38": null }, "geometry": { "type": "Point", "coordinates": [ 121.993825, -10.472131 ] } },
{ "type": "Feature", "properties": { "No.": 220, "Nama Kegia": "KMI 111", "Balai": "BBWS NUSA TENGGARA II", "Provinsi": "NTT", "Kabupaten": "Sikka", "Kecamatan": "Magepanda", "Desa / Kel": "Kolesia B", "Latitude": -8.540056, "Longitude": 122.098014, "Jenis Infr": "Sumur", "Debit\n(L/d": 6.0, "Kedalaman": 60.0, "Jaringan P": 1.3, "Jumlah Box": 18, "Sprinkler": false, "Luas Layan": 10.0, "Luas Tanam": 5.0, "Luas Tan_1": 10.0, "Peningkata": 5.0, "Unit": true, "Daya (kVA)": 16.0, "Unit_1": false, "Daya (kV_1": null, "Unit_2": false, "Daya (kV_2": null, "Jenis Peke": "Pembangunan", "Kegiatan": "Tahap I", "field_29": null, "field_30": null, "field_31": null, "field_32": null, "field_33": null, "field_34": null, "field_35": null, "field_36": null, "field_37": null, "field_38": null }, "geometry": { "type": "Point", "coordinates": [ 122.098014, -8.540056 ] } },
{ "type": "Feature", "properties": { "No.": 221, "Nama Kegia": "KMI 113", "Balai": "BBWS NUSA TENGGARA II", "Provinsi": "NTT", "Kabupaten": "Sikka", "Kecamatan": "Magepanda", "Desa / Kel": "Kolesia B", "Latitude": -8.547222, "Longitude": 122.076167, "Jenis Infr": "Sumur", "Debit\n(L/d": 6.0, "Kedalaman": 43.0, "Jaringan P": 1.3, "Jumlah Box": 18, "Sprinkler": false, "Luas Layan": 10.0, "Luas Tanam": 5.0, "Luas Tan_1": 10.0, "Peningkata": 5.0, "Unit": true, "Daya (kVA)": 16.0, "Unit_1": false, "Daya (kV_1": null, "Unit_2": false, "Daya (kV_2": null, "Jenis Peke": "Pembangunan", "Kegiatan": "Tahap I", "field_29": null, "field_30": null, "field_31": null, "field_32": null, "field_33": null, "field_34": null, "field_35": null, "field_36": null, "field_37": null, "field_38": null }, "geometry": { "type": "Point", "coordinates": [ 122.076167, -8.547222 ] } },
{ "type": "Feature", "properties": { "No.": 222, "Nama Kegia": "KKI 60", "Balai": "BBWS NUSA TENGGARA II", "Provinsi": "NTT", "Kabupaten": "Sikka", "Kecamatan": "Kangae", "Desa / Kel": "Watumilok", "Latitude": -8.647361, "Longitude": 122.275833, "Jenis Infr": "Sumur", "Debit\n(L/d": 6.0, "Kedalaman": 75.0, "Jaringan P": 1.0, "Jumlah Box": 12, "Sprinkler": false, "Luas Layan": 10.0, "Luas Tanam": 5.0, "Luas Tan_1": 10.0, "Peningkata": 5.0, "Unit": true, "Daya (kVA)": 16.0, "Unit_1": false, "Daya (kV_1": null, "Unit_2": false, "Daya (kV_2": null, "Jenis Peke": "Rehabilitasi", "Kegiatan": "Tahap I", "field_29": null, "field_30": null, "field_31": null, "field_32": null, "field_33": null, "field_34": null, "field_35": null, "field_36": null, "field_37": null, "field_38": null }, "geometry": { "type": "Point", "coordinates": [ 122.275833, -8.647361 ] } },
{ "type": "Feature", "properties": { "No.": 223, "Nama Kegia": "KKI 10", "Balai": "BBWS NUSA TENGGARA II", "Provinsi": "NTT", "Kabupaten": "Sikka", "Kecamatan": "Kangae", "Desa / Kel": "Watumilok", "Latitude": -8.645231, "Longitude": 122.273864, "Jenis Infr": "Sumur", "Debit\n(L/d": 6.0, "Kedalaman": 48.0, "Jaringan P": 1.0, "Jumlah Box": 13, "Sprinkler": false, "Luas Layan": 6.0, "Luas Tanam": 3.0, "Luas Tan_1": 6.0, "Peningkata": 3.0, "Unit": true, "Daya (kVA)": 16.0, "Unit_1": false, "Daya (kV_1": null, "Unit_2": false, "Daya (kV_2": null, "Jenis Peke": "Rehabilitasi", "Kegiatan": "Tahap I", "field_29": null, "field_30": null, "field_31": null, "field_32": null, "field_33": null, "field_34": null, "field_35": null, "field_36": null, "field_37": null, "field_38": null }, "geometry": { "type": "Point", "coordinates": [ 122.273864, -8.645231 ] } },
{ "type": "Feature", "properties": { "No.": 224, "Nama Kegia": "KKI 84", "Balai": "BBWS NUSA TENGGARA II", "Provinsi": "NTT", "Kabupaten": "Sikka", "Kecamatan": "Kangae", "Desa / Kel": "Langir", "Latitude": -8.637725, "Longitude": 122.246681, "Jenis Infr": "Sumur", "Debit\n(L/d": 6.0, "Kedalaman": 60.0, "Jaringan P": 1.0, "Jumlah Box": 5, "Sprinkler": false, "Luas Layan": 10.0, "Luas Tanam": 5.0, "Luas Tan_1": 10.0, "Peningkata": 5.0, "Unit": true, "Daya (kVA)": 16.0, "Unit_1": false, "Daya (kV_1": null, "Unit_2": false, "Daya (kV_2": null, "Jenis Peke": "Rehabilitasi", "Kegiatan": "Tahap I", "field_29": null, "field_30": null, "field_31": null, "field_32": null, "field_33": null, "field_34": null, "field_35": null, "field_36": null, "field_37": null, "field_38": null }, "geometry": { "type": "Point", "coordinates": [ 122.246681, -8.637725 ] } },
{ "type": "Feature", "properties": { "No.": 225, "Nama Kegia": "KMI 49", "Balai": "BBWS NUSA TENGGARA II", "Provinsi": "NTT", "Kabupaten": "Sikka", "Kecamatan": "Magepanda", "Desa / Kel": "Kolesia B", "Latitude": -8.546444, "Longitude": 122.081358, "Jenis Infr": "Sumur", "Debit\n(L/d": 6.0, "Kedalaman": 50.0, "Jaringan P": 1.16, "Jumlah Box": 10, "Sprinkler": false, "Luas Layan": 10.0, "Luas Tanam": 5.0, "Luas Tan_1": 10.0, "Peningkata": 5.0, "Unit": true, "Daya (kVA)": 16.0, "Unit_1": false, "Daya (kV_1": null, "Unit_2": false, "Daya (kV_2": null, "Jenis Peke": "Rehabilitasi", "Kegiatan": "Tahap I", "field_29": null, "field_30": null, "field_31": null, "field_32": null, "field_33": null, "field_34": null, "field_35": null, "field_36": null, "field_37": null, "field_38": null }, "geometry": { "type": "Point", "coordinates": [ 122.081358, -8.546444 ] } },
{ "type": "Feature", "properties": { "No.": 226, "Nama Kegia": "KTI 61", "Balai": "BBWS NUSA TENGGARA II", "Provinsi": "NTT", "Kabupaten": "Sikka", "Kecamatan": "Magepanda", "Desa / Kel": "Kolesia B", "Latitude": -8.548364, "Longitude": 122.076289, "Jenis Infr": "Sumur", "Debit\n(L/d": 7.0, "Kedalaman": 75.0, "Jaringan P": 1.0, "Jumlah Box": 18, "Sprinkler": false, "Luas Layan": 10.0, "Luas Tanam": 5.0, "Luas Tan_1": 10.0, "Peningkata": 5.0, "Unit": true, "Daya (kVA)": 16.0, "Unit_1": false, "Daya (kV_1": null, "Unit_2": false, "Daya (kV_2": null, "Jenis Peke": "Rehabilitasi", "Kegiatan": "Tahap I", "field_29": null, "field_30": null, "field_31": null, "field_32": null, "field_33": null, "field_34": null, "field_35": null, "field_36": null, "field_37": null, "field_38": null }, "geometry": { "type": "Point", "coordinates": [ 122.076289, -8.548364 ] } },
{ "type": "Feature", "properties": { "No.": 227, "Nama Kegia": "WBAB 108", "Balai": "BBWS NUSA TENGGARA II", "Provinsi": "NTT", "Kabupaten": "Sumba Barat Daya", "Kecamatan": "Wewewa Barat", "Desa / Kel": "Kalaki Kambe", "Latitude": -9.410089, "Longitude": 119.139897, "Jenis Infr": "Sumur", "Debit\n(L/d": 5.0, "Kedalaman": 30.0, "Jaringan P": 0.68, "Jumlah Box": 7, "Sprinkler": false, "Luas Layan": 6.4, "Luas Tanam": 2.5, "Luas Tan_1": 6.4, "Peningkata": 3.9, "Unit": false, "Daya (kVA)": null, "Unit_1": true, "Daya (kV_1": "8.8", "Unit_2": false, "Daya (kV_2": null, "Jenis Peke": "Pembangunan", "Kegiatan": "Tahap I", "field_29": null, "field_30": null, "field_31": null, "field_32": null, "field_33": null, "field_34": null, "field_35": null, "field_36": null, "field_37": null, "field_38": null }, "geometry": { "type": "Point", "coordinates": [ 119.139897, -9.410089 ] } },
{ "type": "Feature", "properties": { "No.": 228, "Nama Kegia": "YLLI 42", "Balai": "BBWS NUSA TENGGARA II", "Provinsi": "NTT", "Kabupaten": "Sumba Barat Daya", "Kecamatan": "Loura", "Desa / Kel": "Letekonda", "Latitude": -9.413939, "Longitude": 119.322525, "Jenis Infr": "Sumur", "Debit\n(L/d": 2.0, "Kedalaman": 74.0, "Jaringan P": 1.5, "Jumlah Box": 11, "Sprinkler": false, "Luas Layan": 5.43, "Luas Tanam": 2.0, "Luas Tan_1": 5.43, "Peningkata": 3.43, "Unit": false, "Daya (kVA)": null, "Unit_1": true, "Daya (kV_1": "8.8", "Unit_2": false, "Daya (kV_2": null, "Jenis Peke": "Pembangunan", "Kegiatan": "Tahap I", "field_29": null, "field_30": null, "field_31": null, "field_32": null, "field_33": null, "field_34": null, "field_35": null, "field_36": null, "field_37": null, "field_38": null }, "geometry": { "type": "Point", "coordinates": [ 119.322525, -9.413939 ] } },
{ "type": "Feature", "properties": { "No.": 229, "Nama Kegia": "WKW 41", "Balai": "BBWS NUSA TENGGARA II", "Provinsi": "NTT", "Kabupaten": "Sumba Barat Daya", "Kecamatan": "Wewewa Barat", "Desa / Kel": "Kalaki Kambe", "Latitude": -9.428403, "Longitude": 119.163283, "Jenis Infr": "Sumur", "Debit\n(L/d": 6.0, "Kedalaman": 55.7, "Jaringan P": 1.0, "Jumlah Box": 5, "Sprinkler": false, "Luas Layan": 5.52, "Luas Tanam": 4.0, "Luas Tan_1": 5.52, "Peningkata": 1.52, "Unit": false, "Daya (kVA)": null, "Unit_1": true, "Daya (kV_1": "15.8", "Unit_2": false, "Daya (kV_2": null, "Jenis Peke": "Rehabilitasi", "Kegiatan": "Tahap I", "field_29": null, "field_30": null, "field_31": null, "field_32": null, "field_33": null, "field_34": null, "field_35": null, "field_36": null, "field_37": null, "field_38": null }, "geometry": { "type": "Point", "coordinates": [ 119.163283, -9.428403 ] } },
{ "type": "Feature", "properties": { "No.": 230, "Nama Kegia": "WKW 38", "Balai": "BBWS NUSA TENGGARA II", "Provinsi": "NTT", "Kabupaten": "Sumba Barat Daya", "Kecamatan": "Wewewa Barat", "Desa / Kel": "Kalaki Kambe", "Latitude": -9.422489, "Longitude": 119.159214, "Jenis Infr": "Sumur", "Debit\n(L/d": 6.0, "Kedalaman": 55.7, "Jaringan P": 1.0, "Jumlah Box": 10, "Sprinkler": false, "Luas Layan": 3.48, "Luas Tanam": 3.0, "Luas Tan_1": 3.48, "Peningkata": 0.48, "Unit": false, "Daya (kVA)": null, "Unit_1": true, "Daya (kV_1": "15.8", "Unit_2": false, "Daya (kV_2": null, "Jenis Peke": "Rehabilitasi", "Kegiatan": "Tahap I", "field_29": null, "field_30": null, "field_31": null, "field_32": null, "field_33": null, "field_34": null, "field_35": null, "field_36": null, "field_37": null, "field_38": null }, "geometry": { "type": "Point", "coordinates": [ 119.159214, -9.422489 ] } },
{ "type": "Feature", "properties": { "No.": 231, "Nama Kegia": "WKKI 31", "Balai": "BBWS NUSA TENGGARA II", "Provinsi": "NTT", "Kabupaten": "Sumba Barat Daya", "Kecamatan": "Loura", "Desa / Kel": "Ramadana", "Latitude": -9.410444, "Longitude": 119.280314, "Jenis Infr": "Sumur", "Debit\n(L/d": 7.0, "Kedalaman": 55.7, "Jaringan P": 1.0, "Jumlah Box": 8, "Sprinkler": false, "Luas Layan": 2.6, "Luas Tanam": 2.0, "Luas Tan_1": 2.6, "Peningkata": 0.6, "Unit": false, "Daya (kVA)": null, "Unit_1": false, "Daya (kV_1": null, "Unit_2": true, "Daya (kV_2": 15.0, "Jenis Peke": "Rehabilitasi", "Kegiatan": "Tahap I", "field_29": null, "field_30": null, "field_31": null, "field_32": null, "field_33": null, "field_34": null, "field_35": null, "field_36": null, "field_37": null, "field_38": null }, "geometry": { "type": "Point", "coordinates": [ 119.280314, -9.410444 ] } },
{ "type": "Feature", "properties": { "No.": 232, "Nama Kegia": "WKKI 35", "Balai": "BBWS NUSA TENGGARA II", "Provinsi": "NTT", "Kabupaten": "Sumba Barat Daya", "Kecamatan": "Kota Tambolaka", "Desa / Kel": "Kalembu Kaha", "Latitude": -9.446575, "Longitude": 119.113911, "Jenis Infr": "Sumur", "Debit\n(L/d": 5.0, "Kedalaman": 55.7, "Jaringan P": 1.0, "Jumlah Box": 4, "Sprinkler": false, "Luas Layan": 1.5, "Luas Tanam": 1.0, "Luas Tan_1": 1.5, "Peningkata": 0.5, "Unit": true, "Daya (kVA)": 16.0, "Unit_1": false, "Daya (kV_1": null, "Unit_2": true, "Daya (kV_2": 15.0, "Jenis Peke": "Rehabilitasi", "Kegiatan": "Tahap I", "field_29": null, "field_30": null, "field_31": null, "field_32": null, "field_33": null, "field_34": null, "field_35": null, "field_36": null, "field_37": null, "field_38": null }, "geometry": { "type": "Point", "coordinates": [ 119.113911, -9.446575 ] } },
{ "type": "Feature", "properties": { "No.": 233, "Nama Kegia": "WKKI 30", "Balai": "BBWS NUSA TENGGARA II", "Provinsi": "NTT", "Kabupaten": "Sumba Barat Daya", "Kecamatan": "Kota Tambolaka", "Desa / Kel": "Kalembu Kaha", "Latitude": -9.444889, "Longitude": 119.119, "Jenis Infr": "Sumur", "Debit\n(L/d": 4.0, "Kedalaman": 55.7, "Jaringan P": 1.0, "Jumlah Box": 2, "Sprinkler": false, "Luas Layan": 3.0, "Luas Tanam": 2.0, "Luas Tan_1": 3.0, "Peningkata": 1.0, "Unit": false, "Daya (kVA)": null, "Unit_1": true, "Daya (kV_1": "15.8", "Unit_2": false, "Daya (kV_2": null, "Jenis Peke": "Rehabilitasi", "Kegiatan": "Tahap I", "field_29": null, "field_30": null, "field_31": null, "field_32": null, "field_33": null, "field_34": null, "field_35": null, "field_36": null, "field_37": null, "field_38": null }, "geometry": { "type": "Point", "coordinates": [ 119.119, -9.444889 ] } },
{ "type": "Feature", "properties": { "No.": 234, "Nama Kegia": "TUMI 106", "Balai": "BBWS NUSA TENGGARA II", "Provinsi": "NTT", "Kabupaten": "Sumba Tengah", "Kecamatan": "Umbu Ratu Nggay Barat", "Desa / Kel": "Matawai Kajawi", "Latitude": -9.527275, "Longitude": 119.595053, "Jenis Infr": "Sumur", "Debit\n(L/d": 2.0, "Kedalaman": 77.0, "Jaringan P": 0.6, "Jumlah Box": 9, "Sprinkler": false, "Luas Layan": 5.0, "Luas Tanam": 3.0, "Luas Tan_1": 5.0, "Peningkata": 2.0, "Unit": false, "Daya (kVA)": null, "Unit_1": true, "Daya (kV_1": "8.8", "Unit_2": false, "Daya (kV_2": null, "Jenis Peke": "Pembangunan", "Kegiatan": "Tahap I", "field_29": null, "field_30": null, "field_31": null, "field_32": null, "field_33": null, "field_34": null, "field_35": null, "field_36": null, "field_37": null, "field_38": null }, "geometry": { "type": "Point", "coordinates": [ 119.595053, -9.527275 ] } },
{ "type": "Feature", "properties": { "No.": 235, "Nama Kegia": "TKWI 107", "Balai": "BBWS NUSA TENGGARA II", "Provinsi": "NTT", "Kabupaten": "Sumba Tengah", "Kecamatan": "Katiku Tana Selatan", "Desa / Kel": "Wailawa", "Latitude": -9.616611, "Longitude": 119.53525, "Jenis Infr": "Sumur", "Debit\n(L/d": 7.0, "Kedalaman": 65.0, "Jaringan P": 1.2, "Jumlah Box": 11, "Sprinkler": false, "Luas Layan": 5.0, "Luas Tanam": 3.5, "Luas Tan_1": 5.0, "Peningkata": 1.5, "Unit": false, "Daya (kVA)": null, "Unit_1": true, "Daya (kV_1": "8.8", "Unit_2": false, "Daya (kV_2": null, "Jenis Peke": "Pembangunan", "Kegiatan": "Tahap I", "field_29": null, "field_30": null, "field_31": null, "field_32": null, "field_33": null, "field_34": null, "field_35": null, "field_36": null, "field_37": null, "field_38": null }, "geometry": { "type": "Point", "coordinates": [ 119.53525, -9.616611 ] } },
{ "type": "Feature", "properties": { "No.": 236, "Nama Kegia": "WMM 14", "Balai": "BBWS NUSA TENGGARA II", "Provinsi": "NTT", "Kabupaten": "Sumba Tengah", "Kecamatan": "Katikutana Selatan", "Desa / Kel": "Malinjak", "Latitude": -9.63225, "Longitude": 119.563111, "Jenis Infr": "Sumur", "Debit\n(L/d": 5.0, "Kedalaman": 55.7, "Jaringan P": 1.0, "Jumlah Box": 7, "Sprinkler": false, "Luas Layan": 3.3, "Luas Tanam": 2.0, "Luas Tan_1": 3.3, "Peningkata": 1.3, "Unit": false, "Daya (kVA)": null, "Unit_1": true, "Daya (kV_1": "15.8", "Unit_2": false, "Daya (kV_2": null, "Jenis Peke": "Rehabilitasi", "Kegiatan": "Tahap I", "field_29": null, "field_30": null, "field_31": null, "field_32": null, "field_33": null, "field_34": null, "field_35": null, "field_36": null, "field_37": null, "field_38": null }, "geometry": { "type": "Point", "coordinates": [ 119.563111, -9.63225 ] } },
{ "type": "Feature", "properties": { "No.": 237, "Nama Kegia": "WKM 17", "Balai": "BBWS NUSA TENGGARA II", "Provinsi": "NTT", "Kabupaten": "Sumba Tengah", "Kecamatan": "Katikutana Selatan", "Desa / Kel": "Makatakeri", "Latitude": -9.605075, "Longitude": 119.569531, "Jenis Infr": "Sumur", "Debit\n(L/d": 5.0, "Kedalaman": 55.7, "Jaringan P": 1.0, "Jumlah Box": 7, "Sprinkler": false, "Luas Layan": 5.0, "Luas Tanam": 3.0, "Luas Tan_1": 5.0, "Peningkata": 2.0, "Unit": false, "Daya (kVA)": null, "Unit_1": true, "Daya (kV_1": "15.8", "Unit_2": false, "Daya (kV_2": null, "Jenis Peke": "Rehabilitasi", "Kegiatan": "Tahap I", "field_29": null, "field_30": null, "field_31": null, "field_32": null, "field_33": null, "field_34": null, "field_35": null, "field_36": null, "field_37": null, "field_38": null }, "geometry": { "type": "Point", "coordinates": [ 119.569531, -9.605075 ] } },
{ "type": "Feature", "properties": { "No.": 238, "Nama Kegia": "TKI 99", "Balai": "BBWS NUSA TENGGARA II", "Provinsi": "NTT", "Kabupaten": "Sumba Tengah", "Kecamatan": "Katikutana Selatan", "Desa / Kel": "Tana Modu", "Latitude": -9.638692, "Longitude": 119.582714, "Jenis Infr": "Sumur", "Debit\n(L/d": 6.0, "Kedalaman": 55.7, "Jaringan P": 1.0, "Jumlah Box": 9, "Sprinkler": false, "Luas Layan": 7.1, "Luas Tanam": 4.0, "Luas Tan_1": 7.1, "Peningkata": 3.1, "Unit": false, "Daya (kVA)": null, "Unit_1": true, "Daya (kV_1": "15.8", "Unit_2": false, "Daya (kV_2": null, "Jenis Peke": "Rehabilitasi", "Kegiatan": "Tahap I", "field_29": null, "field_30": null, "field_31": null, "field_32": null, "field_33": null, "field_34": null, "field_35": null, "field_36": null, "field_37": null, "field_38": null }, "geometry": { "type": "Point", "coordinates": [ 119.582714, -9.638692 ] } },
{ "type": "Feature", "properties": { "No.": 239, "Nama Kegia": "WUI 103", "Balai": "BBWS NUSA TENGGARA II", "Provinsi": "NTT", "Kabupaten": "Sumba Tengah", "Kecamatan": "Umbu Ratu Nggay Barat", "Desa / Kel": "Wairasa", "Latitude": -9.608567, "Longitude": 119.605494, "Jenis Infr": "Sumur", "Debit\n(L/d": 6.0, "Kedalaman": 55.7, "Jaringan P": 1.0, "Jumlah Box": 10, "Sprinkler": false, "Luas Layan": 6.2, "Luas Tanam": 6.0, "Luas Tan_1": 6.2, "Peningkata": 0.2, "Unit": false, "Daya (kVA)": null, "Unit_1": false, "Daya (kV_1": null, "Unit_2": true, "Daya (kV_2": 15.0, "Jenis Peke": "Rehabilitasi", "Kegiatan": "Tahap I", "field_29": null, "field_30": null, "field_31": null, "field_32": null, "field_33": null, "field_34": null, "field_35": null, "field_36": null, "field_37": null, "field_38": null }, "geometry": { "type": "Point", "coordinates": [ 119.605494, -9.608567 ] } },
{ "type": "Feature", "properties": { "No.": 240, "Nama Kegia": "JUU 86", "Balai": "BBWS NUSA TENGGARA II", "Provinsi": "NTT", "Kabupaten": "Sumba Tengah", "Kecamatan": "Umbu Ratu Nggay Barat", "Desa / Kel": "Umbu Pabal Selatan", "Latitude": -9.621925, "Longitude": 119.6373, "Jenis Infr": "Sumur", "Debit\n(L/d": 10.0, "Kedalaman": 70.0, "Jaringan P": 0.89, "Jumlah Box": 8, "Sprinkler": false, "Luas Layan": 10.0, "Luas Tanam": 5.0, "Luas Tan_1": 10.0, "Peningkata": 5.0, "Unit": false, "Daya (kVA)": null, "Unit_1": false, "Daya (kV_1": null, "Unit_2": true, "Daya (kV_2": 15.0, "Jenis Peke": "Rehabilitasi", "Kegiatan": "Tahap I", "field_29": null, "field_30": null, "field_31": null, "field_32": null, "field_33": null, "field_34": null, "field_35": null, "field_36": null, "field_37": null, "field_38": null }, "geometry": { "type": "Point", "coordinates": [ 119.6373, -9.621925 ] } },
{ "type": "Feature", "properties": { "No.": 241, "Nama Kegia": "WUI 101", "Balai": "BBWS NUSA TENGGARA II", "Provinsi": "NTT", "Kabupaten": "Sumba Tengah", "Kecamatan": "Umbu Ratu Nggay Barat", "Desa / Kel": "Wairasa", "Latitude": -9.601694, "Longitude": 119.595644, "Jenis Infr": "Sumur", "Debit\n(L/d": 5.0, "Kedalaman": 75.0, "Jaringan P": 1.0, "Jumlah Box": 9, "Sprinkler": false, "Luas Layan": 5.0, "Luas Tanam": 2.0, "Luas Tan_1": 5.0, "Peningkata": 3.0, "Unit": false, "Daya (kVA)": null, "Unit_1": false, "Daya (kV_1": null, "Unit_2": true, "Daya (kV_2": 15.0, "Jenis Peke": "Rehabilitasi", "Kegiatan": "Tahap I", "field_29": null, "field_30": null, "field_31": null, "field_32": null, "field_33": null, "field_34": null, "field_35": null, "field_36": null, "field_37": null, "field_38": null }, "geometry": { "type": "Point", "coordinates": [ 119.595644, -9.601694 ] } },
{ "type": "Feature", "properties": { "No.": 242, "Nama Kegia": "TKI 104", "Balai": "BBWS NUSA TENGGARA II", "Provinsi": "NTT", "Kabupaten": "Sumba Tengah", "Kecamatan": "Katikutana Selatan", "Desa / Kel": "Tana Modu", "Latitude": -9.6215, "Longitude": 119.590653, "Jenis Infr": "Sumur", "Debit\n(L/d": 15.0, "Kedalaman": 73.0, "Jaringan P": 0.87, "Jumlah Box": 9, "Sprinkler": false, "Luas Layan": 5.0, "Luas Tanam": 3.0, "Luas Tan_1": 5.0, "Peningkata": 2.0, "Unit": false, "Daya (kVA)": null, "Unit_1": false, "Daya (kV_1": null, "Unit_2": true, "Daya (kV_2": 15.0, "Jenis Peke": "Rehabilitasi", "Kegiatan": "Tahap I", "field_29": null, "field_30": null, "field_31": null, "field_32": null, "field_33": null, "field_34": null, "field_35": null, "field_36": null, "field_37": null, "field_38": null }, "geometry": { "type": "Point", "coordinates": [ 119.590653, -9.6215 ] } },
{ "type": "Feature", "properties": { "No.": 243, "Nama Kegia": "WKI 105", "Balai": "BBWS NUSA TENGGARA II", "Provinsi": "NTT", "Kabupaten": "Sumba Tengah", "Kecamatan": "Katikutana Selatan", "Desa / Kel": "Wailawa", "Latitude": -9.615278, "Longitude": 119.542267, "Jenis Infr": "Sumur", "Debit\n(L/d": 8.0, "Kedalaman": 70.0, "Jaringan P": 1.2, "Jumlah Box": 12, "Sprinkler": false, "Luas Layan": 5.0, "Luas Tanam": 2.0, "Luas Tan_1": 5.0, "Peningkata": 3.0, "Unit": false, "Daya (kVA)": null, "Unit_1": false, "Daya (kV_1": null, "Unit_2": true, "Daya (kV_2": 15.0, "Jenis Peke": "Rehabilitasi", "Kegiatan": "Tahap I", "field_29": null, "field_30": null, "field_31": null, "field_32": null, "field_33": null, "field_34": null, "field_35": null, "field_36": null, "field_37": null, "field_38": null }, "geometry": { "type": "Point", "coordinates": [ 119.542267, -9.615278 ] } },
{ "type": "Feature", "properties": { "No.": 244, "Nama Kegia": "TMKI 96", "Balai": "BBWS NUSA TENGGARA II", "Provinsi": "NTT", "Kabupaten": "Sumba Tengah", "Kecamatan": "Katikutana Selatan", "Desa / Kel": "Makatakeri", "Latitude": -9.610328, "Longitude": 119.561106, "Jenis Infr": "Sumur", "Debit\n(L/d": 4.0, "Kedalaman": 56.0, "Jaringan P": 1.04, "Jumlah Box": 12, "Sprinkler": false, "Luas Layan": 5.0, "Luas Tanam": 4.0, "Luas Tan_1": 5.0, "Peningkata": 1.0, "Unit": true, "Daya (kVA)": 16.0, "Unit_1": false, "Daya (kV_1": null, "Unit_2": false, "Daya (kV_2": null, "Jenis Peke": "Rehabilitasi", "Kegiatan": "Tahap I", "field_29": null, "field_30": null, "field_31": null, "field_32": null, "field_33": null, "field_34": null, "field_35": null, "field_36": null, "field_37": null, "field_38": null }, "geometry": { "type": "Point", "coordinates": [ 119.561106, -9.610328 ] } },
{ "type": "Feature", "properties": { "No.": 245, "Nama Kegia": "TKI 100", "Balai": "BBWS NUSA TENGGARA II", "Provinsi": "NTT", "Kabupaten": "Sumba Tengah", "Kecamatan": "Katikutana Selatan", "Desa / Kel": "Tana Modu", "Latitude": -9.614367, "Longitude": 119.580061, "Jenis Infr": "Sumur", "Debit\n(L/d": 2.0, "Kedalaman": 55.7, "Jaringan P": 1.0, "Jumlah Box": 10, "Sprinkler": false, "Luas Layan": 5.0, "Luas Tanam": 2.0, "Luas Tan_1": 5.0, "Peningkata": 3.0, "Unit": false, "Daya (kVA)": null, "Unit_1": false, "Daya (kV_1": null, "Unit_2": true, "Daya (kV_2": 15.0, "Jenis Peke": "Rehabilitasi", "Kegiatan": "Tahap I", "field_29": null, "field_30": null, "field_31": null, "field_32": null, "field_33": null, "field_34": null, "field_35": null, "field_36": null, "field_37": null, "field_38": null }, "geometry": { "type": "Point", "coordinates": [ 119.580061, -9.614367 ] } },
{ "type": "Feature", "properties": { "No.": 246, "Nama Kegia": "MPKI 130", "Balai": "BBWS NUSA TENGGARA II", "Provinsi": "NTT", "Kabupaten": "Sumba Timur", "Kecamatan": "Pandawai", "Desa / Kel": "Kadumbul", "Latitude": -9.723558, "Longitude": 120.570286, "Jenis Infr": "Sumur", "Debit\n(L/d": 6.0, "Kedalaman": 42.5, "Jaringan P": 0.95, "Jumlah Box": 11, "Sprinkler": false, "Luas Layan": 7.0, "Luas Tanam": 5.0, "Luas Tan_1": 7.0, "Peningkata": 2.0, "Unit": false, "Daya (kVA)": null, "Unit_1": true, "Daya (kV_1": "8.8", "Unit_2": false, "Daya (kV_2": null, "Jenis Peke": "Pembangunan", "Kegiatan": "Tahap I", "field_29": null, "field_30": null, "field_31": null, "field_32": null, "field_33": null, "field_34": null, "field_35": null, "field_36": null, "field_37": null, "field_38": null }, "geometry": { "type": "Point", "coordinates": [ 120.570286, -9.723558 ] } },
{ "type": "Feature", "properties": { "No.": 247, "Nama Kegia": "MLLI 131", "Balai": "BBWS NUSA TENGGARA II", "Provinsi": "NTT", "Kabupaten": "Sumba Timur", "Kecamatan": "Lewa", "Desa / Kel": "Lewapaku", "Latitude": -9.714997, "Longitude": 119.873097, "Jenis Infr": "Sumur", "Debit\n(L/d": 3.0, "Kedalaman": 48.0, "Jaringan P": 0.61, "Jumlah Box": 8, "Sprinkler": false, "Luas Layan": 4.0, "Luas Tanam": 2.0, "Luas Tan_1": 4.0, "Peningkata": 2.0, "Unit": false, "Daya (kVA)": null, "Unit_1": true, "Daya (kV_1": "4.2", "Unit_2": false, "Daya (kV_2": null, "Jenis Peke": "Pembangunan", "Kegiatan": "Tahap I", "field_29": null, "field_30": null, "field_31": null, "field_32": null, "field_33": null, "field_34": null, "field_35": null, "field_36": null, "field_37": null, "field_38": null }, "geometry": { "type": "Point", "coordinates": [ 119.873097, -9.714997 ] } },
{ "type": "Feature", "properties": { "No.": 248, "Nama Kegia": "MLKI 132", "Balai": "BBWS NUSA TENGGARA II", "Provinsi": "NTT", "Kabupaten": "Sumba Timur", "Kecamatan": "Lewa", "Desa / Kel": "Kambuhapang", "Latitude": -9.684372, "Longitude": 119.896583, "Jenis Infr": "Sumur", "Debit\n(L/d": 2.0, "Kedalaman": 72.0, "Jaringan P": 0.92, "Jumlah Box": 8, "Sprinkler": false, "Luas Layan": 4.0, "Luas Tanam": 1.5, "Luas Tan_1": 4.0, "Peningkata": 2.5, "Unit": false, "Daya (kVA)": null, "Unit_1": true, "Daya (kV_1": "4.2", "Unit_2": false, "Daya (kV_2": null, "Jenis Peke": "Pembangunan", "Kegiatan": "Tahap I", "field_29": null, "field_30": null, "field_31": null, "field_32": null, "field_33": null, "field_34": null, "field_35": null, "field_36": null, "field_37": null, "field_38": null }, "geometry": { "type": "Point", "coordinates": [ 119.896583, -9.684372 ] } },
{ "type": "Feature", "properties": { "No.": 249, "Nama Kegia": "WMPI 96", "Balai": "BBWS NUSA TENGGARA II", "Provinsi": "NTT", "Kabupaten": "Sumba Timur", "Kecamatan": "Pandawai", "Desa / Kel": "Palakahembi", "Latitude": -9.667361, "Longitude": 120.481614, "Jenis Infr": "Sumur", "Debit\n(L/d": 8.0, "Kedalaman": 57.8, "Jaringan P": 1.28, "Jumlah Box": 12, "Sprinkler": false, "Luas Layan": 8.0, "Luas Tanam": 5.0, "Luas Tan_1": 8.0, "Peningkata": 3.0, "Unit": false, "Daya (kVA)": null, "Unit_1": false, "Daya (kV_1": null, "Unit_2": true, "Daya (kV_2": 15.0, "Jenis Peke": "Rehabilitasi", "Kegiatan": "Tahap I", "field_29": null, "field_30": null, "field_31": null, "field_32": null, "field_33": null, "field_34": null, "field_35": null, "field_36": null, "field_37": null, "field_38": null }, "geometry": { "type": "Point", "coordinates": [ 120.481614, -9.667361 ] } },
{ "type": "Feature", "properties": { "No.": 250, "Nama Kegia": "EPI 71", "Balai": "BBWS NUSA TENGGARA II", "Provinsi": "NTT", "Kabupaten": "Sumba Timur", "Kecamatan": "Pandawai", "Desa / Kel": "Palakahembi", "Latitude": -9.639125, "Longitude": 120.454289, "Jenis Infr": "Sumur", "Debit\n(L/d": 7.0, "Kedalaman": 38.6, "Jaringan P": 0.7, "Jumlah Box": 10, "Sprinkler": false, "Luas Layan": 5.0, "Luas Tanam": 4.0, "Luas Tan_1": 5.0, "Peningkata": 1.0, "Unit": false, "Daya (kVA)": null, "Unit_1": false, "Daya (kV_1": null, "Unit_2": true, "Daya (kV_2": 15.0, "Jenis Peke": "Rehabilitasi", "Kegiatan": "Tahap I", "field_29": null, "field_30": null, "field_31": null, "field_32": null, "field_33": null, "field_34": null, "field_35": null, "field_36": null, "field_37": null, "field_38": null }, "geometry": { "type": "Point", "coordinates": [ 120.454289, -9.639125 ] } },
{ "type": "Feature", "properties": { "No.": 251, "Nama Kegia": "EPI 45", "Balai": "BBWS NUSA TENGGARA II", "Provinsi": "NTT", "Kabupaten": "Sumba Timur", "Kecamatan": "Pandawai", "Desa / Kel": "Palakahembi", "Latitude": -9.691117, "Longitude": 120.483025, "Jenis Infr": "Sumur", "Debit\n(L/d": 14.0, "Kedalaman": 33.0, "Jaringan P": 1.28, "Jumlah Box": 18, "Sprinkler": false, "Luas Layan": 12.5, "Luas Tanam": 10.0, "Luas Tan_1": 12.5, "Peningkata": 2.5, "Unit": false, "Daya (kVA)": null, "Unit_1": false, "Daya (kV_1": null, "Unit_2": true, "Daya (kV_2": 15.0, "Jenis Peke": "Rehabilitasi", "Kegiatan": "Tahap I", "field_29": null, "field_30": null, "field_31": null, "field_32": null, "field_33": null, "field_34": null, "field_35": null, "field_36": null, "field_37": null, "field_38": null }, "geometry": { "type": "Point", "coordinates": [ 120.483025, -9.691117 ] } },
{ "type": "Feature", "properties": { "No.": 252, "Nama Kegia": "EPI 24", "Balai": "BBWS NUSA TENGGARA II", "Provinsi": "NTT", "Kabupaten": "Sumba Timur", "Kecamatan": "Pandawai", "Desa / Kel": "Kadumbul", "Latitude": -9.719244, "Longitude": 120.557708, "Jenis Infr": "Sumur", "Debit\n(L/d": 12.0, "Kedalaman": 44.0, "Jaringan P": 0.85, "Jumlah Box": 16, "Sprinkler": false, "Luas Layan": 5.0, "Luas Tanam": 2.5, "Luas Tan_1": 5.0, "Peningkata": 2.5, "Unit": false, "Daya (kVA)": null, "Unit_1": false, "Daya (kV_1": null, "Unit_2": true, "Daya (kV_2": 15.0, "Jenis Peke": "Rehabilitasi", "Kegiatan": "Tahap I", "field_29": null, "field_30": null, "field_31": null, "field_32": null, "field_33": null, "field_34": null, "field_35": null, "field_36": null, "field_37": null, "field_38": null }, "geometry": { "type": "Point", "coordinates": [ 120.557708, -9.719244 ] } },
{ "type": "Feature", "properties": { "No.": 253, "Nama Kegia": "SULI 101", "Balai": "BBWS NUSA TENGGARA II", "Provinsi": "NTT", "Kabupaten": "Sumba Timur", "Kecamatan": "Umalulu", "Desa / Kel": "Wanga", "Latitude": -9.768778, "Longitude": 120.585917, "Jenis Infr": "Sumur", "Debit\n(L/d": 9.0, "Kedalaman": 45.0, "Jaringan P": 0.81, "Jumlah Box": 11, "Sprinkler": false, "Luas Layan": 5.0, "Luas Tanam": 2.0, "Luas Tan_1": 5.0, "Peningkata": 3.0, "Unit": true, "Daya (kVA)": 16.0, "Unit_1": false, "Daya (kV_1": null, "Unit_2": false, "Daya (kV_2": null, "Jenis Peke": "Rehabilitasi", "Kegiatan": "Tahap I", "field_29": null, "field_30": null, "field_31": null, "field_32": null, "field_33": null, "field_34": null, "field_35": null, "field_36": null, "field_37": null, "field_38": null }, "geometry": { "type": "Point", "coordinates": [ 120.585917, -9.768778 ] } },
{ "type": "Feature", "properties": { "No.": 254, "Nama Kegia": "EPI 26", "Balai": "BBWS NUSA TENGGARA II", "Provinsi": "NTT", "Kabupaten": "Sumba Timur", "Kecamatan": "Pandawai", "Desa / Kel": "Kadumbul", "Latitude": -9.718703, "Longitude": 120.555953, "Jenis Infr": "Sumur", "Debit\n(L/d": 10.0, "Kedalaman": 70.0, "Jaringan P": 1.3, "Jumlah Box": 25, "Sprinkler": false, "Luas Layan": 10.0, "Luas Tanam": 5.0, "Luas Tan_1": 10.0, "Peningkata": 5.0, "Unit": false, "Daya (kVA)": null, "Unit_1": false, "Daya (kV_1": null, "Unit_2": true, "Daya (kV_2": 15.0, "Jenis Peke": "Rehabilitasi", "Kegiatan": "Tahap I", "field_29": null, "field_30": null, "field_31": null, "field_32": null, "field_33": null, "field_34": null, "field_35": null, "field_36": null, "field_37": null, "field_38": null }, "geometry": { "type": "Point", "coordinates": [ 120.555953, -9.718703 ] } },
{ "type": "Feature", "properties": { "No.": 255, "Nama Kegia": "EPI 40", "Balai": "BBWS NUSA TENGGARA II", "Provinsi": "NTT", "Kabupaten": "Sumba Timur", "Kecamatan": "Pandawai", "Desa / Kel": "Palakahembi", "Latitude": -9.704375, "Longitude": 120.496264, "Jenis Infr": "Sumur", "Debit\n(L/d": 8.0, "Kedalaman": 40.0, "Jaringan P": 0.67, "Jumlah Box": 10, "Sprinkler": false, "Luas Layan": 7.0, "Luas Tanam": 4.0, "Luas Tan_1": 7.0, "Peningkata": 3.0, "Unit": true, "Daya (kVA)": 16.0, "Unit_1": false, "Daya (kV_1": null, "Unit_2": false, "Daya (kV_2": null, "Jenis Peke": "Rehabilitasi", "Kegiatan": "Tahap I", "field_29": null, "field_30": null, "field_31": null, "field_32": null, "field_33": null, "field_34": null, "field_35": null, "field_36": null, "field_37": null, "field_38": null }, "geometry": { "type": "Point", "coordinates": [ 120.496264, -9.704375 ] } },
{ "type": "Feature", "properties": { "No.": 256, "Nama Kegia": "EPI 41", "Balai": "BBWS NUSA TENGGARA II", "Provinsi": "NTT", "Kabupaten": "Sumba Timur", "Kecamatan": "Pandawai", "Desa / Kel": "Palakahembi", "Latitude": -9.703494, "Longitude": 120.493144, "Jenis Infr": "Sumur", "Debit\n(L/d": 10.0, "Kedalaman": 40.0, "Jaringan P": 0.69, "Jumlah Box": 10, "Sprinkler": false, "Luas Layan": 7.0, "Luas Tanam": 3.0, "Luas Tan_1": 7.0, "Peningkata": 4.0, "Unit": false, "Daya (kVA)": null, "Unit_1": false, "Daya (kV_1": null, "Unit_2": true, "Daya (kV_2": 15.0, "Jenis Peke": "Rehabilitasi", "Kegiatan": "Tahap I", "field_29": null, "field_30": null, "field_31": null, "field_32": null, "field_33": null, "field_34": null, "field_35": null, "field_36": null, "field_37": null, "field_38": null }, "geometry": { "type": "Point", "coordinates": [ 120.493144, -9.703494 ] } },
{ "type": "Feature", "properties": { "No.": 257, "Nama Kegia": "SKPI 106", "Balai": "BBWS NUSA TENGGARA II", "Provinsi": "NTT", "Kabupaten": "Sumba Timur", "Kecamatan": "Katala Hamulingu", "Desa / Kel": "Praibakul", "Latitude": -9.853267, "Longitude": 119.901639, "Jenis Infr": "Sumur", "Debit\n(L/d": 3.0, "Kedalaman": 70.0, "Jaringan P": 0.7, "Jumlah Box": 12, "Sprinkler": false, "Luas Layan": 7.0, "Luas Tanam": 4.0, "Luas Tan_1": 7.0, "Peningkata": 3.0, "Unit": false, "Daya (kVA)": null, "Unit_1": true, "Daya (kV_1": "15.8", "Unit_2": false, "Daya (kV_2": null, "Jenis Peke": "Rehabilitasi", "Kegiatan": "Tahap I", "field_29": null, "field_30": null, "field_31": null, "field_32": null, "field_33": null, "field_34": null, "field_35": null, "field_36": null, "field_37": null, "field_38": null }, "geometry": { "type": "Point", "coordinates": [ 119.901639, -9.853267 ] } },
{ "type": "Feature", "properties": { "No.": 258, "Nama Kegia": "SMLI 107", "Balai": "BBWS NUSA TENGGARA II", "Provinsi": "NTT", "Kabupaten": "Sumba Timur", "Kecamatan": "Lewa", "Desa / Kel": "Matawai Pawali", "Latitude": -9.640214, "Longitude": 119.923867, "Jenis Infr": "Sumur", "Debit\n(L/d": 8.0, "Kedalaman": 38.2, "Jaringan P": 1.1, "Jumlah Box": 14, "Sprinkler": false, "Luas Layan": 7.0, "Luas Tanam": 4.0, "Luas Tan_1": 7.0, "Peningkata": 3.0, "Unit": false, "Daya (kVA)": null, "Unit_1": true, "Daya (kV_1": "15.8", "Unit_2": false, "Daya (kV_2": null, "Jenis Peke": "Rehabilitasi", "Kegiatan": "Tahap I", "field_29": null, "field_30": null, "field_31": null, "field_32": null, "field_33": null, "field_34": null, "field_35": null, "field_36": null, "field_37": null, "field_38": null }, "geometry": { "type": "Point", "coordinates": [ 119.923867, -9.640214 ] } },
{ "type": "Feature", "properties": { "No.": 259, "Nama Kegia": "GBBI 46", "Balai": "BBWS NUSA TENGGARA II", "Provinsi": "NTT", "Kabupaten": "TTS", "Kecamatan": "Batu Putih", "Desa / Kel": "Benlutu", "Latitude": -9.885417, "Longitude": 124.223578, "Jenis Infr": "Sumur", "Debit\n(L/d": 4.0, "Kedalaman": 70.0, "Jaringan P": 1.04, "Jumlah Box": 10, "Sprinkler": false, "Luas Layan": 9.33, "Luas Tanam": 5.0, "Luas Tan_1": 9.33, "Peningkata": 4.33, "Unit": true, "Daya (kVA)": 16.0, "Unit_1": false, "Daya (kV_1": null, "Unit_2": false, "Daya (kV_2": null, "Jenis Peke": "Pembangunan", "Kegiatan": "Tahap I", "field_29": null, "field_30": null, "field_31": null, "field_32": null, "field_33": null, "field_34": null, "field_35": null, "field_36": null, "field_37": null, "field_38": null }, "geometry": { "type": "Point", "coordinates": [ 124.223578, -9.885417 ] } },
{ "type": "Feature", "properties": { "No.": 260, "Nama Kegia": "PTM 48", "Balai": "BBWS NUSA TENGGARA II", "Provinsi": "NTT", "Kabupaten": "TTS", "Kecamatan": "Mollo Selatan", "Desa / Kel": "Tuasene", "Latitude": -9.936369, "Longitude": 124.127022, "Jenis Infr": "Sumur", "Debit\n(L/d": 3.0, "Kedalaman": 65.0, "Jaringan P": 1.0, "Jumlah Box": 5, "Sprinkler": false, "Luas Layan": 5.47, "Luas Tanam": 3.0, "Luas Tan_1": 5.47, "Peningkata": 2.47, "Unit": true, "Daya (kVA)": 16.0, "Unit_1": false, "Daya (kV_1": null, "Unit_2": false, "Daya (kV_2": null, "Jenis Peke": "Rehabilitasi", "Kegiatan": "Tahap I", "field_29": null, "field_30": null, "field_31": null, "field_32": null, "field_33": null, "field_34": null, "field_35": null, "field_36": null, "field_37": null, "field_38": null }, "geometry": { "type": "Point", "coordinates": [ 124.127022, -9.936369 ] } },
{ "type": "Feature", "properties": { "No.": 261, "Nama Kegia": "SAPI 36", "Balai": "BBWS NUSA TENGGARA II", "Provinsi": "NTT", "Kabupaten": "TTS", "Kecamatan": "Amanuban Selatan", "Desa / Kel": "Pollo", "Latitude": -10.041697, "Longitude": 124.214439, "Jenis Infr": "Sumur", "Debit\n(L/d": 7.0, "Kedalaman": 50.0, "Jaringan P": 1.0, "Jumlah Box": 6, "Sprinkler": false, "Luas Layan": 3.62, "Luas Tanam": 3.0, "Luas Tan_1": 3.62, "Peningkata": 0.62, "Unit": true, "Daya (kVA)": 16.0, "Unit_1": false, "Daya (kV_1": null, "Unit_2": false, "Daya (kV_2": null, "Jenis Peke": "Rehabilitasi", "Kegiatan": "Tahap I", "field_29": null, "field_30": null, "field_31": null, "field_32": null, "field_33": null, "field_34": null, "field_35": null, "field_36": null, "field_37": null, "field_38": null }, "geometry": { "type": "Point", "coordinates": [ 124.214439, -10.041697 ] } },
{ "type": "Feature", "properties": { "No.": 262, "Nama Kegia": "SAOI 32", "Balai": "BBWS NUSA TENGGARA II", "Provinsi": "NTT", "Kabupaten": "TTS", "Kecamatan": "Amanuban Selatan", "Desa / Kel": "Oebelo", "Latitude": -10.150119, "Longitude": 124.312261, "Jenis Infr": "Sumur", "Debit\n(L/d": 3.0, "Kedalaman": 46.0, "Jaringan P": 1.0, "Jumlah Box": 7, "Sprinkler": false, "Luas Layan": 6.98, "Luas Tanam": 5.0, "Luas Tan_1": 6.98, "Peningkata": 1.98, "Unit": true, "Daya (kVA)": 16.0, "Unit_1": false, "Daya (kV_1": null, "Unit_2": false, "Daya (kV_2": null, "Jenis Peke": "Rehabilitasi", "Kegiatan": "Tahap I", "field_29": null, "field_30": null, "field_31": null, "field_32": null, "field_33": null, "field_34": null, "field_35": null, "field_36": null, "field_37": null, "field_38": null }, "geometry": { "type": "Point", "coordinates": [ 124.312261, -10.150119 ] } },
{ "type": "Feature", "properties": { "No.": 263, "Nama Kegia": "SAOI 33", "Balai": "BBWS NUSA TENGGARA II", "Provinsi": "NTT", "Kabupaten": "TTS", "Kecamatan": "Amanuban Selatan", "Desa / Kel": "Oebelo", "Latitude": -10.149944, "Longitude": 124.292347, "Jenis Infr": "Sumur", "Debit\n(L/d": 6.0, "Kedalaman": 31.0, "Jaringan P": 1.0, "Jumlah Box": 5, "Sprinkler": false, "Luas Layan": 5.23, "Luas Tanam": 5.0, "Luas Tan_1": 5.23, "Peningkata": 0.23, "Unit": true, "Daya (kVA)": 16.0, "Unit_1": false, "Daya (kV_1": null, "Unit_2": false, "Daya (kV_2": null, "Jenis Peke": "Rehabilitasi", "Kegiatan": "Tahap I", "field_29": null, "field_30": null, "field_31": null, "field_32": null, "field_33": null, "field_34": null, "field_35": null, "field_36": null, "field_37": null, "field_38": null }, "geometry": { "type": "Point", "coordinates": [ 124.292347, -10.149944 ] } },
{ "type": "Feature", "properties": { "No.": 264, "Nama Kegia": "SAOI 28", "Balai": "BBWS NUSA TENGGARA II", "Provinsi": "NTT", "Kabupaten": "TTS", "Kecamatan": "Amanuban Selatan", "Desa / Kel": "Oebelo", "Latitude": -10.140969, "Longitude": 124.318617, "Jenis Infr": "Sumur", "Debit\n(L/d": 5.0, "Kedalaman": 60.0, "Jaringan P": 1.0, "Jumlah Box": 7, "Sprinkler": false, "Luas Layan": 2.78, "Luas Tanam": 1.0, "Luas Tan_1": 2.78, "Peningkata": 1.78, "Unit": true, "Daya (kVA)": 16.0, "Unit_1": false, "Daya (kV_1": null, "Unit_2": false, "Daya (kV_2": null, "Jenis Peke": "Rehabilitasi", "Kegiatan": "Tahap I", "field_29": null, "field_30": null, "field_31": null, "field_32": null, "field_33": null, "field_34": null, "field_35": null, "field_36": null, "field_37": null, "field_38": null }, "geometry": { "type": "Point", "coordinates": [ 124.318617, -10.140969 ] } },
{ "type": "Feature", "properties": { "No.": 265, "Nama Kegia": "SKKI 52", "Balai": "BBWS NUSA TENGGARA II", "Provinsi": "NTT", "Kabupaten": "TTS", "Kecamatan": "Kualin", "Desa / Kel": "Kualin", "Latitude": -10.123333, "Longitude": 124.459653, "Jenis Infr": "Sumur", "Debit\n(L/d": 5.0, "Kedalaman": 43.0, "Jaringan P": 1.0, "Jumlah Box": 8, "Sprinkler": false, "Luas Layan": 4.59, "Luas Tanam": 2.0, "Luas Tan_1": 4.59, "Peningkata": 2.59, "Unit": true, "Daya (kVA)": 16.0, "Unit_1": false, "Daya (kV_1": null, "Unit_2": false, "Daya (kV_2": null, "Jenis Peke": "Rehabilitasi", "Kegiatan": "Tahap I", "field_29": null, "field_30": null, "field_31": null, "field_32": null, "field_33": null, "field_34": null, "field_35": null, "field_36": null, "field_37": null, "field_38": null }, "geometry": { "type": "Point", "coordinates": [ 124.459653, -10.123333 ] } },
{ "type": "Feature", "properties": { "No.": 266, "Nama Kegia": "SKKI 37", "Balai": "BBWS NUSA TENGGARA II", "Provinsi": "NTT", "Kabupaten": "TTS", "Kecamatan": "Kualin", "Desa / Kel": "Kiufatu", "Latitude": -10.130644, "Longitude": 124.3736, "Jenis Infr": "Sumur", "Debit\n(L/d": 5.0, "Kedalaman": 40.0, "Jaringan P": 1.0, "Jumlah Box": 7, "Sprinkler": false, "Luas Layan": 5.89, "Luas Tanam": 5.0, "Luas Tan_1": 5.89, "Peningkata": 0.89, "Unit": true, "Daya (kVA)": 16.0, "Unit_1": false, "Daya (kV_1": null, "Unit_2": false, "Daya (kV_2": null, "Jenis Peke": "Rehabilitasi", "Kegiatan": "Tahap I", "field_29": null, "field_30": null, "field_31": null, "field_32": null, "field_33": null, "field_34": null, "field_35": null, "field_36": null, "field_37": null, "field_38": null }, "geometry": { "type": "Point", "coordinates": [ 124.3736, -10.130644 ] } },
{ "type": "Feature", "properties": { "No.": 267, "Nama Kegia": "SKTI 28", "Balai": "BBWS NUSA TENGGARA II", "Provinsi": "NTT", "Kabupaten": "TTS", "Kecamatan": "Kualin", "Desa / Kel": "Toineke", "Latitude": -10.152228, "Longitude": 124.344086, "Jenis Infr": "Sumur", "Debit\n(L/d": 6.0, "Kedalaman": 26.0, "Jaringan P": 1.0, "Jumlah Box": 5, "Sprinkler": false, "Luas Layan": 1.58, "Luas Tanam": 1.0, "Luas Tan_1": 1.58, "Peningkata": 0.58, "Unit": true, "Daya (kVA)": 16.0, "Unit_1": false, "Daya (kV_1": null, "Unit_2": false, "Daya (kV_2": null, "Jenis Peke": "Rehabilitasi", "Kegiatan": "Tahap I", "field_29": null, "field_30": null, "field_31": null, "field_32": null, "field_33": null, "field_34": null, "field_35": null, "field_36": null, "field_37": null, "field_38": null }, "geometry": { "type": "Point", "coordinates": [ 124.344086, -10.152228 ] } },
{ "type": "Feature", "properties": { "No.": 268, "Nama Kegia": "UIBI 111", "Balai": "BBWS NUSA TENGGARA II", "Provinsi": "NTT", "Kabupaten": "TTU", "Kecamatan": "Insana Barat", "Desa / Kel": "Letneo Selatan", "Latitude": -9.4809, "Longitude": 124.61035, "Jenis Infr": "Sumur", "Debit\n(L/d": 6.0, "Kedalaman": 70.0, "Jaringan P": 1.0, "Jumlah Box": 10, "Sprinkler": false, "Luas Layan": 10.0, "Luas Tanam": 10.0, "Luas Tan_1": 10.0, "Peningkata": 0.0, "Unit": true, "Daya (kVA)": 16.0, "Unit_1": false, "Daya (kV_1": null, "Unit_2": false, "Daya (kV_2": null, "Jenis Peke": "Pembangunan", "Kegiatan": "Tahap I", "field_29": null, "field_30": null, "field_31": null, "field_32": null, "field_33": null, "field_34": null, "field_35": null, "field_36": null, "field_37": null, "field_38": null }, "geometry": { "type": "Point", "coordinates": [ 124.61035, -9.4809 ] } },
{ "type": "Feature", "properties": { "No.": 269, "Nama Kegia": "UIFI 112", "Balai": "BBWS NUSA TENGGARA II", "Provinsi": "NTT", "Kabupaten": "TTU", "Kecamatan": "Insana", "Desa / Kel": "Fatuana", "Latitude": -9.419964, "Longitude": 124.656319, "Jenis Infr": "Sumur", "Debit\n(L/d": 6.0, "Kedalaman": 53.0, "Jaringan P": 1.2, "Jumlah Box": 15, "Sprinkler": false, "Luas Layan": 13.0, "Luas Tanam": 10.0, "Luas Tan_1": 13.0, "Peningkata": 3.0, "Unit": false, "Daya (kVA)": null, "Unit_1": false, "Daya (kV_1": null, "Unit_2": true, "Daya (kV_2": 15.0, "Jenis Peke": "Pembangunan", "Kegiatan": "Tahap I", "field_29": null, "field_30": null, "field_31": null, "field_32": null, "field_33": null, "field_34": null, "field_35": null, "field_36": null, "field_37": null, "field_38": null }, "geometry": { "type": "Point", "coordinates": [ 124.656319, -9.419964 ] } },
{ "type": "Feature", "properties": { "No.": 270, "Nama Kegia": "POI 90", "Balai": "BBWS NUSA TENGGARA II", "Provinsi": "NTT", "Kabupaten": "TTU", "Kecamatan": "Insana Utara", "Desa / Kel": "Oesoko", "Latitude": -9.179675, "Longitude": 124.571839, "Jenis Infr": "Sumur", "Debit\n(L/d": 9.0, "Kedalaman": 77.0, "Jaringan P": 0.78, "Jumlah Box": 8, "Sprinkler": false, "Luas Layan": 7.4, "Luas Tanam": 4.0, "Luas Tan_1": 7.4, "Peningkata": 3.4, "Unit": true, "Daya (kVA)": 16.0, "Unit_1": false, "Daya (kV_1": null, "Unit_2": false, "Daya (kV_2": null, "Jenis Peke": "Rehabilitasi", "Kegiatan": "Tahap I", "field_29": null, "field_30": null, "field_31": null, "field_32": null, "field_33": null, "field_34": null, "field_35": null, "field_36": null, "field_37": null, "field_38": null }, "geometry": { "type": "Point", "coordinates": [ 124.571839, -9.179675 ] } },
{ "type": "Feature", "properties": { "No.": 271, "Nama Kegia": "POK 93", "Balai": "BBWS NUSA TENGGARA II", "Provinsi": "NTT", "Kabupaten": "TTU", "Kecamatan": "Insana Utara", "Desa / Kel": "Oekolo", "Latitude": -9.209139, "Longitude": 124.588453, "Jenis Infr": "Sumur", "Debit\n(L/d": 10.0, "Kedalaman": 58.0, "Jaringan P": 0.7, "Jumlah Box": 8, "Sprinkler": false, "Luas Layan": 7.8, "Luas Tanam": 3.0, "Luas Tan_1": 7.8, "Peningkata": 4.8, "Unit": true, "Daya (kVA)": 16.0, "Unit_1": false, "Daya (kV_1": null, "Unit_2": false, "Daya (kV_2": null, "Jenis Peke": "Rehabilitasi", "Kegiatan": "Tahap I", "field_29": null, "field_30": null, "field_31": null, "field_32": null, "field_33": null, "field_34": null, "field_35": null, "field_36": null, "field_37": null, "field_38": null }, "geometry": { "type": "Point", "coordinates": [ 124.588453, -9.209139 ] } },
{ "type": "Feature", "properties": { "No.": 272, "Nama Kegia": "UBPI 24", "Balai": "BBWS NUSA TENGGARA II", "Provinsi": "NTT", "Kabupaten": "TTU", "Kecamatan": "Biboki Anleu", "Desa / Kel": "Ponu", "Latitude": -9.144964, "Longitude": 124.686486, "Jenis Infr": "Sumur", "Debit\n(L/d": 4.0, "Kedalaman": 60.0, "Jaringan P": 0.63, "Jumlah Box": 8, "Sprinkler": false, "Luas Layan": 4.1, "Luas Tanam": 4.0, "Luas Tan_1": 4.1, "Peningkata": 0.1, "Unit": false, "Daya (kVA)": null, "Unit_1": false, "Daya (kV_1": null, "Unit_2": true, "Daya (kV_2": 15.0, "Jenis Peke": "Rehabilitasi", "Kegiatan": "Tahap I", "field_29": null, "field_30": null, "field_31": null, "field_32": null, "field_33": null, "field_34": null, "field_35": null, "field_36": null, "field_37": null, "field_38": null }, "geometry": { "type": "Point", "coordinates": [ 124.686486, -9.144964 ] } },
{ "type": "Feature", "properties": { "No.": 273, "Nama Kegia": "UBMI 17", "Balai": "BBWS NUSA TENGGARA II", "Provinsi": "NTT", "Kabupaten": "TTU", "Kecamatan": "Biboki Anleu", "Desa / Kel": "Maukabatan", "Latitude": -9.096969, "Longitude": 124.739308, "Jenis Infr": "Sumur", "Debit\n(L/d": 10.0, "Kedalaman": 56.0, "Jaringan P": 0.55, "Jumlah Box": 9, "Sprinkler": false, "Luas Layan": 5.7, "Luas Tanam": 1.0, "Luas Tan_1": 5.7, "Peningkata": 4.7, "Unit": false, "Daya (kVA)": null, "Unit_1": false, "Daya (kV_1": null, "Unit_2": true, "Daya (kV_2": 15.0, "Jenis Peke": "Rehabilitasi", "Kegiatan": "Tahap I", "field_29": null, "field_30": null, "field_31": null, "field_32": null, "field_33": null, "field_34": null, "field_35": null, "field_36": null, "field_37": null, "field_38": null }, "geometry": { "type": "Point", "coordinates": [ 124.739308, -9.096969 ] } },
{ "type": "Feature", "properties": { "No.": 274, "Nama Kegia": "UBMI 12", "Balai": "BBWS NUSA TENGGARA II", "Provinsi": "NTT", "Kabupaten": "TTU", "Kecamatan": "Biboki Anleu", "Desa / Kel": "Maukabatan", "Latitude": -9.095833, "Longitude": 124.740078, "Jenis Infr": "Sumur", "Debit\n(L/d": 6.0, "Kedalaman": 64.0, "Jaringan P": 0.39, "Jumlah Box": 6, "Sprinkler": false, "Luas Layan": 3.7, "Luas Tanam": 2.0, "Luas Tan_1": 3.7, "Peningkata": 1.7, "Unit": false, "Daya (kVA)": null, "Unit_1": false, "Daya (kV_1": null, "Unit_2": true, "Daya (kV_2": 15.0, "Jenis Peke": "Rehabilitasi", "Kegiatan": "Tahap I", "field_29": null, "field_30": null, "field_31": null, "field_32": null, "field_33": null, "field_34": null, "field_35": null, "field_36": null, "field_37": null, "field_38": null }, "geometry": { "type": "Point", "coordinates": [ 124.740078, -9.095833 ] } },
{ "type": "Feature", "properties": { "No.": 275, "Nama Kegia": "UBPI 02", "Balai": "BBWS NUSA TENGGARA II", "Provinsi": "NTT", "Kabupaten": "TTU", "Kecamatan": "Biboki Anleu", "Desa / Kel": "Ponu", "Latitude": -9.14725, "Longitude": 124.681167, "Jenis Infr": "Sumur", "Debit\n(L/d": 8.0, "Kedalaman": 65.0, "Jaringan P": 0.94, "Jumlah Box": 11, "Sprinkler": false, "Luas Layan": 9.2, "Luas Tanam": 2.0, "Luas Tan_1": 9.2, "Peningkata": 7.2, "Unit": false, "Daya (kVA)": null, "Unit_1": false, "Daya (kV_1": null, "Unit_2": true, "Daya (kV_2": 15.0, "Jenis Peke": "Rehabilitasi", "Kegiatan": "Tahap I", "field_29": null, "field_30": null, "field_31": null, "field_32": null, "field_33": null, "field_34": null, "field_35": null, "field_36": null, "field_37": null, "field_38": null }, "geometry": { "type": "Point", "coordinates": [ 124.681167, -9.14725 ] } },
{ "type": "Feature", "properties": { "No.": 276, "Nama Kegia": "AATI 80", "Balai": "BBWS NUSA TENGGARA II", "Provinsi": "NTT", "Kabupaten": "Alor", "Kecamatan": "Alor Timur", "Desa / Kel": "Tanglapui", "Latitude": -8.256311, "Longitude": 124.946578, "Jenis Infr": "Sumur", "Debit\n(L/d": 6.3, "Kedalaman": 51.0, "Jaringan P": 1.1, "Jumlah Box": 11, "Sprinkler": false, "Luas Layan": 10.0, "Luas Tanam": 7.0, "Luas Tan_1": 10.0, "Peningkata": 3.0, "Unit": true, "Daya (kVA)": 13.2, "Unit_1": true, "Daya (kV_1": "8.3", "Unit_2": false, "Daya (kV_2": null, "Jenis Peke": "Pembangunan", "Kegiatan": "Tahap II", "field_29": null, "field_30": null, "field_31": null, "field_32": null, "field_33": null, "field_34": null, "field_35": null, "field_36": null, "field_37": null, "field_38": null }, "geometry": { "type": "Point", "coordinates": [ 124.946578, -8.256311 ] } },
{ "type": "Feature", "properties": { "No.": 277, "Nama Kegia": "AATI 81", "Balai": "BBWS NUSA TENGGARA II", "Provinsi": "NTT", "Kabupaten": "Alor", "Kecamatan": "Alor Timur", "Desa / Kel": "Tanglapui", "Latitude": -8.259783, "Longitude": 124.936997, "Jenis Infr": "Sumur", "Debit\n(L/d": 3.0, "Kedalaman": 70.0, "Jaringan P": 0.9, "Jumlah Box": 9, "Sprinkler": false, "Luas Layan": 10.0, "Luas Tanam": 6.0, "Luas Tan_1": 10.0, "Peningkata": 4.0, "Unit": true, "Daya (kVA)": 10.6, "Unit_1": true, "Daya (kV_1": "3.5", "Unit_2": false, "Daya (kV_2": null, "Jenis Peke": "Pembangunan", "Kegiatan": "Tahap II", "field_29": null, "field_30": null, "field_31": null, "field_32": null, "field_33": null, "field_34": null, "field_35": null, "field_36": null, "field_37": null, "field_38": null }, "geometry": { "type": "Point", "coordinates": [ 124.936997, -8.259783 ] } },
{ "type": "Feature", "properties": { "No.": 278, "Nama Kegia": "KABI 312", "Balai": "BBWS NUSA TENGGARA II", "Provinsi": "NTT", "Kabupaten": "Kota Kupang", "Kecamatan": "Alak", "Desa / Kel": "Kel. Batuplat", "Latitude": -10.20313, "Longitude": 123.586167, "Jenis Infr": "Sumur", "Debit\n(L/d": 9.0, "Kedalaman": 42.0, "Jaringan P": 1.0, "Jumlah Box": 13, "Sprinkler": false, "Luas Layan": 9.0, "Luas Tanam": 4.0, "Luas Tan_1": 9.0, "Peningkata": 5.0, "Unit": true, "Daya (kVA)": 16.0, "Unit_1": true, "Daya (kV_1": "6.5", "Unit_2": false, "Daya (kV_2": null, "Jenis Peke": "Pembangunan", "Kegiatan": "Tahap II", "field_29": null, "field_30": null, "field_31": null, "field_32": null, "field_33": null, "field_34": null, "field_35": null, "field_36": null, "field_37": null, "field_38": null }, "geometry": { "type": "Point", "coordinates": [ 123.586167, -10.20313 ] } },
{ "type": "Feature", "properties": { "No.": 279, "Nama Kegia": "MKLI 126", "Balai": "BBWS NUSA TENGGARA II", "Provinsi": "NTT", "Kabupaten": "Malaka", "Kecamatan": "Kobalima", "Desa / Kel": "Lakekun Utara", "Latitude": -9.508706, "Longitude": 124.975356, "Jenis Infr": "Sumur", "Debit\n(L/d": 8.0, "Kedalaman": 37.0, "Jaringan P": 1.0, "Jumlah Box": 10, "Sprinkler": false, "Luas Layan": 10.0, "Luas Tanam": 5.0, "Luas Tan_1": 10.0, "Peningkata": 5.0, "Unit": true, "Daya (kVA)": 16.0, "Unit_1": true, "Daya (kV_1": "6.5", "Unit_2": false, "Daya (kV_2": null, "Jenis Peke": "Pembangunan", "Kegiatan": "Tahap II", "field_29": null, "field_30": null, "field_31": null, "field_32": null, "field_33": null, "field_34": null, "field_35": null, "field_36": null, "field_37": null, "field_38": null }, "geometry": { "type": "Point", "coordinates": [ 124.975356, -9.508706 ] } },
{ "type": "Feature", "properties": { "No.": 280, "Nama Kegia": "MKLI 125", "Balai": "BBWS NUSA TENGGARA II", "Provinsi": "NTT", "Kabupaten": "Malaka", "Kecamatan": "Kobalima", "Desa / Kel": "Lakekun Utara", "Latitude": -9.511128, "Longitude": 124.968422, "Jenis Infr": "Sumur", "Debit\n(L/d": 4.0, "Kedalaman": 53.0, "Jaringan P": 1.0, "Jumlah Box": 12, "Sprinkler": false, "Luas Layan": 7.0, "Luas Tanam": 3.0, "Luas Tan_1": 7.0, "Peningkata": 4.0, "Unit": false, "Daya (kVA)": null, "Unit_1": true, "Daya (kV_1": "8.6", "Unit_2": true, "Daya (kV_2": 20.0, "Jenis Peke": "Pembangunan", "Kegiatan": "Tahap II", "field_29": null, "field_30": null, "field_31": null, "field_32": null, "field_33": null, "field_34": null, "field_35": null, "field_36": null, "field_37": null, "field_38": null }, "geometry": { "type": "Point", "coordinates": [ 124.968422, -9.511128 ] } },
{ "type": "Feature", "properties": { "No.": 281, "Nama Kegia": "TRBI 35", "Balai": "BBWS NUSA TENGGARA II", "Provinsi": "NTT", "Kabupaten": "Manggarai Timur", "Kecamatan": "Rana Mese", "Desa / Kel": "Bea Ngencung", "Latitude": -8.802208, "Longitude": 120.547997, "Jenis Infr": "Sumur", "Debit\n(L/d": 4.0, "Kedalaman": 84.0, "Jaringan P": 0.95, "Jumlah Box": 12, "Sprinkler": false, "Luas Layan": 8.0, "Luas Tanam": 0.0, "Luas Tan_1": 8.0, "Peningkata": 8.0, "Unit": true, "Daya (kVA)": 16.0, "Unit_1": true, "Daya (kV_1": "8.0", "Unit_2": false, "Daya (kV_2": null, "Jenis Peke": "Pembangunan", "Kegiatan": "Tahap II", "field_29": null, "field_30": null, "field_31": null, "field_32": null, "field_33": null, "field_34": null, "field_35": null, "field_36": null, "field_37": null, "field_38": null }, "geometry": { "type": "Point", "coordinates": [ 120.547997, -8.802208 ] } },
{ "type": "Feature", "properties": { "No.": 282, "Nama Kegia": "TKTI 37", "Balai": "BBWS NUSA TENGGARA II", "Provinsi": "NTT", "Kabupaten": "Manggarai Timur", "Kecamatan": "Kota Komba", "Desa / Kel": "Tana Rata", "Latitude": -8.856867, "Longitude": 120.650747, "Jenis Infr": "Sumur", "Debit\n(L/d": 2.0, "Kedalaman": 54.0, "Jaringan P": 1.26, "Jumlah Box": 10, "Sprinkler": false, "Luas Layan": 5.0, "Luas Tanam": 0.0, "Luas Tan_1": 5.0, "Peningkata": 5.0, "Unit": false, "Daya (kVA)": null, "Unit_1": true, "Daya (kV_1": "7.6", "Unit_2": true, "Daya (kV_2": 8.5, "Jenis Peke": "Pembangunan", "Kegiatan": "Tahap II", "field_29": null, "field_30": null, "field_31": null, "field_32": null, "field_33": null, "field_34": null, "field_35": null, "field_36": null, "field_37": null, "field_38": null }, "geometry": { "type": "Point", "coordinates": [ 120.650747, -8.856867 ] } },
{ "type": "Feature", "properties": { "No.": 283, "Nama Kegia": "TKWI 36", "Balai": "BBWS NUSA TENGGARA II", "Provinsi": "NTT", "Kabupaten": "Manggarai Timur", "Kecamatan": "Kota Komba", "Desa / Kel": "Kel. Watu Nggene", "Latitude": -8.838583, "Longitude": 120.798125, "Jenis Infr": "Sumur", "Debit\n(L/d": 6.0, "Kedalaman": 50.0, "Jaringan P": 1.13, "Jumlah Box": 12, "Sprinkler": false, "Luas Layan": 8.0, "Luas Tanam": 0.0, "Luas Tan_1": 8.0, "Peningkata": 8.0, "Unit": true, "Daya (kVA)": 16.0, "Unit_1": true, "Daya (kV_1": "8.0", "Unit_2": false, "Daya (kV_2": null, "Jenis Peke": "Pembangunan", "Kegiatan": "Tahap II", "field_29": null, "field_30": null, "field_31": null, "field_32": null, "field_33": null, "field_34": null, "field_35": null, "field_36": null, "field_37": null, "field_38": null }, "geometry": { "type": "Point", "coordinates": [ 120.798125, -8.838583 ] } },
{ "type": "Feature", "properties": { "No.": 284, "Nama Kegia": "RPEI 91", "Balai": "BBWS NUSA TENGGARA II", "Provinsi": "NTT", "Kabupaten": "Rote Ndao", "Kecamatan": "Pantai Baru", "Desa / Kel": "Edalode", "Latitude": -10.61754, "Longitude": 123.262886, "Jenis Infr": "Sumur", "Debit\n(L/d": 9.0, "Kedalaman": 31.0, "Jaringan P": 1.0, "Jumlah Box": 10, "Sprinkler": false, "Luas Layan": 10.0, "Luas Tanam": 9.0, "Luas Tan_1": 10.0, "Peningkata": 1.0, "Unit": true, "Daya (kVA)": 16.5, "Unit_1": true, "Daya (kV_1": "6.5", "Unit_2": false, "Daya (kV_2": null, "Jenis Peke": "Pembangunan", "Kegiatan": "Tahap II", "field_29": null, "field_30": null, "field_31": null, "field_32": null, "field_33": null, "field_34": null, "field_35": null, "field_36": null, "field_37": null, "field_38": null }, "geometry": { "type": "Point", "coordinates": [ 123.262886, -10.61754 ] } },
{ "type": "Feature", "properties": { "No.": 285, "Nama Kegia": "RBII 92", "Balai": "BBWS NUSA TENGGARA II", "Provinsi": "NTT", "Kabupaten": "Rote Ndao", "Kecamatan": "Rote Barat Laut", "Desa / Kel": "Ingguinak", "Latitude": -10.80515, "Longitude": 122.954019, "Jenis Infr": "Sumur", "Debit\n(L/d": 9.0, "Kedalaman": 23.0, "Jaringan P": 1.0, "Jumlah Box": 10, "Sprinkler": false, "Luas Layan": 10.0, "Luas Tanam": 4.0, "Luas Tan_1": 10.0, "Peningkata": 6.0, "Unit": false, "Daya (kVA)": null, "Unit_1": true, "Daya (kV_1": "6.5", "Unit_2": true, "Daya (kV_2": 20.0, "Jenis Peke": "Pembangunan", "Kegiatan": "Tahap II", "field_29": null, "field_30": null, "field_31": null, "field_32": null, "field_33": null, "field_34": null, "field_35": null, "field_36": null, "field_37": null, "field_38": null }, "geometry": { "type": "Point", "coordinates": [ 122.954019, -10.80515 ] } },
{ "type": "Feature", "properties": { "No.": 286, "Nama Kegia": "KMKI 117", "Balai": "BBWS NUSA TENGGARA II", "Provinsi": "NTT", "Kabupaten": "Sikka", "Kecamatan": "Magepanda", "Desa / Kel": "Kolisia B", "Latitude": -8.539917, "Longitude": 122.094778, "Jenis Infr": "Sumur", "Debit\n(L/d": 6.0, "Kedalaman": 63.0, "Jaringan P": 0.97, "Jumlah Box": 11, "Sprinkler": false, "Luas Layan": 8.0, "Luas Tanam": 0.0, "Luas Tan_1": 8.0, "Peningkata": 8.0, "Unit": true, "Daya (kVA)": 16.0, "Unit_1": true, "Daya (kV_1": "8.0", "Unit_2": false, "Daya (kV_2": null, "Jenis Peke": "Pembangunan", "Kegiatan": "Tahap II", "field_29": null, "field_30": null, "field_31": null, "field_32": null, "field_33": null, "field_34": null, "field_35": null, "field_36": null, "field_37": null, "field_38": null }, "geometry": { "type": "Point", "coordinates": [ 122.094778, -8.539917 ] } },
{ "type": "Feature", "properties": { "No.": 287, "Nama Kegia": "KMKI 116", "Balai": "BBWS NUSA TENGGARA II", "Provinsi": "NTT", "Kabupaten": "Sikka", "Kecamatan": "Magepanda", "Desa / Kel": "Kolisia B", "Latitude": -8.548456, "Longitude": 122.082708, "Jenis Infr": "Sumur", "Debit\n(L/d": 9.0, "Kedalaman": 59.0, "Jaringan P": 0.97, "Jumlah Box": 11, "Sprinkler": false, "Luas Layan": 8.0, "Luas Tanam": 0.0, "Luas Tan_1": 8.0, "Peningkata": 8.0, "Unit": true, "Daya (kVA)": 16.0, "Unit_1": true, "Daya (kV_1": "8.0", "Unit_2": false, "Daya (kV_2": null, "Jenis Peke": "Pembangunan", "Kegiatan": "Tahap II", "field_29": null, "field_30": null, "field_31": null, "field_32": null, "field_33": null, "field_34": null, "field_35": null, "field_36": null, "field_37": null, "field_38": null }, "geometry": { "type": "Point", "coordinates": [ 122.082708, -8.548456 ] } },
{ "type": "Feature", "properties": { "No.": 288, "Nama Kegia": "KKHI 115", "Balai": "BBWS NUSA TENGGARA II", "Provinsi": "NTT", "Kabupaten": "Sikka", "Kecamatan": "Kangae", "Desa / Kel": "Habi", "Latitude": -8.644917, "Longitude": 122.251639, "Jenis Infr": "Sumur", "Debit\n(L/d": 11.0, "Kedalaman": 72.0, "Jaringan P": 0.95, "Jumlah Box": 12, "Sprinkler": false, "Luas Layan": 7.0, "Luas Tanam": 0.0, "Luas Tan_1": 7.0, "Peningkata": 7.0, "Unit": true, "Daya (kVA)": 16.0, "Unit_1": true, "Daya (kV_1": "8.0", "Unit_2": false, "Daya (kV_2": null, "Jenis Peke": "Pembangunan", "Kegiatan": "Tahap II", "field_29": null, "field_30": null, "field_31": null, "field_32": null, "field_33": null, "field_34": null, "field_35": null, "field_36": null, "field_37": null, "field_38": null }, "geometry": { "type": "Point", "coordinates": [ 122.251639, -8.644917 ] } },
{ "type": "Feature", "properties": { "No.": 289, "Nama Kegia": "SWKI 01", "Balai": "BBWS NUSA TENGGARA II", "Provinsi": "NTT", "Kabupaten": "Sumba Barat", "Kecamatan": "Kota Waikabubak", "Desa / Kel": "Kalembu Kuni", "Latitude": -9.633222, "Longitude": 119.440833, "Jenis Infr": "Sumur", "Debit\n(L/d": 3.0, "Kedalaman": 63.0, "Jaringan P": 1.5, "Jumlah Box": 18, "Sprinkler": false, "Luas Layan": 5.0, "Luas Tanam": 2.0, "Luas Tan_1": 5.0, "Peningkata": 3.0, "Unit": true, "Daya (kVA)": 12.0, "Unit_1": true, "Daya (kV_1": "5.0", "Unit_2": false, "Daya (kV_2": null, "Jenis Peke": "Pembangunan", "Kegiatan": "Tahap II", "field_29": null, "field_30": null, "field_31": null, "field_32": null, "field_33": null, "field_34": null, "field_35": null, "field_36": null, "field_37": null, "field_38": null }, "geometry": { "type": "Point", "coordinates": [ 119.440833, -9.633222 ] } },
{ "type": "Feature", "properties": { "No.": 290, "Nama Kegia": "YWPI 42", "Balai": "BBWS NUSA TENGGARA II", "Provinsi": "NTT", "Kabupaten": "Sumba Barat Daya", "Kecamatan": "Wewewa Barat", "Desa / Kel": "Pero", "Latitude": -9.522028, "Longitude": 119.209528, "Jenis Infr": "Sumur", "Debit\n(L/d": 2.0, "Kedalaman": 90.0, "Jaringan P": 2.0, "Jumlah Box": 15, "Sprinkler": false, "Luas Layan": 5.0, "Luas Tanam": 2.0, "Luas Tan_1": 5.0, "Peningkata": 3.0, "Unit": true, "Daya (kVA)": 12.0, "Unit_1": true, "Daya (kV_1": "4.3", "Unit_2": false, "Daya (kV_2": null, "Jenis Peke": "Pembangunan", "Kegiatan": "Tahap II", "field_29": null, "field_30": null, "field_31": null, "field_32": null, "field_33": null, "field_34": null, "field_35": null, "field_36": null, "field_37": null, "field_38": null }, "geometry": { "type": "Point", "coordinates": [ 119.209528, -9.522028 ] } },
{ "type": "Feature", "properties": { "No.": 291, "Nama Kegia": "MPKI 134", "Balai": "BBWS NUSA TENGGARA II", "Provinsi": "NTT", "Kabupaten": "Sumba Timur", "Kecamatan": "Pahunga Lodu", "Desa / Kel": "Kaliuda", "Latitude": -10.173722, "Longitude": 120.704306, "Jenis Infr": "Sumur", "Debit\n(L/d": 6.0, "Kedalaman": 42.0, "Jaringan P": 1.2, "Jumlah Box": 14, "Sprinkler": false, "Luas Layan": 7.0, "Luas Tanam": 3.0, "Luas Tan_1": 7.0, "Peningkata": 4.0, "Unit": false, "Daya (kVA)": null, "Unit_1": true, "Daya (kV_1": "7.0", "Unit_2": true, "Daya (kV_2": 15.0, "Jenis Peke": "Pembangunan", "Kegiatan": "Tahap II", "field_29": null, "field_30": null, "field_31": null, "field_32": null, "field_33": null, "field_34": null, "field_35": null, "field_36": null, "field_37": null, "field_38": null }, "geometry": { "type": "Point", "coordinates": [ 120.704306, -10.173722 ] } },
{ "type": "Feature", "properties": { "No.": 292, "Nama Kegia": "MLKI 133", "Balai": "BBWS NUSA TENGGARA II", "Provinsi": "NTT", "Kabupaten": "Sumba Timur", "Kecamatan": "Lewa", "Desa / Kel": "Kambata Wundut", "Latitude": -9.685319, "Longitude": 119.889222, "Jenis Infr": "Sumur", "Debit\n(L/d": 6.0, "Kedalaman": 71.0, "Jaringan P": 1.5, "Jumlah Box": 11, "Sprinkler": false, "Luas Layan": 7.0, "Luas Tanam": 4.0, "Luas Tan_1": 7.0, "Peningkata": 3.0, "Unit": false, "Daya (kVA)": null, "Unit_1": true, "Daya (kV_1": "7.0", "Unit_2": true, "Daya (kV_2": 15.0, "Jenis Peke": "Pembangunan", "Kegiatan": "Tahap II", "field_29": null, "field_30": null, "field_31": null, "field_32": null, "field_33": null, "field_34": null, "field_35": null, "field_36": null, "field_37": null, "field_38": null }, "geometry": { "type": "Point", "coordinates": [ 119.889222, -9.685319 ] } },
{ "type": "Feature", "properties": { "No.": 293, "Nama Kegia": "TUPI 109", "Balai": "BBWS NUSA TENGGARA II", "Provinsi": "NTT", "Kabupaten": "Sumba Tengah", "Kecamatan": "Umbu Ratu Nggay", "Desa / Kel": "Praikaroku Jangga", "Latitude": -9.629597, "Longitude": 119.792222, "Jenis Infr": "Sumur", "Debit\n(L/d": 5.0, "Kedalaman": 24.0, "Jaringan P": 0.8, "Jumlah Box": 11, "Sprinkler": false, "Luas Layan": 5.0, "Luas Tanam": 2.0, "Luas Tan_1": 5.0, "Peningkata": 3.0, "Unit": true, "Daya (kVA)": 12.0, "Unit_1": true, "Daya (kV_1": "8.6", "Unit_2": false, "Daya (kV_2": null, "Jenis Peke": "Pembangunan", "Kegiatan": "Tahap II", "field_29": null, "field_30": null, "field_31": null, "field_32": null, "field_33": null, "field_34": null, "field_35": null, "field_36": null, "field_37": null, "field_38": null }, "geometry": { "type": "Point", "coordinates": [ 119.792222, -9.629597 ] } },
{ "type": "Feature", "properties": { "No.": 294, "Nama Kegia": "TKDI 108", "Balai": "BBWS NUSA TENGGARA II", "Provinsi": "NTT", "Kabupaten": "Sumba Tengah", "Kecamatan": "Katikutana Selatan", "Desa / Kel": "Dameka", "Latitude": -9.634347, "Longitude": 119.526569, "Jenis Infr": "Sumur", "Debit\n(L/d": 6.0, "Kedalaman": 63.0, "Jaringan P": 1.2, "Jumlah Box": 11, "Sprinkler": false, "Luas Layan": 7.0, "Luas Tanam": 3.0, "Luas Tan_1": 7.0, "Peningkata": 4.0, "Unit": true, "Daya (kVA)": 12.0, "Unit_1": true, "Daya (kV_1": "5.0", "Unit_2": false, "Daya (kV_2": null, "Jenis Peke": "Pembangunan", "Kegiatan": "Tahap II", "field_29": null, "field_30": null, "field_31": null, "field_32": null, "field_33": null, "field_34": null, "field_35": null, "field_36": null, "field_37": null, "field_38": null }, "geometry": { "type": "Point", "coordinates": [ 119.526569, -9.634347 ] } },
{ "type": "Feature", "properties": { "No.": 295, "Nama Kegia": "SDL-KR001-PNK", "Balai": "BWS KALIMANTAN I", "Provinsi": "Kalimantan Barat", "Kabupaten": "Kubu Raya", "Kecamatan": "Rasau Jaya", "Desa / Kel": "Rasau Jaya Dua", "Latitude": -0.260436, "Longitude": 109.393681, "Jenis Infr": "Sumur", "Debit\n(L/d": 2.0, "Kedalaman": 102.0, "Jaringan P": 1.2, "Jumlah Box": 10, "Sprinkler": false, "Luas Layan": 14.0, "Luas Tanam": 14.0, "Luas Tan_1": 14.0, "Peningkata": 0.0, "Unit": false, "Daya (kVA)": null, "Unit_1": true, "Daya (kV_1": "6.8", "Unit_2": false, "Daya (kV_2": null, "Jenis Peke": "Pembangunan", "Kegiatan": "Tahap II", "field_29": null, "field_30": null, "field_31": null, "field_32": null, "field_33": null, "field_34": null, "field_35": null, "field_36": null, "field_37": null, "field_38": null }, "geometry": { "type": "Point", "coordinates": [ 109.393681, -0.260436 ] } },
{ "type": "Feature", "properties": { "No.": 296, "Nama Kegia": "SDL-KR002-PNK", "Balai": "BWS KALIMANTAN I", "Provinsi": "Kalimantan Barat", "Kabupaten": "Kubu Raya", "Kecamatan": "Rasau Jaya", "Desa / Kel": "Rasau Jaya Dua", "Latitude": -0.252633, "Longitude": 109.396144, "Jenis Infr": "Sumur", "Debit\n(L/d": 2.0, "Kedalaman": 102.0, "Jaringan P": 1.2, "Jumlah Box": 10, "Sprinkler": false, "Luas Layan": 14.5, "Luas Tanam": 14.5, "Luas Tan_1": 14.5, "Peningkata": 0.0, "Unit": false, "Daya (kVA)": null, "Unit_1": true, "Daya (kV_1": "6.8", "Unit_2": false, "Daya (kV_2": null, "Jenis Peke": "Pembangunan", "Kegiatan": "Tahap II", "field_29": null, "field_30": null, "field_31": null, "field_32": null, "field_33": null, "field_34": null, "field_35": null, "field_36": null, "field_37": null, "field_38": null }, "geometry": { "type": "Point", "coordinates": [ 109.396144, -0.252633 ] } },
{ "type": "Feature", "properties": { "No.": 297, "Nama Kegia": "SDL-KR003-PNK", "Balai": "BWS KALIMANTAN I", "Provinsi": "Kalimantan Barat", "Kabupaten": "Kubu Raya", "Kecamatan": "Rasau Jaya", "Desa / Kel": "Rasau Jaya Dua", "Latitude": -0.259189, "Longitude": 109.388311, "Jenis Infr": "Sumur", "Debit\n(L/d": 2.0, "Kedalaman": 102.0, "Jaringan P": 1.2, "Jumlah Box": 10, "Sprinkler": false, "Luas Layan": 14.5, "Luas Tanam": 14.5, "Luas Tan_1": 14.5, "Peningkata": 0.0, "Unit": false, "Daya (kVA)": null, "Unit_1": true, "Daya (kV_1": "6.8", "Unit_2": false, "Daya (kV_2": null, "Jenis Peke": "Pembangunan", "Kegiatan": "Tahap II", "field_29": null, "field_30": null, "field_31": null, "field_32": null, "field_33": null, "field_34": null, "field_35": null, "field_36": null, "field_37": null, "field_38": null }, "geometry": { "type": "Point", "coordinates": [ 109.388311, -0.259189 ] } },
{ "type": "Feature", "properties": { "No.": 298, "Nama Kegia": "SDL-KR004-PNK", "Balai": "BWS KALIMANTAN I", "Provinsi": "Kalimantan Barat", "Kabupaten": "Kubu Raya", "Kecamatan": "Rasau Jaya", "Desa / Kel": "Rasau Jaya Tiga", "Latitude": -0.224975, "Longitude": 109.349397, "Jenis Infr": "Sumur", "Debit\n(L/d": 2.0, "Kedalaman": 102.0, "Jaringan P": 1.2, "Jumlah Box": 10, "Sprinkler": false, "Luas Layan": 10.0, "Luas Tanam": 10.0, "Luas Tan_1": 10.0, "Peningkata": 0.0, "Unit": false, "Daya (kVA)": null, "Unit_1": true, "Daya (kV_1": "6.8", "Unit_2": false, "Daya (kV_2": null, "Jenis Peke": "Pembangunan", "Kegiatan": "Tahap II", "field_29": null, "field_30": null, "field_31": null, "field_32": null, "field_33": null, "field_34": null, "field_35": null, "field_36": null, "field_37": null, "field_38": null }, "geometry": { "type": "Point", "coordinates": [ 109.349397, -0.224975 ] } },
{ "type": "Feature", "properties": { "No.": 299, "Nama Kegia": "SDL-KR005-PNK", "Balai": "BWS KALIMANTAN I", "Provinsi": "Kalimantan Barat", "Kabupaten": "Kubu Raya", "Kecamatan": "Rasau Jaya", "Desa / Kel": "Rasau Jaya Tiga", "Latitude": -0.206428, "Longitude": 109.356153, "Jenis Infr": "Sumur", "Debit\n(L/d": 2.0, "Kedalaman": 102.0, "Jaringan P": 1.2, "Jumlah Box": 10, "Sprinkler": false, "Luas Layan": 7.0, "Luas Tanam": 7.0, "Luas Tan_1": 7.0, "Peningkata": 0.0, "Unit": false, "Daya (kVA)": null, "Unit_1": true, "Daya (kV_1": "6.8", "Unit_2": false, "Daya (kV_2": null, "Jenis Peke": "Pembangunan", "Kegiatan": "Tahap II", "field_29": null, "field_30": null, "field_31": null, "field_32": null, "field_33": null, "field_34": null, "field_35": null, "field_36": null, "field_37": null, "field_38": null }, "geometry": { "type": "Point", "coordinates": [ 109.356153, -0.206428 ] } },
{ "type": "Feature", "properties": { "No.": 300, "Nama Kegia": "SDL-KR006-PNK", "Balai": "BWS KALIMANTAN I", "Provinsi": "Kalimantan Barat", "Kabupaten": "Kubu Raya", "Kecamatan": "Rasau Jaya", "Desa / Kel": "Rasau Jaya Tiga", "Latitude": -0.220472, "Longitude": 109.380389, "Jenis Infr": "Sumur", "Debit\n(L/d": 2.0, "Kedalaman": 102.0, "Jaringan P": 1.2, "Jumlah Box": 10, "Sprinkler": false, "Luas Layan": 14.0, "Luas Tanam": 14.0, "Luas Tan_1": 14.0, "Peningkata": 0.0, "Unit": false, "Daya (kVA)": null, "Unit_1": true, "Daya (kV_1": "6.8", "Unit_2": false, "Daya (kV_2": null, "Jenis Peke": "Pembangunan", "Kegiatan": "Tahap II", "field_29": null, "field_30": null, "field_31": null, "field_32": null, "field_33": null, "field_34": null, "field_35": null, "field_36": null, "field_37": null, "field_38": null }, "geometry": { "type": "Point", "coordinates": [ 109.380389, -0.220472 ] } },
{ "type": "Feature", "properties": { "No.": 301, "Nama Kegia": "SDL-KR007-PNK", "Balai": "BWS KALIMANTAN I", "Provinsi": "Kalimantan Barat", "Kabupaten": "Kubu Raya", "Kecamatan": "Rasau Jaya", "Desa / Kel": "Rasau Jaya Tiga", "Latitude": -0.209908, "Longitude": 109.362611, "Jenis Infr": "Sumur", "Debit\n(L/d": 2.0, "Kedalaman": 102.0, "Jaringan P": 1.2, "Jumlah Box": 10, "Sprinkler": false, "Luas Layan": 10.0, "Luas Tanam": 10.0, "Luas Tan_1": 10.0, "Peningkata": 0.0, "Unit": false, "Daya (kVA)": null, "Unit_1": true, "Daya (kV_1": "6.8", "Unit_2": false, "Daya (kV_2": null, "Jenis Peke": "Pembangunan", "Kegiatan": "Tahap II", "field_29": null, "field_30": null, "field_31": null, "field_32": null, "field_33": null, "field_34": null, "field_35": null, "field_36": null, "field_37": null, "field_38": null }, "geometry": { "type": "Point", "coordinates": [ 109.362611, -0.209908 ] } },
{ "type": "Feature", "properties": { "No.": 302, "Nama Kegia": "SDL-KR008-PNK", "Balai": "BWS KALIMANTAN I", "Provinsi": "Kalimantan Barat", "Kabupaten": "Kubu Raya", "Kecamatan": "Rasau Jaya", "Desa / Kel": "Rasau Jaya Umum", "Latitude": -0.254397, "Longitude": 109.366719, "Jenis Infr": "Sumur", "Debit\n(L/d": 2.0, "Kedalaman": 102.0, "Jaringan P": 1.2, "Jumlah Box": 10, "Sprinkler": false, "Luas Layan": 10.0, "Luas Tanam": 10.0, "Luas Tan_1": 10.0, "Peningkata": 0.0, "Unit": false, "Daya (kVA)": null, "Unit_1": true, "Daya (kV_1": "6.8", "Unit_2": false, "Daya (kV_2": null, "Jenis Peke": "Pembangunan", "Kegiatan": "Tahap II", "field_29": null, "field_30": null, "field_31": null, "field_32": null, "field_33": null, "field_34": null, "field_35": null, "field_36": null, "field_37": null, "field_38": null }, "geometry": { "type": "Point", "coordinates": [ 109.366719, -0.254397 ] } },
{ "type": "Feature", "properties": { "No.": 303, "Nama Kegia": "SDL-KR009-PNK", "Balai": "BWS KALIMANTAN I", "Provinsi": "Kalimantan Barat", "Kabupaten": "Kubu Raya", "Kecamatan": "Rasau Jaya", "Desa / Kel": "Rasau Jaya Satu", "Latitude": -0.236206, "Longitude": 109.385133, "Jenis Infr": "Sumur", "Debit\n(L/d": 2.0, "Kedalaman": 102.0, "Jaringan P": 1.2, "Jumlah Box": 10, "Sprinkler": false, "Luas Layan": 13.0, "Luas Tanam": 13.0, "Luas Tan_1": 13.0, "Peningkata": 0.0, "Unit": false, "Daya (kVA)": null, "Unit_1": true, "Daya (kV_1": "6.8", "Unit_2": false, "Daya (kV_2": null, "Jenis Peke": "Pembangunan", "Kegiatan": "Tahap II", "field_29": null, "field_30": null, "field_31": null, "field_32": null, "field_33": null, "field_34": null, "field_35": null, "field_36": null, "field_37": null, "field_38": null }, "geometry": { "type": "Point", "coordinates": [ 109.385133, -0.236206 ] } },
{ "type": "Feature", "properties": { "No.": 304, "Nama Kegia": "SDL-KR010-PNK", "Balai": "BWS KALIMANTAN I", "Provinsi": "Kalimantan Barat", "Kabupaten": "Kubu Raya", "Kecamatan": "Rasau Jaya", "Desa / Kel": "Rasau Jaya Satu", "Latitude": -0.256794, "Longitude": 109.373978, "Jenis Infr": "Sumur", "Debit\n(L/d": 2.0, "Kedalaman": 102.0, "Jaringan P": 1.2, "Jumlah Box": 10, "Sprinkler": false, "Luas Layan": 13.0, "Luas Tanam": 13.0, "Luas Tan_1": 13.0, "Peningkata": 0.0, "Unit": false, "Daya (kVA)": null, "Unit_1": true, "Daya (kV_1": "6.8", "Unit_2": false, "Daya (kV_2": null, "Jenis Peke": "Pembangunan", "Kegiatan": "Tahap II", "field_29": null, "field_30": null, "field_31": null, "field_32": null, "field_33": null, "field_34": null, "field_35": null, "field_36": null, "field_37": null, "field_38": null }, "geometry": { "type": "Point", "coordinates": [ 109.373978, -0.256794 ] } },
{ "type": "Feature", "properties": { "No.": 305, "Nama Kegia": "SDL-SK001-PNK", "Balai": "BWS KALIMANTAN I", "Provinsi": "Kalimantan Barat", "Kabupaten": "Kota Singkawang", "Kecamatan": "Singkawang Utara", "Desa / Kel": "Kel. Naram", "Latitude": 0.946919, "Longitude": 108.985353, "Jenis Infr": "Sumur", "Debit\n(L/d": 1.0, "Kedalaman": 102.0, "Jaringan P": 1.2, "Jumlah Box": 10, "Sprinkler": false, "Luas Layan": 10.0, "Luas Tanam": 10.0, "Luas Tan_1": 10.0, "Peningkata": 0.0, "Unit": false, "Daya (kVA)": null, "Unit_1": true, "Daya (kV_1": "6.8", "Unit_2": false, "Daya (kV_2": null, "Jenis Peke": "Pembangunan", "Kegiatan": "Tahap III", "field_29": null, "field_30": null, "field_31": null, "field_32": null, "field_33": null, "field_34": null, "field_35": null, "field_36": null, "field_37": null, "field_38": null }, "geometry": { "type": "Point", "coordinates": [ 108.985353, 0.946919 ] } },
{ "type": "Feature", "properties": { "No.": 306, "Nama Kegia": "SDL-SK002-PNK", "Balai": "BWS KALIMANTAN I", "Provinsi": "Kalimantan Barat", "Kabupaten": "Kota Singkawang", "Kecamatan": "Singkawang Utara", "Desa / Kel": "Kel. Setapuk Besar", "Latitude": 0.977944, "Longitude": 109.007622, "Jenis Infr": "Sumur", "Debit\n(L/d": 1.0, "Kedalaman": 102.0, "Jaringan P": 1.2, "Jumlah Box": 10, "Sprinkler": false, "Luas Layan": 20.0, "Luas Tanam": 20.0, "Luas Tan_1": 20.0, "Peningkata": 0.0, "Unit": false, "Daya (kVA)": null, "Unit_1": true, "Daya (kV_1": "6.8", "Unit_2": false, "Daya (kV_2": null, "Jenis Peke": "Pembangunan", "Kegiatan": "Tahap III", "field_29": null, "field_30": null, "field_31": null, "field_32": null, "field_33": null, "field_34": null, "field_35": null, "field_36": null, "field_37": null, "field_38": null }, "geometry": { "type": "Point", "coordinates": [ 109.007622, 0.977944 ] } },
{ "type": "Feature", "properties": { "No.": 307, "Nama Kegia": "SDL-SK003-PNK", "Balai": "BWS KALIMANTAN I", "Provinsi": "Kalimantan Barat", "Kabupaten": "Kota Singkawang", "Kecamatan": "Singkawang Utara", "Desa / Kel": "Kel. Sei Rasau", "Latitude": 0.959667, "Longitude": 109.0135, "Jenis Infr": "Sumur", "Debit\n(L/d": 1.0, "Kedalaman": 102.0, "Jaringan P": 1.2, "Jumlah Box": 10, "Sprinkler": false, "Luas Layan": 15.0, "Luas Tanam": 15.0, "Luas Tan_1": 15.0, "Peningkata": 0.0, "Unit": false, "Daya (kVA)": null, "Unit_1": true, "Daya (kV_1": "6.8", "Unit_2": false, "Daya (kV_2": null, "Jenis Peke": "Pembangunan", "Kegiatan": "Tahap III", "field_29": null, "field_30": null, "field_31": null, "field_32": null, "field_33": null, "field_34": null, "field_35": null, "field_36": null, "field_37": null, "field_38": null }, "geometry": { "type": "Point", "coordinates": [ 109.0135, 0.959667 ] } },
{ "type": "Feature", "properties": { "No.": 308, "Nama Kegia": "SDL-SK004-PNK", "Balai": "BWS KALIMANTAN I", "Provinsi": "Kalimantan Barat", "Kabupaten": "Kota Singkawang", "Kecamatan": "Singkawang Utara", "Desa / Kel": "Kel. Setapuk Besar", "Latitude": 0.988928, "Longitude": 109.021064, "Jenis Infr": "Sumur", "Debit\n(L/d": 1.0, "Kedalaman": 102.0, "Jaringan P": 1.2, "Jumlah Box": 10, "Sprinkler": false, "Luas Layan": 20.0, "Luas Tanam": 20.0, "Luas Tan_1": 20.0, "Peningkata": 0.0, "Unit": false, "Daya (kVA)": null, "Unit_1": true, "Daya (kV_1": "6.8", "Unit_2": false, "Daya (kV_2": null, "Jenis Peke": "Pembangunan", "Kegiatan": "Tahap III", "field_29": null, "field_30": null, "field_31": null, "field_32": null, "field_33": null, "field_34": null, "field_35": null, "field_36": null, "field_37": null, "field_38": null }, "geometry": { "type": "Point", "coordinates": [ 109.021064, 0.988928 ] } },
{ "type": "Feature", "properties": { "No.": 309, "Nama Kegia": "SDL-SK005-PNK", "Balai": "BWS KALIMANTAN I", "Provinsi": "Kalimantan Barat", "Kabupaten": "Kota Singkawang", "Kecamatan": "Singkawang Tengah", "Desa / Kel": "Kel. Bukit Batu", "Latitude": 0.9365, "Longitude": 108.998878, "Jenis Infr": "Sumur", "Debit\n(L/d": 1.0, "Kedalaman": 102.0, "Jaringan P": 1.2, "Jumlah Box": 10, "Sprinkler": false, "Luas Layan": 15.0, "Luas Tanam": 15.0, "Luas Tan_1": 15.0, "Peningkata": 0.0, "Unit": false, "Daya (kVA)": null, "Unit_1": true, "Daya (kV_1": "6.8", "Unit_2": false, "Daya (kV_2": null, "Jenis Peke": "Pembangunan", "Kegiatan": "Tahap III", "field_29": null, "field_30": null, "field_31": null, "field_32": null, "field_33": null, "field_34": null, "field_35": null, "field_36": null, "field_37": null, "field_38": null }, "geometry": { "type": "Point", "coordinates": [ 108.998878, 0.9365 ] } },
{ "type": "Feature", "properties": { "No.": 310, "Nama Kegia": "SDL-SK006-PNK", "Balai": "BWS KALIMANTAN I", "Provinsi": "Kalimantan Barat", "Kabupaten": "Kota Singkawang", "Kecamatan": "Singkawang Timur", "Desa / Kel": "Kel. Nyarumkop", "Latitude": 0.880444, "Longitude": 109.056275, "Jenis Infr": "Sumur", "Debit\n(L/d": 1.0, "Kedalaman": 102.0, "Jaringan P": 1.2, "Jumlah Box": 10, "Sprinkler": false, "Luas Layan": 13.61, "Luas Tanam": 13.61, "Luas Tan_1": 13.61, "Peningkata": 0.0, "Unit": false, "Daya (kVA)": null, "Unit_1": true, "Daya (kV_1": "6.8", "Unit_2": false, "Daya (kV_2": null, "Jenis Peke": "Pembangunan", "Kegiatan": "Tahap III", "field_29": null, "field_30": null, "field_31": null, "field_32": null, "field_33": null, "field_34": null, "field_35": null, "field_36": null, "field_37": null, "field_38": null }, "geometry": { "type": "Point", "coordinates": [ 109.056275, 0.880444 ] } },
{ "type": "Feature", "properties": { "No.": 311, "Nama Kegia": "SDL-SK007-PNK", "Balai": "BWS KALIMANTAN I", "Provinsi": "Kalimantan Barat", "Kabupaten": "Kota Singkawang", "Kecamatan": "Singkawang Utara", "Desa / Kel": "Kel. Semelagi Kecil", "Latitude": 0.995456, "Longitude": 109.009972, "Jenis Infr": "Sumur", "Debit\n(L/d": 1.0, "Kedalaman": 102.0, "Jaringan P": 1.2, "Jumlah Box": 10, "Sprinkler": false, "Luas Layan": 15.91, "Luas Tanam": 15.91, "Luas Tan_1": 15.91, "Peningkata": 0.0, "Unit": false, "Daya (kVA)": null, "Unit_1": true, "Daya (kV_1": "6.8", "Unit_2": false, "Daya (kV_2": null, "Jenis Peke": "Pembangunan", "Kegiatan": "Tahap III", "field_29": null, "field_30": null, "field_31": null, "field_32": null, "field_33": null, "field_34": null, "field_35": null, "field_36": null, "field_37": null, "field_38": null }, "geometry": { "type": "Point", "coordinates": [ 109.009972, 0.995456 ] } },
{ "type": "Feature", "properties": { "No.": 312, "Nama Kegia": "SDK-SK008-PNK", "Balai": "BWS KALIMANTAN I", "Provinsi": "Kalimantan Barat", "Kabupaten": "Kota Singkawang", "Kecamatan": "Singkawang Utara", "Desa / Kel": "Kel. Semelagi Kecil", "Latitude": 0.996625, "Longitude": 109.025089, "Jenis Infr": "Sumur", "Debit\n(L/d": 0.5, "Kedalaman": 30.0, "Jaringan P": 0.5, "Jumlah Box": 5, "Sprinkler": false, "Luas Layan": 5.3, "Luas Tanam": 5.3, "Luas Tan_1": 5.3, "Peningkata": 0.0, "Unit": false, "Daya (kVA)": null, "Unit_1": true, "Daya (kV_1": "4.4", "Unit_2": false, "Daya (kV_2": null, "Jenis Peke": "Pembangunan", "Kegiatan": "Tahap III", "field_29": null, "field_30": null, "field_31": null, "field_32": null, "field_33": null, "field_34": null, "field_35": null, "field_36": null, "field_37": null, "field_38": null }, "geometry": { "type": "Point", "coordinates": [ 109.025089, 0.996625 ] } },
{ "type": "Feature", "properties": { "No.": 313, "Nama Kegia": "SDK-SK009-PNK", "Balai": "BWS KALIMANTAN I", "Provinsi": "Kalimantan Barat", "Kabupaten": "Kota Singkawang", "Kecamatan": "Singkawang Utara", "Desa / Kel": "Kel. Semelagi Kecil", "Latitude": 0.998031, "Longitude": 109.024972, "Jenis Infr": "Sumur", "Debit\n(L/d": 0.5, "Kedalaman": 30.0, "Jaringan P": 0.5, "Jumlah Box": 5, "Sprinkler": false, "Luas Layan": 5.3, "Luas Tanam": 5.3, "Luas Tan_1": 5.3, "Peningkata": 0.0, "Unit": false, "Daya (kVA)": null, "Unit_1": true, "Daya (kV_1": "4.4", "Unit_2": false, "Daya (kV_2": null, "Jenis Peke": "Pembangunan", "Kegiatan": "Tahap III", "field_29": null, "field_30": null, "field_31": null, "field_32": null, "field_33": null, "field_34": null, "field_35": null, "field_36": null, "field_37": null, "field_38": null }, "geometry": { "type": "Point", "coordinates": [ 109.024972, 0.998031 ] } },
{ "type": "Feature", "properties": { "No.": 314, "Nama Kegia": "SDK-SK0010-PNK", "Balai": "BWS KALIMANTAN I", "Provinsi": "Kalimantan Barat", "Kabupaten": "Kota Singkawang", "Kecamatan": "Singkawang Utara", "Desa / Kel": "Kel. Semelagi Kecil", "Latitude": 0.995381, "Longitude": 109.022233, "Jenis Infr": "Sumur", "Debit\n(L/d": 0.5, "Kedalaman": 30.0, "Jaringan P": 0.5, "Jumlah Box": 5, "Sprinkler": false, "Luas Layan": 5.3, "Luas Tanam": 5.3, "Luas Tan_1": 5.3, "Peningkata": 0.0, "Unit": false, "Daya (kVA)": null, "Unit_1": true, "Daya (kV_1": "4.4", "Unit_2": false, "Daya (kV_2": null, "Jenis Peke": "Pembangunan", "Kegiatan": "Tahap III", "field_29": null, "field_30": null, "field_31": null, "field_32": null, "field_33": null, "field_34": null, "field_35": null, "field_36": null, "field_37": null, "field_38": null }, "geometry": { "type": "Point", "coordinates": [ 109.022233, 0.995381 ] } },
{ "type": "Feature", "properties": { "No.": 315, "Nama Kegia": "SDK-SK0011-PNK", "Balai": "BWS KALIMANTAN I", "Provinsi": "Kalimantan Barat", "Kabupaten": "Kota Singkawang", "Kecamatan": "Singkawang Timur", "Desa / Kel": "Kel. Nyarumkop", "Latitude": 0.882719, "Longitude": 109.074144, "Jenis Infr": "Sumur", "Debit\n(L/d": 0.5, "Kedalaman": 30.0, "Jaringan P": 0.5, "Jumlah Box": 5, "Sprinkler": false, "Luas Layan": 5.3, "Luas Tanam": 6.33, "Luas Tan_1": 6.33, "Peningkata": 0.0, "Unit": false, "Daya (kVA)": null, "Unit_1": true, "Daya (kV_1": "4.4", "Unit_2": false, "Daya (kV_2": null, "Jenis Peke": "Pembangunan", "Kegiatan": "Tahap III", "field_29": null, "field_30": null, "field_31": null, "field_32": null, "field_33": null, "field_34": null, "field_35": null, "field_36": null, "field_37": null, "field_38": null }, "geometry": { "type": "Point", "coordinates": [ 109.074144, 0.882719 ] } },
{ "type": "Feature", "properties": { "No.": 316, "Nama Kegia": "SDK-SK0012-PNK", "Balai": "BWS KALIMANTAN I", "Provinsi": "Kalimantan Barat", "Kabupaten": "Kota Singkawang", "Kecamatan": "Singkawang Timur", "Desa / Kel": "Kel. Nyarumkop", "Latitude": 0.886164, "Longitude": 109.075894, "Jenis Infr": "Sumur", "Debit\n(L/d": 0.5, "Kedalaman": 30.0, "Jaringan P": 0.5, "Jumlah Box": 5, "Sprinkler": false, "Luas Layan": 5.3, "Luas Tanam": 6.33, "Luas Tan_1": 6.33, "Peningkata": 0.0, "Unit": false, "Daya (kVA)": null, "Unit_1": true, "Daya (kV_1": "4.4", "Unit_2": false, "Daya (kV_2": null, "Jenis Peke": "Pembangunan", "Kegiatan": "Tahap III", "field_29": null, "field_30": null, "field_31": null, "field_32": null, "field_33": null, "field_34": null, "field_35": null, "field_36": null, "field_37": null, "field_38": null }, "geometry": { "type": "Point", "coordinates": [ 109.075894, 0.886164 ] } },
{ "type": "Feature", "properties": { "No.": 317, "Nama Kegia": "SDK-SK0013-PNK", "Balai": "BWS KALIMANTAN I", "Provinsi": "Kalimantan Barat", "Kabupaten": "Kota Singkawang", "Kecamatan": "Singkawang Timur", "Desa / Kel": "Kel. Nyarumkop", "Latitude": 0.879414, "Longitude": 109.076678, "Jenis Infr": "Sumur", "Debit\n(L/d": 0.5, "Kedalaman": 30.0, "Jaringan P": 0.5, "Jumlah Box": 5, "Sprinkler": false, "Luas Layan": 5.3, "Luas Tanam": 6.33, "Luas Tan_1": 6.33, "Peningkata": 0.0, "Unit": false, "Daya (kVA)": null, "Unit_1": true, "Daya (kV_1": "4.4", "Unit_2": false, "Daya (kV_2": null, "Jenis Peke": "Pembangunan", "Kegiatan": "Tahap III", "field_29": null, "field_30": null, "field_31": null, "field_32": null, "field_33": null, "field_34": null, "field_35": null, "field_36": null, "field_37": null, "field_38": null }, "geometry": { "type": "Point", "coordinates": [ 109.076678, 0.879414 ] } },
{ "type": "Feature", "properties": { "No.": 318, "Nama Kegia": "SDL-GM01-KALII", "Balai": "BWS KALIMANTAN II", "Provinsi": "Kalimantan Tengah", "Kabupaten": "Gunung Mas", "Kecamatan": "Tewah", "Desa / Kel": "Tewah", "Latitude": -1.04631, "Longitude": 113.71662, "Jenis Infr": "Sumur", "Debit\n(L/d": 3.1, "Kedalaman": 138.0, "Jaringan P": 0.6, "Jumlah Box": 0, "Sprinkler": false, "Luas Layan": 5.5, "Luas Tanam": 5.5, "Luas Tan_1": 11.0, "Peningkata": 5.5, "Unit": false, "Daya (kVA)": null, "Unit_1": true, "Daya (kV_1": "10.0", "Unit_2": true, "Daya (kV_2": 16.0, "Jenis Peke": "Pembangunan", "Kegiatan": "Tahap I", "field_29": null, "field_30": null, "field_31": null, "field_32": null, "field_33": null, "field_34": null, "field_35": null, "field_36": null, "field_37": null, "field_38": null }, "geometry": { "type": "Point", "coordinates": [ 113.71662, -1.04631 ] } },
{ "type": "Feature", "properties": { "No.": 319, "Nama Kegia": "SDL-KP01-KALII", "Balai": "BWS KALIMANTAN II", "Provinsi": "Kalimantan Tengah", "Kabupaten": "Kapuas", "Kecamatan": "Kapuas Timur", "Desa / Kel": "Anjir Serapat Tengah", "Latitude": -3.089842, "Longitude": 114.495709, "Jenis Infr": "Sumur", "Debit\n(L/d": 10.9, "Kedalaman": 114.0, "Jaringan P": 0.87, "Jumlah Box": 0, "Sprinkler": false, "Luas Layan": 7.0, "Luas Tanam": 7.0, "Luas Tan_1": 14.0, "Peningkata": 7.0, "Unit": false, "Daya (kVA)": null, "Unit_1": true, "Daya (kV_1": "10.0", "Unit_2": true, "Daya (kV_2": 16.0, "Jenis Peke": "Pembangunan", "Kegiatan": "Tahap I", "field_29": null, "field_30": null, "field_31": null, "field_32": null, "field_33": null, "field_34": null, "field_35": null, "field_36": null, "field_37": null, "field_38": null }, "geometry": { "type": "Point", "coordinates": [ 114.495709, -3.089842 ] } },
{ "type": "Feature", "properties": { "No.": 320, "Nama Kegia": "SDL-KP02-KALII", "Balai": "BWS KALIMANTAN II", "Provinsi": "Kalimantan Tengah", "Kabupaten": "Kapuas", "Kecamatan": "Kapuas Timur", "Desa / Kel": "Anjir Serapat Tengah", "Latitude": -3.084121, "Longitude": 114.501155, "Jenis Infr": "Sumur", "Debit\n(L/d": 10.5, "Kedalaman": 120.0, "Jaringan P": 0.93, "Jumlah Box": 0, "Sprinkler": false, "Luas Layan": 7.0, "Luas Tanam": 7.0, "Luas Tan_1": 14.0, "Peningkata": 7.0, "Unit": false, "Daya (kVA)": null, "Unit_1": true, "Daya (kV_1": "10.0", "Unit_2": true, "Daya (kV_2": 16.0, "Jenis Peke": "Pembangunan", "Kegiatan": "Tahap I", "field_29": null, "field_30": null, "field_31": null, "field_32": null, "field_33": null, "field_34": null, "field_35": null, "field_36": null, "field_37": null, "field_38": null }, "geometry": { "type": "Point", "coordinates": [ 114.501155, -3.084121 ] } },
{ "type": "Feature", "properties": { "No.": 321, "Nama Kegia": "SDL-KP03-KALII", "Balai": "BWS KALIMANTAN II", "Provinsi": "Kalimantan Tengah", "Kabupaten": "Kapuas", "Kecamatan": "Kapuas Timur", "Desa / Kel": "Anjir Serapat Tengah", "Latitude": -3.077611, "Longitude": 114.507472, "Jenis Infr": "Sumur", "Debit\n(L/d": 10.8, "Kedalaman": 120.0, "Jaringan P": 0.88, "Jumlah Box": 0, "Sprinkler": false, "Luas Layan": 7.0, "Luas Tanam": 7.0, "Luas Tan_1": 14.0, "Peningkata": 7.0, "Unit": false, "Daya (kVA)": null, "Unit_1": true, "Daya (kV_1": "10.0", "Unit_2": true, "Daya (kV_2": 16.0, "Jenis Peke": "Pembangunan", "Kegiatan": "Tahap I", "field_29": null, "field_30": null, "field_31": null, "field_32": null, "field_33": null, "field_34": null, "field_35": null, "field_36": null, "field_37": null, "field_38": null }, "geometry": { "type": "Point", "coordinates": [ 114.507472, -3.077611 ] } },
{ "type": "Feature", "properties": { "No.": 322, "Nama Kegia": "SDL-KP04-KALII", "Balai": "BWS KALIMANTAN II", "Provinsi": "Kalimantan Tengah", "Kabupaten": "Kapuas", "Kecamatan": "Kapuas Timur", "Desa / Kel": "Anjir Serapat Tengah", "Latitude": -3.07782, "Longitude": 114.49621, "Jenis Infr": "Sumur", "Debit\n(L/d": 7.5, "Kedalaman": 114.0, "Jaringan P": 0.77, "Jumlah Box": 0, "Sprinkler": false, "Luas Layan": 7.0, "Luas Tanam": 7.0, "Luas Tan_1": 14.0, "Peningkata": 7.0, "Unit": false, "Daya (kVA)": null, "Unit_1": true, "Daya (kV_1": "10.0", "Unit_2": true, "Daya (kV_2": 16.0, "Jenis Peke": "Pembangunan", "Kegiatan": "Tahap I", "field_29": null, "field_30": null, "field_31": null, "field_32": null, "field_33": null, "field_34": null, "field_35": null, "field_36": null, "field_37": null, "field_38": null }, "geometry": { "type": "Point", "coordinates": [ 114.49621, -3.07782 ] } },
{ "type": "Feature", "properties": { "No.": 323, "Nama Kegia": "SDL-KP05-KALII", "Balai": "BWS KALIMANTAN II", "Provinsi": "Kalimantan Tengah", "Kabupaten": "Kapuas", "Kecamatan": "Kapuas Timur", "Desa / Kel": "Anjir Serapat Timur", "Latitude": -3.102191, "Longitude": 114.494755, "Jenis Infr": "Sumur", "Debit\n(L/d": 8.8, "Kedalaman": 120.0, "Jaringan P": 1.16, "Jumlah Box": 0, "Sprinkler": false, "Luas Layan": 6.0, "Luas Tanam": 6.0, "Luas Tan_1": 12.0, "Peningkata": 6.0, "Unit": false, "Daya (kVA)": null, "Unit_1": true, "Daya (kV_1": "10.0", "Unit_2": true, "Daya (kV_2": 16.0, "Jenis Peke": "Pembangunan", "Kegiatan": "Tahap I", "field_29": null, "field_30": null, "field_31": null, "field_32": null, "field_33": null, "field_34": null, "field_35": null, "field_36": null, "field_37": null, "field_38": null }, "geometry": { "type": "Point", "coordinates": [ 114.494755, -3.102191 ] } },
{ "type": "Feature", "properties": { "No.": 324, "Nama Kegia": "SDL-KP06-KALII", "Balai": "BWS KALIMANTAN II", "Provinsi": "Kalimantan Tengah", "Kabupaten": "Kapuas", "Kecamatan": "Kapuas Timur", "Desa / Kel": "Anjir Serapat Timur", "Latitude": -3.09698, "Longitude": 114.501, "Jenis Infr": "Sumur", "Debit\n(L/d": 9.4, "Kedalaman": 120.0, "Jaringan P": 0.98, "Jumlah Box": 0, "Sprinkler": false, "Luas Layan": 6.0, "Luas Tanam": 6.0, "Luas Tan_1": 12.0, "Peningkata": 6.0, "Unit": false, "Daya (kVA)": null, "Unit_1": true, "Daya (kV_1": "10.0", "Unit_2": true, "Daya (kV_2": 16.0, "Jenis Peke": "Pembangunan", "Kegiatan": "Tahap I", "field_29": null, "field_30": null, "field_31": null, "field_32": null, "field_33": null, "field_34": null, "field_35": null, "field_36": null, "field_37": null, "field_38": null }, "geometry": { "type": "Point", "coordinates": [ 114.501, -3.09698 ] } },
{ "type": "Feature", "properties": { "No.": 325, "Nama Kegia": "SDL-KP07-KALII", "Balai": "BWS KALIMANTAN II", "Provinsi": "Kalimantan Tengah", "Kabupaten": "Kapuas", "Kecamatan": "Kapuas Timur", "Desa / Kel": "Anjir Serapat Barat", "Latitude": -3.128855, "Longitude": 114.422292, "Jenis Infr": "Sumur", "Debit\n(L/d": 13.5, "Kedalaman": 102.0, "Jaringan P": 0.82, "Jumlah Box": 0, "Sprinkler": false, "Luas Layan": 7.8, "Luas Tanam": 7.8, "Luas Tan_1": 15.6, "Peningkata": 7.8, "Unit": false, "Daya (kVA)": null, "Unit_1": true, "Daya (kV_1": "10.0", "Unit_2": true, "Daya (kV_2": 16.0, "Jenis Peke": "Pembangunan", "Kegiatan": "Tahap I", "field_29": null, "field_30": null, "field_31": null, "field_32": null, "field_33": null, "field_34": null, "field_35": null, "field_36": null, "field_37": null, "field_38": null }, "geometry": { "type": "Point", "coordinates": [ 114.422292, -3.128855 ] } },
{ "type": "Feature", "properties": { "No.": 326, "Nama Kegia": "SDL-KT01-KALII", "Balai": "BWS KALIMANTAN II", "Provinsi": "Kalimantan Tengah", "Kabupaten": "Katingan", "Kecamatan": "Tewang Sangalang Garing", "Desa / Kel": "Pendahara", "Latitude": -1.756833, "Longitude": 113.311528, "Jenis Infr": "Sumur", "Debit\n(L/d": 2.1, "Kedalaman": 116.0, "Jaringan P": 0.43, "Jumlah Box": 0, "Sprinkler": false, "Luas Layan": 5.5, "Luas Tanam": 5.5, "Luas Tan_1": 11.0, "Peningkata": 5.5, "Unit": false, "Daya (kVA)": null, "Unit_1": true, "Daya (kV_1": "8.0", "Unit_2": true, "Daya (kV_2": 16.0, "Jenis Peke": "Pembangunan", "Kegiatan": "Tahap I", "field_29": null, "field_30": null, "field_31": null, "field_32": null, "field_33": null, "field_34": null, "field_35": null, "field_36": null, "field_37": null, "field_38": null }, "geometry": { "type": "Point", "coordinates": [ 113.311528, -1.756833 ] } },
{ "type": "Feature", "properties": { "No.": 327, "Nama Kegia": "SDL-KT02-KALII", "Balai": "BWS KALIMANTAN II", "Provinsi": "Kalimantan Tengah", "Kabupaten": "Katingan", "Kecamatan": "Tewang Sangalang Garing", "Desa / Kel": "Pendahara", "Latitude": -1.75763, "Longitude": 113.31005, "Jenis Infr": "Sumur", "Debit\n(L/d": 2.5, "Kedalaman": 113.0, "Jaringan P": 0.95, "Jumlah Box": 0, "Sprinkler": false, "Luas Layan": 5.5, "Luas Tanam": 5.5, "Luas Tan_1": 11.0, "Peningkata": 5.5, "Unit": false, "Daya (kVA)": null, "Unit_1": true, "Daya (kV_1": "8.0", "Unit_2": true, "Daya (kV_2": 16.0, "Jenis Peke": "Pembangunan", "Kegiatan": "Tahap I", "field_29": null, "field_30": null, "field_31": null, "field_32": null, "field_33": null, "field_34": null, "field_35": null, "field_36": null, "field_37": null, "field_38": null }, "geometry": { "type": "Point", "coordinates": [ 113.31005, -1.75763 ] } },
{ "type": "Feature", "properties": { "No.": 328, "Nama Kegia": "SDL-KT03-KALII", "Balai": "BWS KALIMANTAN II", "Provinsi": "Kalimantan Tengah", "Kabupaten": "Katingan", "Kecamatan": "Tewang Sangalang Garing", "Desa / Kel": "Pendahara", "Latitude": -1.76254, "Longitude": 113.29952, "Jenis Infr": "Sumur", "Debit\n(L/d": 1.7, "Kedalaman": 120.0, "Jaringan P": 1.08, "Jumlah Box": 0, "Sprinkler": false, "Luas Layan": 6.5, "Luas Tanam": 6.5, "Luas Tan_1": 13.0, "Peningkata": 6.5, "Unit": false, "Daya (kVA)": null, "Unit_1": true, "Daya (kV_1": "8.0", "Unit_2": true, "Daya (kV_2": 16.0, "Jenis Peke": "Pembangunan", "Kegiatan": "Tahap I", "field_29": null, "field_30": null, "field_31": null, "field_32": null, "field_33": null, "field_34": null, "field_35": null, "field_36": null, "field_37": null, "field_38": null }, "geometry": { "type": "Point", "coordinates": [ 113.29952, -1.76254 ] } },
{ "type": "Feature", "properties": { "No.": 329, "Nama Kegia": "SDL-KT04-KALII", "Balai": "BWS KALIMANTAN II", "Provinsi": "Kalimantan Tengah", "Kabupaten": "Katingan", "Kecamatan": "Tewang Sangalang Garing", "Desa / Kel": "Tewang Rangkang", "Latitude": -1.73949, "Longitude": 113.28478, "Jenis Infr": "Sumur", "Debit\n(L/d": 1.3, "Kedalaman": 128.0, "Jaringan P": 0.85, "Jumlah Box": 0, "Sprinkler": false, "Luas Layan": 5.0, "Luas Tanam": 5.0, "Luas Tan_1": 10.0, "Peningkata": 5.0, "Unit": false, "Daya (kVA)": null, "Unit_1": true, "Daya (kV_1": "8.0", "Unit_2": true, "Daya (kV_2": 16.0, "Jenis Peke": "Pembangunan", "Kegiatan": "Tahap I", "field_29": null, "field_30": null, "field_31": null, "field_32": null, "field_33": null, "field_34": null, "field_35": null, "field_36": null, "field_37": null, "field_38": null }, "geometry": { "type": "Point", "coordinates": [ 113.28478, -1.73949 ] } },
{ "type": "Feature", "properties": { "No.": 330, "Nama Kegia": "SDL-KT05-KALII", "Balai": "BWS KALIMANTAN II", "Provinsi": "Kalimantan Tengah", "Kabupaten": "Katingan", "Kecamatan": "Katingan Hilir", "Desa / Kel": "Hampalit", "Latitude": -1.91358, "Longitude": 113.29656, "Jenis Infr": "Sumur", "Debit\n(L/d": 2.7, "Kedalaman": 120.0, "Jaringan P": 0.36, "Jumlah Box": 0, "Sprinkler": false, "Luas Layan": 5.0, "Luas Tanam": 5.0, "Luas Tan_1": 10.0, "Peningkata": 5.0, "Unit": false, "Daya (kVA)": null, "Unit_1": true, "Daya (kV_1": "8.0", "Unit_2": true, "Daya (kV_2": 16.0, "Jenis Peke": "Pembangunan", "Kegiatan": "Tahap I", "field_29": null, "field_30": null, "field_31": null, "field_32": null, "field_33": null, "field_34": null, "field_35": null, "field_36": null, "field_37": null, "field_38": null }, "geometry": { "type": "Point", "coordinates": [ 113.29656, -1.91358 ] } },
{ "type": "Feature", "properties": { "No.": 331, "Nama Kegia": "SDL-KB01-KALII", "Balai": "BWS KALIMANTAN II", "Provinsi": "Kalimantan Tengah", "Kabupaten": "Kotawaringin Barat", "Kecamatan": "Pangkalan Banteng", "Desa / Kel": "Karang Sari", "Latitude": -2.574219, "Longitude": 111.88258, "Jenis Infr": "Sumur", "Debit\n(L/d": 6.6, "Kedalaman": 120.0, "Jaringan P": 1.15, "Jumlah Box": 0, "Sprinkler": false, "Luas Layan": 6.5, "Luas Tanam": 6.5, "Luas Tan_1": 13.0, "Peningkata": 6.5, "Unit": false, "Daya (kVA)": null, "Unit_1": true, "Daya (kV_1": "8.0", "Unit_2": true, "Daya (kV_2": 16.0, "Jenis Peke": "Pembangunan", "Kegiatan": "Tahap I", "field_29": null, "field_30": null, "field_31": null, "field_32": null, "field_33": null, "field_34": null, "field_35": null, "field_36": null, "field_37": null, "field_38": null }, "geometry": { "type": "Point", "coordinates": [ 111.88258, -2.574219 ] } },
{ "type": "Feature", "properties": { "No.": 332, "Nama Kegia": "SDL-KB02-KALII", "Balai": "BWS KALIMANTAN II", "Provinsi": "Kalimantan Tengah", "Kabupaten": "Kotawaringin Barat", "Kecamatan": "Pangkalan Banteng", "Desa / Kel": "Karang Sari", "Latitude": -2.576493, "Longitude": 111.885366, "Jenis Infr": "Sumur", "Debit\n(L/d": 6.2, "Kedalaman": 120.0, "Jaringan P": 0.89, "Jumlah Box": 0, "Sprinkler": false, "Luas Layan": 6.5, "Luas Tanam": 6.5, "Luas Tan_1": 13.0, "Peningkata": 6.5, "Unit": false, "Daya (kVA)": null, "Unit_1": true, "Daya (kV_1": "8.0", "Unit_2": true, "Daya (kV_2": 16.0, "Jenis Peke": "Pembangunan", "Kegiatan": "Tahap I", "field_29": null, "field_30": null, "field_31": null, "field_32": null, "field_33": null, "field_34": null, "field_35": null, "field_36": null, "field_37": null, "field_38": null }, "geometry": { "type": "Point", "coordinates": [ 111.885366, -2.576493 ] } },
{ "type": "Feature", "properties": { "No.": 333, "Nama Kegia": "SDL-KB03-KALII", "Balai": "BWS KALIMANTAN II", "Provinsi": "Kalimantan Tengah", "Kabupaten": "Kotawaringin Barat", "Kecamatan": "Pangkalan Banteng", "Desa / Kel": "Berambai Makmur", "Latitude": -2.531806, "Longitude": 111.872139, "Jenis Infr": "Sumur", "Debit\n(L/d": 6.2, "Kedalaman": 120.0, "Jaringan P": 0.91, "Jumlah Box": 0, "Sprinkler": false, "Luas Layan": 6.0, "Luas Tanam": 6.0, "Luas Tan_1": 12.0, "Peningkata": 6.0, "Unit": false, "Daya (kVA)": null, "Unit_1": true, "Daya (kV_1": "8.0", "Unit_2": true, "Daya (kV_2": 16.0, "Jenis Peke": "Pembangunan", "Kegiatan": "Tahap I", "field_29": null, "field_30": null, "field_31": null, "field_32": null, "field_33": null, "field_34": null, "field_35": null, "field_36": null, "field_37": null, "field_38": null }, "geometry": { "type": "Point", "coordinates": [ 111.872139, -2.531806 ] } },
{ "type": "Feature", "properties": { "No.": 334, "Nama Kegia": "SDL-KB04-KALII", "Balai": "BWS KALIMANTAN II", "Provinsi": "Kalimantan Tengah", "Kabupaten": "Kotawaringin Barat", "Kecamatan": "Pangkalan Banteng", "Desa / Kel": "Natai Kerbau", "Latitude": -2.549, "Longitude": 111.897806, "Jenis Infr": "Sumur", "Debit\n(L/d": 6.3, "Kedalaman": 120.0, "Jaringan P": 0.61, "Jumlah Box": 0, "Sprinkler": false, "Luas Layan": 5.0, "Luas Tanam": 5.0, "Luas Tan_1": 10.0, "Peningkata": 5.0, "Unit": false, "Daya (kVA)": null, "Unit_1": true, "Daya (kV_1": "8.0", "Unit_2": true, "Daya (kV_2": 16.0, "Jenis Peke": "Pembangunan", "Kegiatan": "Tahap I", "field_29": null, "field_30": null, "field_31": null, "field_32": null, "field_33": null, "field_34": null, "field_35": null, "field_36": null, "field_37": null, "field_38": null }, "geometry": { "type": "Point", "coordinates": [ 111.897806, -2.549 ] } },
{ "type": "Feature", "properties": { "No.": 335, "Nama Kegia": "SDL-KT01-KALII", "Balai": "BWS KALIMANTAN II", "Provinsi": "Kalimantan Tengah", "Kabupaten": "Kotawaringin Timur", "Kecamatan": "Paranggean", "Desa / Kel": "Mekar Jaya", "Latitude": -2.004666, "Longitude": 112.716394, "Jenis Infr": "Sumur", "Debit\n(L/d": 2.4, "Kedalaman": 120.0, "Jaringan P": 0.56, "Jumlah Box": 0, "Sprinkler": false, "Luas Layan": 5.5, "Luas Tanam": 5.5, "Luas Tan_1": 11.0, "Peningkata": 5.5, "Unit": false, "Daya (kVA)": null, "Unit_1": true, "Daya (kV_1": "8.0", "Unit_2": true, "Daya (kV_2": 16.0, "Jenis Peke": "Pembangunan", "Kegiatan": "Tahap I", "field_29": null, "field_30": null, "field_31": null, "field_32": null, "field_33": null, "field_34": null, "field_35": null, "field_36": null, "field_37": null, "field_38": null }, "geometry": { "type": "Point", "coordinates": [ 112.716394, -2.004666 ] } },
{ "type": "Feature", "properties": { "No.": 336, "Nama Kegia": "SDL-PP01-KALII", "Balai": "BWS KALIMANTAN II", "Provinsi": "Kalimantan Tengah", "Kabupaten": "Pulang Pisau", "Kecamatan": "Jabiren Raya", "Desa / Kel": "Garung", "Latitude": -2.66304, "Longitude": 114.2309, "Jenis Infr": "Sumur", "Debit\n(L/d": 7.2, "Kedalaman": 120.0, "Jaringan P": 0.39, "Jumlah Box": 0, "Sprinkler": false, "Luas Layan": 7.0, "Luas Tanam": 7.0, "Luas Tan_1": 14.0, "Peningkata": 7.0, "Unit": false, "Daya (kVA)": null, "Unit_1": true, "Daya (kV_1": "10.0", "Unit_2": true, "Daya (kV_2": 16.0, "Jenis Peke": "Pembangunan", "Kegiatan": "Tahap I", "field_29": null, "field_30": null, "field_31": null, "field_32": null, "field_33": null, "field_34": null, "field_35": null, "field_36": null, "field_37": null, "field_38": null }, "geometry": { "type": "Point", "coordinates": [ 114.2309, -2.66304 ] } },
{ "type": "Feature", "properties": { "No.": 337, "Nama Kegia": "SDL-PP02-KALII", "Balai": "BWS KALIMANTAN II", "Provinsi": "Kalimantan Tengah", "Kabupaten": "Pulang Pisau", "Kecamatan": "Jabiren Raya", "Desa / Kel": "Henda", "Latitude": -2.61754, "Longitude": 114.20487, "Jenis Infr": "Sumur", "Debit\n(L/d": 6.1, "Kedalaman": 120.0, "Jaringan P": 0.52, "Jumlah Box": 0, "Sprinkler": false, "Luas Layan": 5.0, "Luas Tanam": 5.0, "Luas Tan_1": 10.0, "Peningkata": 5.0, "Unit": false, "Daya (kVA)": null, "Unit_1": true, "Daya (kV_1": "10.0", "Unit_2": true, "Daya (kV_2": 16.0, "Jenis Peke": "Pembangunan", "Kegiatan": "Tahap I", "field_29": null, "field_30": null, "field_31": null, "field_32": null, "field_33": null, "field_34": null, "field_35": null, "field_36": null, "field_37": null, "field_38": null }, "geometry": { "type": "Point", "coordinates": [ 114.20487, -2.61754 ] } },
{ "type": "Feature", "properties": { "No.": 338, "Nama Kegia": "SDL-GM01-KALII", "Balai": "BWS KALIMANTAN II", "Provinsi": "Kalimantan Tengah", "Kabupaten": "Gunung Mas", "Kecamatan": "Kurun", "Desa / Kel": "Desa Tanjung Riu", "Latitude": -1.15449, "Longitude": 113.8388, "Jenis Infr": "Sumur", "Debit\n(L/d": 6.8, "Kedalaman": 144.0, "Jaringan P": 1.0, "Jumlah Box": 0, "Sprinkler": false, "Luas Layan": 10.0, "Luas Tanam": 10.0, "Luas Tan_1": 20.0, "Peningkata": 10.0, "Unit": false, "Daya (kVA)": null, "Unit_1": true, "Daya (kV_1": "10.0", "Unit_2": true, "Daya (kV_2": 20.0, "Jenis Peke": "Pembangunan", "Kegiatan": "Tahap II", "field_29": null, "field_30": null, "field_31": null, "field_32": null, "field_33": null, "field_34": null, "field_35": null, "field_36": null, "field_37": null, "field_38": null }, "geometry": { "type": "Point", "coordinates": [ 113.8388, -1.15449 ] } },
{ "type": "Feature", "properties": { "No.": 339, "Nama Kegia": "SDL-KP01-KALII", "Balai": "BWS KALIMANTAN II", "Provinsi": "Kalimantan Tengah", "Kabupaten": "Kapuas", "Kecamatan": "Pulau Petak", "Desa / Kel": "Desa Sei Tatas Hilir 1", "Latitude": -2.888536, "Longitude": 114.472003, "Jenis Infr": "Sumur", "Debit\n(L/d": 6.5, "Kedalaman": 114.0, "Jaringan P": 1.0, "Jumlah Box": 0, "Sprinkler": false, "Luas Layan": 10.0, "Luas Tanam": 10.0, "Luas Tan_1": 20.0, "Peningkata": 10.0, "Unit": false, "Daya (kVA)": null, "Unit_1": true, "Daya (kV_1": "10.0", "Unit_2": true, "Daya (kV_2": 20.0, "Jenis Peke": "Pembangunan", "Kegiatan": "Tahap II", "field_29": null, "field_30": null, "field_31": null, "field_32": null, "field_33": null, "field_34": null, "field_35": null, "field_36": null, "field_37": null, "field_38": null }, "geometry": { "type": "Point", "coordinates": [ 114.472003, -2.888536 ] } },
{ "type": "Feature", "properties": { "No.": 340, "Nama Kegia": "SDL-KP02-KALII", "Balai": "BWS KALIMANTAN II", "Provinsi": "Kalimantan Tengah", "Kabupaten": "Kapuas", "Kecamatan": "Pulau Petak", "Desa / Kel": "Desa Sei Tatas Hilir 2", "Latitude": -2.884713, "Longitude": 114.464986, "Jenis Infr": "Sumur", "Debit\n(L/d": 6.4, "Kedalaman": 114.0, "Jaringan P": 1.0, "Jumlah Box": 0, "Sprinkler": false, "Luas Layan": 10.0, "Luas Tanam": 10.0, "Luas Tan_1": 20.0, "Peningkata": 10.0, "Unit": false, "Daya (kVA)": null, "Unit_1": true, "Daya (kV_1": "10.0", "Unit_2": true, "Daya (kV_2": 20.0, "Jenis Peke": "Pembangunan", "Kegiatan": "Tahap II", "field_29": null, "field_30": null, "field_31": null, "field_32": null, "field_33": null, "field_34": null, "field_35": null, "field_36": null, "field_37": null, "field_38": null }, "geometry": { "type": "Point", "coordinates": [ 114.464986, -2.884713 ] } },
{ "type": "Feature", "properties": { "No.": 341, "Nama Kegia": "SDL-KB01-KALII", "Balai": "BWS KALIMANTAN II", "Provinsi": "Kalimantan Tengah", "Kabupaten": "Kotawaringin Barat", "Kecamatan": "Pangkalan Banteng", "Desa / Kel": "Desa Berambai Makmur 2", "Latitude": -2.5266, "Longitude": 111.877, "Jenis Infr": "Sumur", "Debit\n(L/d": 6.6, "Kedalaman": 120.0, "Jaringan P": 1.0, "Jumlah Box": 0, "Sprinkler": false, "Luas Layan": 11.5, "Luas Tanam": 11.5, "Luas Tan_1": 23.0, "Peningkata": 11.5, "Unit": false, "Daya (kVA)": null, "Unit_1": true, "Daya (kV_1": "10.0", "Unit_2": true, "Daya (kV_2": 20.0, "Jenis Peke": "Pembangunan", "Kegiatan": "Tahap II", "field_29": null, "field_30": null, "field_31": null, "field_32": null, "field_33": null, "field_34": null, "field_35": null, "field_36": null, "field_37": null, "field_38": null }, "geometry": { "type": "Point", "coordinates": [ 111.877, -2.5266 ] } },
{ "type": "Feature", "properties": { "No.": 342, "Nama Kegia": "SDL-KB02-KALII", "Balai": "BWS KALIMANTAN II", "Provinsi": "Kalimantan Tengah", "Kabupaten": "Kotawaringin Barat", "Kecamatan": "Pangkalan Banteng", "Desa / Kel": "Desa Berambai Makmur 3", "Latitude": -2.532505, "Longitude": 111.877637, "Jenis Infr": "Sumur", "Debit\n(L/d": 6.8, "Kedalaman": 120.0, "Jaringan P": 1.0, "Jumlah Box": 0, "Sprinkler": false, "Luas Layan": 11.5, "Luas Tanam": 11.5, "Luas Tan_1": 23.0, "Peningkata": 11.5, "Unit": false, "Daya (kVA)": null, "Unit_1": true, "Daya (kV_1": "10.0", "Unit_2": true, "Daya (kV_2": 20.0, "Jenis Peke": "Pembangunan", "Kegiatan": "Tahap II", "field_29": null, "field_30": null, "field_31": null, "field_32": null, "field_33": null, "field_34": null, "field_35": null, "field_36": null, "field_37": null, "field_38": null }, "geometry": { "type": "Point", "coordinates": [ 111.877637, -2.532505 ] } },
{ "type": "Feature", "properties": { "No.": 343, "Nama Kegia": "SDL-KB03-KALII", "Balai": "BWS KALIMANTAN II", "Provinsi": "Kalimantan Tengah", "Kabupaten": "Kotawaringin Barat", "Kecamatan": "Pangkalan Banteng", "Desa / Kel": "Desa Berambai Makmur 4", "Latitude": -2.53007, "Longitude": 111.86769, "Jenis Infr": "Sumur", "Debit\n(L/d": 3.0, "Kedalaman": 120.0, "Jaringan P": 1.0, "Jumlah Box": 0, "Sprinkler": false, "Luas Layan": 11.5, "Luas Tanam": 11.5, "Luas Tan_1": 23.0, "Peningkata": 11.5, "Unit": false, "Daya (kVA)": null, "Unit_1": true, "Daya (kV_1": "10.0", "Unit_2": true, "Daya (kV_2": 20.0, "Jenis Peke": "Pembangunan", "Kegiatan": "Tahap II", "field_29": null, "field_30": null, "field_31": null, "field_32": null, "field_33": null, "field_34": null, "field_35": null, "field_36": null, "field_37": null, "field_38": null }, "geometry": { "type": "Point", "coordinates": [ 111.86769, -2.53007 ] } },
{ "type": "Feature", "properties": { "No.": 344, "Nama Kegia": "SDL-KB04-KALII", "Balai": "BWS KALIMANTAN II", "Provinsi": "Kalimantan Tengah", "Kabupaten": "Kotawaringin Barat", "Kecamatan": "Kotawaringin Lama", "Desa / Kel": "Desa Palih Baru", "Latitude": -2.29035, "Longitude": 111.38092, "Jenis Infr": "Sumur", "Debit\n(L/d": 5.0, "Kedalaman": 117.0, "Jaringan P": 1.0, "Jumlah Box": 0, "Sprinkler": false, "Luas Layan": 10.5, "Luas Tanam": 10.5, "Luas Tan_1": 21.0, "Peningkata": 10.5, "Unit": false, "Daya (kVA)": null, "Unit_1": true, "Daya (kV_1": "10.0", "Unit_2": true, "Daya (kV_2": 20.0, "Jenis Peke": "Pembangunan", "Kegiatan": "Tahap II", "field_29": null, "field_30": null, "field_31": null, "field_32": null, "field_33": null, "field_34": null, "field_35": null, "field_36": null, "field_37": null, "field_38": null }, "geometry": { "type": "Point", "coordinates": [ 111.38092, -2.29035 ] } },
{ "type": "Feature", "properties": { "No.": 345, "Nama Kegia": "SDL-KB05-KALII", "Balai": "BWS KALIMANTAN II", "Provinsi": "Kalimantan Tengah", "Kabupaten": "Kotawaringin Barat", "Kecamatan": "Pangkalan Lada", "Desa / Kel": "Desa Purbasari", "Latitude": -2.593267, "Longitude": 111.713883, "Jenis Infr": "Sumur", "Debit\n(L/d": 5.0, "Kedalaman": 114.0, "Jaringan P": 1.0, "Jumlah Box": 0, "Sprinkler": false, "Luas Layan": 10.0, "Luas Tanam": 10.0, "Luas Tan_1": 20.0, "Peningkata": 10.0, "Unit": false, "Daya (kVA)": null, "Unit_1": true, "Daya (kV_1": "10.0", "Unit_2": true, "Daya (kV_2": 20.0, "Jenis Peke": "Pembangunan", "Kegiatan": "Tahap II", "field_29": null, "field_30": null, "field_31": null, "field_32": null, "field_33": null, "field_34": null, "field_35": null, "field_36": null, "field_37": null, "field_38": null }, "geometry": { "type": "Point", "coordinates": [ 111.713883, -2.593267 ] } },
{ "type": "Feature", "properties": { "No.": 346, "Nama Kegia": "SDL-KT01-KALII", "Balai": "BWS KALIMANTAN II", "Provinsi": "Kalimantan Tengah", "Kabupaten": "Kotawaringin Timur", "Kecamatan": "Mentaya Hilir Utara", "Desa / Kel": "Desa Sumber Makmur", "Latitude": -2.727345, "Longitude": 112.89197, "Jenis Infr": "Sumur", "Debit\n(L/d": 5.0, "Kedalaman": 126.0, "Jaringan P": 1.0, "Jumlah Box": 0, "Sprinkler": false, "Luas Layan": 10.0, "Luas Tanam": 10.0, "Luas Tan_1": 20.0, "Peningkata": 10.0, "Unit": false, "Daya (kVA)": null, "Unit_1": true, "Daya (kV_1": "10.0", "Unit_2": true, "Daya (kV_2": 20.0, "Jenis Peke": "Pembangunan", "Kegiatan": "Tahap II", "field_29": null, "field_30": null, "field_31": null, "field_32": null, "field_33": null, "field_34": null, "field_35": null, "field_36": null, "field_37": null, "field_38": null }, "geometry": { "type": "Point", "coordinates": [ 112.89197, -2.727345 ] } },
{ "type": "Feature", "properties": { "No.": 347, "Nama Kegia": "SDL-KT02-KALII", "Balai": "BWS KALIMANTAN II", "Provinsi": "Kalimantan Tengah", "Kabupaten": "Kotawaringin Timur", "Kecamatan": "Mentaya Hilir Utara", "Desa / Kel": "Kelurahan Pasir Putih 1", "Latitude": -2.53788, "Longitude": 112.86552, "Jenis Infr": "Sumur", "Debit\n(L/d": 5.1, "Kedalaman": 120.0, "Jaringan P": 1.0, "Jumlah Box": 0, "Sprinkler": false, "Luas Layan": 12.0, "Luas Tanam": 12.0, "Luas Tan_1": 24.0, "Peningkata": 12.0, "Unit": false, "Daya (kVA)": null, "Unit_1": true, "Daya (kV_1": "10.0", "Unit_2": true, "Daya (kV_2": 20.0, "Jenis Peke": "Pembangunan", "Kegiatan": "Tahap II", "field_29": null, "field_30": null, "field_31": null, "field_32": null, "field_33": null, "field_34": null, "field_35": null, "field_36": null, "field_37": null, "field_38": null }, "geometry": { "type": "Point", "coordinates": [ 112.86552, -2.53788 ] } },
{ "type": "Feature", "properties": { "No.": 348, "Nama Kegia": "SDL-KT03-KALII", "Balai": "BWS KALIMANTAN II", "Provinsi": "Kalimantan Tengah", "Kabupaten": "Kotawaringin Timur", "Kecamatan": "Mentaya Hilir Utara", "Desa / Kel": "Kelurahan Pasir Putih 2", "Latitude": -2.51735, "Longitude": 112.883791, "Jenis Infr": "Sumur", "Debit\n(L/d": 11.0, "Kedalaman": 114.0, "Jaringan P": 1.0, "Jumlah Box": 0, "Sprinkler": false, "Luas Layan": 12.5, "Luas Tanam": 12.5, "Luas Tan_1": 25.0, "Peningkata": 12.5, "Unit": false, "Daya (kVA)": null, "Unit_1": true, "Daya (kV_1": "10.0", "Unit_2": true, "Daya (kV_2": 20.0, "Jenis Peke": "Pembangunan", "Kegiatan": "Tahap II", "field_29": null, "field_30": null, "field_31": null, "field_32": null, "field_33": null, "field_34": null, "field_35": null, "field_36": null, "field_37": null, "field_38": null }, "geometry": { "type": "Point", "coordinates": [ 112.883791, -2.51735 ] } },
{ "type": "Feature", "properties": { "No.": 349, "Nama Kegia": "SDL-KT04-KALII", "Balai": "BWS KALIMANTAN II", "Provinsi": "Kalimantan Tengah", "Kabupaten": "Kotawaringin Timur", "Kecamatan": "Mentawa Baru Ketapang", "Desa / Kel": "Desa Pelangsian", "Latitude": -2.60552, "Longitude": 112.9551, "Jenis Infr": "Sumur", "Debit\n(L/d": 14.1, "Kedalaman": 144.0, "Jaringan P": 1.0, "Jumlah Box": 0, "Sprinkler": false, "Luas Layan": 10.0, "Luas Tanam": 10.0, "Luas Tan_1": 20.0, "Peningkata": 10.0, "Unit": false, "Daya (kVA)": null, "Unit_1": true, "Daya (kV_1": "10.0", "Unit_2": true, "Daya (kV_2": 20.0, "Jenis Peke": "Pembangunan", "Kegiatan": "Tahap II", "field_29": null, "field_30": null, "field_31": null, "field_32": null, "field_33": null, "field_34": null, "field_35": null, "field_36": null, "field_37": null, "field_38": null }, "geometry": { "type": "Point", "coordinates": [ 112.9551, -2.60552 ] } },
{ "type": "Feature", "properties": { "No.": 350, "Nama Kegia": "SDL-KT05-KALII", "Balai": "BWS KALIMANTAN II", "Provinsi": "Kalimantan Tengah", "Kabupaten": "Kotawaringin Timur", "Kecamatan": "Mentawa Baru Ketapang", "Desa / Kel": "Desa Bapeang 1", "Latitude": -2.67566, "Longitude": 112.959791, "Jenis Infr": "Sumur", "Debit\n(L/d": 6.8, "Kedalaman": 126.0, "Jaringan P": 1.0, "Jumlah Box": 0, "Sprinkler": false, "Luas Layan": 12.5, "Luas Tanam": 12.5, "Luas Tan_1": 25.0, "Peningkata": 12.5, "Unit": false, "Daya (kVA)": null, "Unit_1": true, "Daya (kV_1": "10.0", "Unit_2": true, "Daya (kV_2": 20.0, "Jenis Peke": "Pembangunan", "Kegiatan": "Tahap II", "field_29": null, "field_30": null, "field_31": null, "field_32": null, "field_33": null, "field_34": null, "field_35": null, "field_36": null, "field_37": null, "field_38": null }, "geometry": { "type": "Point", "coordinates": [ 112.959791, -2.67566 ] } },
{ "type": "Feature", "properties": { "No.": 351, "Nama Kegia": "SDL-KT06-KALII", "Balai": "BWS KALIMANTAN II", "Provinsi": "Kalimantan Tengah", "Kabupaten": "Kotawaringin Timur", "Kecamatan": "Mentawa Baru Ketapang", "Desa / Kel": "Desa Bapeang 2", "Latitude": -2.675347, "Longitude": 112.951307, "Jenis Infr": "Sumur", "Debit\n(L/d": 3.5, "Kedalaman": 114.0, "Jaringan P": 1.0, "Jumlah Box": 0, "Sprinkler": false, "Luas Layan": 10.0, "Luas Tanam": 10.0, "Luas Tan_1": 20.0, "Peningkata": 10.0, "Unit": false, "Daya (kVA)": null, "Unit_1": true, "Daya (kV_1": "10.0", "Unit_2": true, "Daya (kV_2": 20.0, "Jenis Peke": "Pembangunan", "Kegiatan": "Tahap II", "field_29": null, "field_30": null, "field_31": null, "field_32": null, "field_33": null, "field_34": null, "field_35": null, "field_36": null, "field_37": null, "field_38": null }, "geometry": { "type": "Point", "coordinates": [ 112.951307, -2.675347 ] } },
{ "type": "Feature", "properties": { "No.": 352, "Nama Kegia": "SDL-PP01-KALII", "Balai": "BWS KALIMANTAN II", "Provinsi": "Kalimantan Tengah", "Kabupaten": "Pulang Pisau", "Kecamatan": "Kahayan Tengah", "Desa / Kel": "Desa Bukit Rawi", "Latitude": -2.103042, "Longitude": 113.970073, "Jenis Infr": "Sumur", "Debit\n(L/d": 8.8, "Kedalaman": 120.0, "Jaringan P": 1.0, "Jumlah Box": 0, "Sprinkler": false, "Luas Layan": 10.0, "Luas Tanam": 10.0, "Luas Tan_1": 20.0, "Peningkata": 10.0, "Unit": false, "Daya (kVA)": null, "Unit_1": true, "Daya (kV_1": "10.0", "Unit_2": true, "Daya (kV_2": 20.0, "Jenis Peke": "Pembangunan", "Kegiatan": "Tahap II", "field_29": null, "field_30": null, "field_31": null, "field_32": null, "field_33": null, "field_34": null, "field_35": null, "field_36": null, "field_37": null, "field_38": null }, "geometry": { "type": "Point", "coordinates": [ 113.970073, -2.103042 ] } },
{ "type": "Feature", "properties": { "No.": 353, "Nama Kegia": "SDL-BL001-KAL3", "Balai": "BWS KALIMANTAN III", "Provinsi": "Kalimantan Selatan", "Kabupaten": "Balangan", "Kecamatan": "Paringin Selatan", "Desa / Kel": "Desa Bungin", "Latitude": -2.347333, "Longitude": 115.450361, "Jenis Infr": "Sumur", "Debit\n(L/d": 2.0, "Kedalaman": 100.0, "Jaringan P": 0.89, "Jumlah Box": 7, "Sprinkler": false, "Luas Layan": 11.98, "Luas Tanam": 11.98, "Luas Tan_1": 11.98, "Peningkata": 0.0, "Unit": false, "Daya (kVA)": null, "Unit_1": true, "Daya (kV_1": "5.0", "Unit_2": false, "Daya (kV_2": null, "Jenis Peke": "Rehabilitasi", "Kegiatan": "Tahap I", "field_29": null, "field_30": null, "field_31": null, "field_32": null, "field_33": null, "field_34": null, "field_35": null, "field_36": null, "field_37": null, "field_38": null }, "geometry": { "type": "Point", "coordinates": [ 115.450361, -2.347333 ] } },
{ "type": "Feature", "properties": { "No.": 354, "Nama Kegia": "SDL-BJ001-KAL3", "Balai": "BWS KALIMANTAN III", "Provinsi": "Kalimantan Selatan", "Kabupaten": "Banjar", "Kecamatan": "Beruntung Baru", "Desa / Kel": "Desa Kampung Baru", "Latitude": -3.523917, "Longitude": 114.629583, "Jenis Infr": "Sumur", "Debit\n(L/d": 3.0, "Kedalaman": 126.0, "Jaringan P": 1.26, "Jumlah Box": 8, "Sprinkler": false, "Luas Layan": 10.66, "Luas Tanam": 10.66, "Luas Tan_1": 10.66, "Peningkata": 0.0, "Unit": false, "Daya (kVA)": null, "Unit_1": true, "Daya (kV_1": "6.0", "Unit_2": false, "Daya (kV_2": null, "Jenis Peke": "Rehabilitasi", "Kegiatan": "Tahap I", "field_29": null, "field_30": null, "field_31": null, "field_32": null, "field_33": null, "field_34": null, "field_35": null, "field_36": null, "field_37": null, "field_38": null }, "geometry": { "type": "Point", "coordinates": [ 114.629583, -3.523917 ] } },
{ "type": "Feature", "properties": { "No.": 355, "Nama Kegia": "SDL-BJ002-KAL3", "Balai": "BWS KALIMANTAN III", "Provinsi": "Kalimantan Selatan", "Kabupaten": "Banjar", "Kecamatan": "Beruntung Baru", "Desa / Kel": "Desa Handil Purai", "Latitude": -3.516222, "Longitude": 114.596667, "Jenis Infr": "Sumur", "Debit\n(L/d": 3.0, "Kedalaman": 100.0, "Jaringan P": 0.74, "Jumlah Box": 5, "Sprinkler": false, "Luas Layan": 14.47, "Luas Tanam": 14.47, "Luas Tan_1": 14.47, "Peningkata": 0.0, "Unit": false, "Daya (kVA)": null, "Unit_1": true, "Daya (kV_1": "6.0", "Unit_2": false, "Daya (kV_2": null, "Jenis Peke": "Rehabilitasi", "Kegiatan": "Tahap I", "field_29": null, "field_30": null, "field_31": null, "field_32": null, "field_33": null, "field_34": null, "field_35": null, "field_36": null, "field_37": null, "field_38": null }, "geometry": { "type": "Point", "coordinates": [ 114.596667, -3.516222 ] } },
{ "type": "Feature", "properties": { "No.": 356, "Nama Kegia": "SDL-BJ003-KAL3", "Balai": "BWS KALIMANTAN III", "Provinsi": "Kalimantan Selatan", "Kabupaten": "Banjar", "Kecamatan": "Mataraman", "Desa / Kel": "Desa Simpang Tiga", "Latitude": -3.328972, "Longitude": 114.990194, "Jenis Infr": "Sumur", "Debit\n(L/d": 3.0, "Kedalaman": 130.0, "Jaringan P": 0.74, "Jumlah Box": 6, "Sprinkler": false, "Luas Layan": 10.98, "Luas Tanam": 10.98, "Luas Tan_1": 10.98, "Peningkata": 0.0, "Unit": false, "Daya (kVA)": null, "Unit_1": true, "Daya (kV_1": "3.0", "Unit_2": false, "Daya (kV_2": null, "Jenis Peke": "Pembangunan", "Kegiatan": "Tahap I", "field_29": null, "field_30": null, "field_31": null, "field_32": null, "field_33": null, "field_34": null, "field_35": null, "field_36": null, "field_37": null, "field_38": null }, "geometry": { "type": "Point", "coordinates": [ 114.990194, -3.328972 ] } },
{ "type": "Feature", "properties": { "No.": 357, "Nama Kegia": "SDL-BJ004-KAL3", "Balai": "BWS KALIMANTAN III", "Provinsi": "Kalimantan Selatan", "Kabupaten": "Banjar", "Kecamatan": "Mataraman", "Desa / Kel": "Desa Bawahan Selan", "Latitude": -3.314067, "Longitude": 114.954283, "Jenis Infr": "Sumur", "Debit\n(L/d": 3.0, "Kedalaman": 126.0, "Jaringan P": 0.76, "Jumlah Box": 6, "Sprinkler": false, "Luas Layan": 10.91, "Luas Tanam": 10.91, "Luas Tan_1": 10.91, "Peningkata": 0.0, "Unit": false, "Daya (kVA)": null, "Unit_1": true, "Daya (kV_1": "3.0", "Unit_2": false, "Daya (kV_2": null, "Jenis Peke": "Pembangunan", "Kegiatan": "Tahap I", "field_29": null, "field_30": null, "field_31": null, "field_32": null, "field_33": null, "field_34": null, "field_35": null, "field_36": null, "field_37": null, "field_38": null }, "geometry": { "type": "Point", "coordinates": [ 114.954283, -3.314067 ] } },
{ "type": "Feature", "properties": { "No.": 358, "Nama Kegia": "SDL-BL002-KAL3", "Balai": "BWS KALIMANTAN III", "Provinsi": "Kalimantan Selatan", "Kabupaten": "Balangan", "Kecamatan": "Paringin Selatan", "Desa / Kel": "Bungin", "Latitude": -2.341528, "Longitude": 115.444972, "Jenis Infr": "Sumur", "Debit\n(L/d": 2.0, "Kedalaman": 104.0, "Jaringan P": 1.0, "Jumlah Box": 5, "Sprinkler": false, "Luas Layan": 13.69, "Luas Tanam": 13.69, "Luas Tan_1": 13.69, "Peningkata": 0.0, "Unit": false, "Daya (kVA)": null, "Unit_1": true, "Daya (kV_1": "4.3", "Unit_2": false, "Daya (kV_2": null, "Jenis Peke": "Pembangunan", "Kegiatan": "Tahap II", "field_29": null, "field_30": null, "field_31": null, "field_32": null, "field_33": null, "field_34": null, "field_35": null, "field_36": null, "field_37": null, "field_38": null }, "geometry": { "type": "Point", "coordinates": [ 115.444972, -2.341528 ] } },
{ "type": "Feature", "properties": { "No.": 359, "Nama Kegia": "SDL-BL003-KAL3", "Balai": "BWS KALIMANTAN III", "Provinsi": "Kalimantan Selatan", "Kabupaten": "Balangan", "Kecamatan": "Paringin Selatan", "Desa / Kel": "Bungin", "Latitude": -2.349861, "Longitude": 115.448667, "Jenis Infr": "Sumur", "Debit\n(L/d": 2.0, "Kedalaman": 116.0, "Jaringan P": 1.0, "Jumlah Box": 5, "Sprinkler": false, "Luas Layan": 10.51, "Luas Tanam": 10.51, "Luas Tan_1": 10.51, "Peningkata": 0.0, "Unit": false, "Daya (kVA)": null, "Unit_1": true, "Daya (kV_1": "4.3", "Unit_2": false, "Daya (kV_2": null, "Jenis Peke": "Pembangunan", "Kegiatan": "Tahap II", "field_29": null, "field_30": null, "field_31": null, "field_32": null, "field_33": null, "field_34": null, "field_35": null, "field_36": null, "field_37": null, "field_38": null }, "geometry": { "type": "Point", "coordinates": [ 115.448667, -2.349861 ] } },
{ "type": "Feature", "properties": { "No.": 360, "Nama Kegia": "SDL-BJ006-KAL3", "Balai": "BWS KALIMANTAN III", "Provinsi": "Kalimantan Selatan", "Kabupaten": "Banjar", "Kecamatan": "Beruntung Baru", "Desa / Kel": "Kampung Baru", "Latitude": -3.518694, "Longitude": 114.629389, "Jenis Infr": "Sumur", "Debit\n(L/d": 3.0, "Kedalaman": 110.0, "Jaringan P": 1.0, "Jumlah Box": 5, "Sprinkler": false, "Luas Layan": 10.0, "Luas Tanam": 10.0, "Luas Tan_1": 10.0, "Peningkata": 0.0, "Unit": true, "Daya (kVA)": 13.2, "Unit_1": true, "Daya (kV_1": "13.0", "Unit_2": true, "Daya (kV_2": 25.0, "Jenis Peke": "Pembangunan", "Kegiatan": "Tahap II", "field_29": null, "field_30": null, "field_31": null, "field_32": null, "field_33": null, "field_34": null, "field_35": null, "field_36": null, "field_37": null, "field_38": null }, "geometry": { "type": "Point", "coordinates": [ 114.629389, -3.518694 ] } },
{ "type": "Feature", "properties": { "No.": 361, "Nama Kegia": "SDL-BJ007-KAL3", "Balai": "BWS KALIMANTAN III", "Provinsi": "Kalimantan Selatan", "Kabupaten": "Banjar", "Kecamatan": "Gambut", "Desa / Kel": "Gambut", "Latitude": -3.381944, "Longitude": 114.7155, "Jenis Infr": "Sumur", "Debit\n(L/d": 10.0, "Kedalaman": 130.0, "Jaringan P": 1.0, "Jumlah Box": 5, "Sprinkler": false, "Luas Layan": 13.74, "Luas Tanam": 13.74, "Luas Tan_1": 13.74, "Peningkata": 0.0, "Unit": true, "Daya (kVA)": 33.0, "Unit_1": false, "Daya (kV_1": null, "Unit_2": true, "Daya (kV_2": 34.0, "Jenis Peke": "Pembangunan", "Kegiatan": "Tahap II", "field_29": null, "field_30": null, "field_31": null, "field_32": null, "field_33": null, "field_34": null, "field_35": null, "field_36": null, "field_37": null, "field_38": null }, "geometry": { "type": "Point", "coordinates": [ 114.7155, -3.381944 ] } },
{ "type": "Feature", "properties": { "No.": 362, "Nama Kegia": "SDL-BJ005-KAL3", "Balai": "BWS KALIMANTAN III", "Provinsi": "Kalimantan Selatan", "Kabupaten": "Banjar", "Kecamatan": "Mataraman", "Desa / Kel": "Bawahan Seberang", "Latitude": -3.330778, "Longitude": 114.959972, "Jenis Infr": "Sumur", "Debit\n(L/d": 3.0, "Kedalaman": 100.0, "Jaringan P": 1.0, "Jumlah Box": 5, "Sprinkler": false, "Luas Layan": 10.71, "Luas Tanam": 10.71, "Luas Tan_1": 10.71, "Peningkata": 0.0, "Unit": true, "Daya (kVA)": 13.2, "Unit_1": false, "Daya (kV_1": null, "Unit_2": true, "Daya (kV_2": 25.0, "Jenis Peke": "Pembangunan", "Kegiatan": "Tahap II", "field_29": null, "field_30": null, "field_31": null, "field_32": null, "field_33": null, "field_34": null, "field_35": null, "field_36": null, "field_37": null, "field_38": null }, "geometry": { "type": "Point", "coordinates": [ 114.959972, -3.330778 ] } },
{ "type": "Feature", "properties": { "No.": 363, "Nama Kegia": "SDL-HST001-KAL3", "Balai": "BWS KALIMANTAN III", "Provinsi": "Kalimantan Selatan", "Kabupaten": "Hulu Sungai Tengah", "Kecamatan": "Barabai", "Desa / Kel": "Bakapas", "Latitude": -2.547722, "Longitude": 115.390028, "Jenis Infr": "Sumur", "Debit\n(L/d": 2.0, "Kedalaman": 130.0, "Jaringan P": 1.0, "Jumlah Box": 5, "Sprinkler": false, "Luas Layan": 15.56, "Luas Tanam": 15.56, "Luas Tan_1": 15.56, "Peningkata": 0.0, "Unit": false, "Daya (kVA)": null, "Unit_1": true, "Daya (kV_1": "4.3", "Unit_2": false, "Daya (kV_2": null, "Jenis Peke": "Pembangunan", "Kegiatan": "Tahap II", "field_29": null, "field_30": null, "field_31": null, "field_32": null, "field_33": null, "field_34": null, "field_35": null, "field_36": null, "field_37": null, "field_38": null }, "geometry": { "type": "Point", "coordinates": [ 115.390028, -2.547722 ] } },
{ "type": "Feature", "properties": { "No.": 364, "Nama Kegia": "SDL-HST002-KAL3", "Balai": "BWS KALIMANTAN III", "Provinsi": "Kalimantan Selatan", "Kabupaten": "Hulu Sungai Tengah", "Kecamatan": "Barabai", "Desa / Kel": "Bakapas", "Latitude": -2.544806, "Longitude": 115.390222, "Jenis Infr": "Sumur", "Debit\n(L/d": 2.0, "Kedalaman": 130.0, "Jaringan P": 1.0, "Jumlah Box": 5, "Sprinkler": false, "Luas Layan": 12.16, "Luas Tanam": 12.16, "Luas Tan_1": 12.16, "Peningkata": 0.0, "Unit": false, "Daya (kVA)": null, "Unit_1": true, "Daya (kV_1": "4.3", "Unit_2": false, "Daya (kV_2": null, "Jenis Peke": "Pembangunan", "Kegiatan": "Tahap II", "field_29": null, "field_30": null, "field_31": null, "field_32": null, "field_33": null, "field_34": null, "field_35": null, "field_36": null, "field_37": null, "field_38": null }, "geometry": { "type": "Point", "coordinates": [ 115.390222, -2.544806 ] } },
{ "type": "Feature", "properties": { "No.": 365, "Nama Kegia": "SDL-HST003-KAL3", "Balai": "BWS KALIMANTAN III", "Provinsi": "Kalimantan Selatan", "Kabupaten": "Hulu Sungai Tengah", "Kecamatan": "Barabai", "Desa / Kel": "Bakapas", "Latitude": -2.544139, "Longitude": 115.402306, "Jenis Infr": "Sumur", "Debit\n(L/d": 2.0, "Kedalaman": 110.0, "Jaringan P": 1.0, "Jumlah Box": 5, "Sprinkler": false, "Luas Layan": 9.88, "Luas Tanam": 9.88, "Luas Tan_1": 9.88, "Peningkata": 0.0, "Unit": false, "Daya (kVA)": null, "Unit_1": true, "Daya (kV_1": "4.3", "Unit_2": false, "Daya (kV_2": null, "Jenis Peke": "Pembangunan", "Kegiatan": "Tahap II", "field_29": null, "field_30": null, "field_31": null, "field_32": null, "field_33": null, "field_34": null, "field_35": null, "field_36": null, "field_37": null, "field_38": null }, "geometry": { "type": "Point", "coordinates": [ 115.402306, -2.544139 ] } },
{ "type": "Feature", "properties": { "No.": 366, "Nama Kegia": "SDL-TL001-KAL3", "Balai": "BWS KALIMANTAN III", "Provinsi": "Kalimantan Selatan", "Kabupaten": "Tanah Laut", "Kecamatan": "Takisung", "Desa / Kel": "Gunung Makmur", "Latitude": -3.908833, "Longitude": 114.648361, "Jenis Infr": "Sumur", "Debit\n(L/d": 1.0, "Kedalaman": 48.0, "Jaringan P": 1.0, "Jumlah Box": 5, "Sprinkler": false, "Luas Layan": 9.89, "Luas Tanam": 9.89, "Luas Tan_1": 9.89, "Peningkata": 0.0, "Unit": false, "Daya (kVA)": null, "Unit_1": true, "Daya (kV_1": "4.3", "Unit_2": false, "Daya (kV_2": null, "Jenis Peke": "Pembangunan", "Kegiatan": "Tahap II", "field_29": null, "field_30": null, "field_31": null, "field_32": null, "field_33": null, "field_34": null, "field_35": null, "field_36": null, "field_37": null, "field_38": null }, "geometry": { "type": "Point", "coordinates": [ 114.648361, -3.908833 ] } },
{ "type": "Feature", "properties": { "No.": 367, "Nama Kegia": "SDL-TL002-KAL3", "Balai": "BWS KALIMANTAN III", "Provinsi": "Kalimantan Selatan", "Kabupaten": "Tanah Laut", "Kecamatan": "Takisung", "Desa / Kel": "Sumber Makmur", "Latitude": -3.878028, "Longitude": 114.650861, "Jenis Infr": "Sumur", "Debit\n(L/d": 1.0, "Kedalaman": 52.0, "Jaringan P": 1.0, "Jumlah Box": 5, "Sprinkler": false, "Luas Layan": 11.58, "Luas Tanam": 11.58, "Luas Tan_1": 11.58, "Peningkata": 0.0, "Unit": false, "Daya (kVA)": null, "Unit_1": true, "Daya (kV_1": "4.3", "Unit_2": false, "Daya (kV_2": null, "Jenis Peke": "Pembangunan", "Kegiatan": "Tahap II", "field_29": null, "field_30": null, "field_31": null, "field_32": null, "field_33": null, "field_34": null, "field_35": null, "field_36": null, "field_37": null, "field_38": null }, "geometry": { "type": "Point", "coordinates": [ 114.650861, -3.878028 ] } },
{ "type": "Feature", "properties": { "No.": 368, "Nama Kegia": "SDL-PP001-KAL4", "Balai": "BWS KALIMANTAN IV", "Provinsi": "Kalimantan Timur", "Kabupaten": "Penajam Paser Utara", "Kecamatan": "Babulu", "Desa / Kel": "Labangka Barat", "Latitude": -1.476399, "Longitude": 116.503225, "Jenis Infr": "Sumur", "Debit\n(L/d": 7.0, "Kedalaman": 145.0, "Jaringan P": 1.9, "Jumlah Box": 30, "Sprinkler": false, "Luas Layan": 16.0, "Luas Tanam": 16.0, "Luas Tan_1": 16.0, "Peningkata": 0.0, "Unit": true, "Daya (kVA)": 16.5, "Unit_1": false, "Daya (kV_1": null, "Unit_2": false, "Daya (kV_2": null, "Jenis Peke": "Pembangunan", "Kegiatan": "Tahap I", "field_29": null, "field_30": null, "field_31": null, "field_32": null, "field_33": null, "field_34": null, "field_35": null, "field_36": null, "field_37": null, "field_38": null }, "geometry": { "type": "Point", "coordinates": [ 116.503225, -1.476399 ] } },
{ "type": "Feature", "properties": { "No.": 369, "Nama Kegia": "SDL-PP002-KAL4", "Balai": "BWS KALIMANTAN IV", "Provinsi": "Kalimantan Timur", "Kabupaten": "Penajam Paser Utara", "Kecamatan": "Babulu", "Desa / Kel": "Labangka", "Latitude": -1.492362, "Longitude": 116.506558, "Jenis Infr": "Sumur", "Debit\n(L/d": 7.0, "Kedalaman": 150.0, "Jaringan P": 1.1, "Jumlah Box": 15, "Sprinkler": false, "Luas Layan": 22.15, "Luas Tanam": 22.15, "Luas Tan_1": 22.15, "Peningkata": 0.0, "Unit": true, "Daya (kVA)": 16.5, "Unit_1": false, "Daya (kV_1": null, "Unit_2": false, "Daya (kV_2": null, "Jenis Peke": "Pembangunan", "Kegiatan": "Tahap I", "field_29": null, "field_30": null, "field_31": null, "field_32": null, "field_33": null, "field_34": null, "field_35": null, "field_36": null, "field_37": null, "field_38": null }, "geometry": { "type": "Point", "coordinates": [ 116.506558, -1.492362 ] } },
{ "type": "Feature", "properties": { "No.": 370, "Nama Kegia": "SDL-PP003-KAL4", "Balai": "BWS KALIMANTAN IV", "Provinsi": "Kalimantan Timur", "Kabupaten": "Penajam Paser Utara", "Kecamatan": "Babulu", "Desa / Kel": "Babulu Darat", "Latitude": -1.5055, "Longitude": 116.462, "Jenis Infr": "Sumur", "Debit\n(L/d": 7.0, "Kedalaman": 125.0, "Jaringan P": 0.99, "Jumlah Box": 22, "Sprinkler": false, "Luas Layan": 15.16, "Luas Tanam": 15.16, "Luas Tan_1": 15.16, "Peningkata": 0.0, "Unit": true, "Daya (kVA)": 16.5, "Unit_1": false, "Daya (kV_1": null, "Unit_2": false, "Daya (kV_2": null, "Jenis Peke": "Pembangunan", "Kegiatan": "Tahap I", "field_29": null, "field_30": null, "field_31": null, "field_32": null, "field_33": null, "field_34": null, "field_35": null, "field_36": null, "field_37": null, "field_38": null }, "geometry": { "type": "Point", "coordinates": [ 116.462, -1.5055 ] } },
{ "type": "Feature", "properties": { "No.": 371, "Nama Kegia": "SDL-PP004-KAL4", "Balai": "BWS KALIMANTAN IV", "Provinsi": "Kalimantan Timur", "Kabupaten": "Penajam Paser Utara", "Kecamatan": "Babulu", "Desa / Kel": "Rawa Mulia", "Latitude": -1.569, "Longitude": 116.4674, "Jenis Infr": "Sumur", "Debit\n(L/d": 5.0, "Kedalaman": 115.0, "Jaringan P": 0.72, "Jumlah Box": 12, "Sprinkler": false, "Luas Layan": 10.44, "Luas Tanam": 10.44, "Luas Tan_1": 10.44, "Peningkata": 0.0, "Unit": true, "Daya (kVA)": 16.5, "Unit_1": false, "Daya (kV_1": null, "Unit_2": false, "Daya (kV_2": null, "Jenis Peke": "Pembangunan", "Kegiatan": "Tahap I", "field_29": null, "field_30": null, "field_31": null, "field_32": null, "field_33": null, "field_34": null, "field_35": null, "field_36": null, "field_37": null, "field_38": null }, "geometry": { "type": "Point", "coordinates": [ 116.4674, -1.569 ] } },
{ "type": "Feature", "properties": { "No.": 372, "Nama Kegia": "SDL-BL01-KALV", "Balai": "BWS KALIMANTAN V", "Provinsi": "Kalimantan Utara", "Kabupaten": "Bulungan", "Kecamatan": "Tanjung Selor", "Desa / Kel": "Apung", "Latitude": 2.79125, "Longitude": 117.50678, "Jenis Infr": "Sumur", "Debit\n(L/d": 3.0, "Kedalaman": 150.0, "Jaringan P": 0.2, "Jumlah Box": 4, "Sprinkler": false, "Luas Layan": 5.0, "Luas Tanam": 5.0, "Luas Tan_1": 10.0, "Peningkata": 5.0, "Unit": false, "Daya (kVA)": null, "Unit_1": true, "Daya (kV_1": "5.4", "Unit_2": false, "Daya (kV_2": null, "Jenis Peke": "Pembangunan", "Kegiatan": "Tahap I", "field_29": null, "field_30": null, "field_31": null, "field_32": null, "field_33": null, "field_34": null, "field_35": null, "field_36": null, "field_37": null, "field_38": null }, "geometry": { "type": "Point", "coordinates": [ 117.50678, 2.79125 ] } },
{ "type": "Feature", "properties": { "No.": 373, "Nama Kegia": "SDL-BL02-KALV", "Balai": "BWS KALIMANTAN V", "Provinsi": "Kalimantan Utara", "Kabupaten": "Bulungan", "Kecamatan": "Tanjung Palas Timur", "Desa / Kel": "Pura Sajau", "Latitude": 2.69638, "Longitude": 117.62897, "Jenis Infr": "Sumur", "Debit\n(L/d": 2.0, "Kedalaman": 140.0, "Jaringan P": 0.2, "Jumlah Box": 4, "Sprinkler": false, "Luas Layan": 5.0, "Luas Tanam": 5.0, "Luas Tan_1": 10.0, "Peningkata": 5.0, "Unit": false, "Daya (kVA)": null, "Unit_1": true, "Daya (kV_1": "5.4", "Unit_2": false, "Daya (kV_2": null, "Jenis Peke": "Pembangunan", "Kegiatan": "Tahap I", "field_29": null, "field_30": null, "field_31": null, "field_32": null, "field_33": null, "field_34": null, "field_35": null, "field_36": null, "field_37": null, "field_38": null }, "geometry": { "type": "Point", "coordinates": [ 117.62897, 2.69638 ] } },
{ "type": "Feature", "properties": { "No.": 374, "Nama Kegia": "SDL-NK01-KALV", "Balai": "BWS KALIMANTAN V", "Provinsi": "Kalimantan Utara", "Kabupaten": "Nunukan", "Kecamatan": "Lumbis", "Desa / Kel": "Kalampising", "Latitude": 3.7455, "Longitude": 116.7542, "Jenis Infr": "Sumur", "Debit\n(L/d": 1.5, "Kedalaman": 80.0, "Jaringan P": 0.2, "Jumlah Box": 4, "Sprinkler": false, "Luas Layan": 5.0, "Luas Tanam": 5.0, "Luas Tan_1": 10.0, "Peningkata": 5.0, "Unit": false, "Daya (kVA)": null, "Unit_1": true, "Daya (kV_1": "5.4", "Unit_2": false, "Daya (kV_2": null, "Jenis Peke": "Pembangunan", "Kegiatan": "Tahap I", "field_29": null, "field_30": null, "field_31": null, "field_32": null, "field_33": null, "field_34": null, "field_35": null, "field_36": null, "field_37": null, "field_38": null }, "geometry": { "type": "Point", "coordinates": [ 116.7542, 3.7455 ] } },
{ "type": "Feature", "properties": { "No.": 375, "Nama Kegia": "SDL-NK02-KALV", "Balai": "BWS KALIMANTAN V", "Provinsi": "Kalimantan Utara", "Kabupaten": "Nunukan", "Kecamatan": "Lumbis", "Desa / Kel": "Kalampising", "Latitude": 3.73399, "Longitude": 116.75038, "Jenis Infr": "Sumur", "Debit\n(L/d": 1.5, "Kedalaman": 75.0, "Jaringan P": 0.2, "Jumlah Box": 4, "Sprinkler": false, "Luas Layan": 5.0, "Luas Tanam": 5.0, "Luas Tan_1": 10.0, "Peningkata": 5.0, "Unit": false, "Daya (kVA)": null, "Unit_1": true, "Daya (kV_1": "5.4", "Unit_2": false, "Daya (kV_2": null, "Jenis Peke": "Pembangunan", "Kegiatan": "Tahap I", "field_29": null, "field_30": null, "field_31": null, "field_32": null, "field_33": null, "field_34": null, "field_35": null, "field_36": null, "field_37": null, "field_38": null }, "geometry": { "type": "Point", "coordinates": [ 116.75038, 3.73399 ] } },
{ "type": "Feature", "properties": { "No.": 376, "Nama Kegia": "SDL-TT01-KALV", "Balai": "BWS KALIMANTAN V", "Provinsi": "Kalimantan Utara", "Kabupaten": "Tana Tidung", "Kecamatan": "Muruk Rian", "Desa / Kel": "Sapari", "Latitude": 3.54269, "Longitude": 116.83963, "Jenis Infr": "Sumur", "Debit\n(L/d": 1.5, "Kedalaman": 80.0, "Jaringan P": 0.2, "Jumlah Box": 4, "Sprinkler": false, "Luas Layan": 5.0, "Luas Tanam": 5.0, "Luas Tan_1": 10.0, "Peningkata": 5.0, "Unit": false, "Daya (kVA)": null, "Unit_1": true, "Daya (kV_1": "5.4", "Unit_2": false, "Daya (kV_2": null, "Jenis Peke": "Pembangunan", "Kegiatan": "Tahap I", "field_29": null, "field_30": null, "field_31": null, "field_32": null, "field_33": null, "field_34": null, "field_35": null, "field_36": null, "field_37": null, "field_38": null }, "geometry": { "type": "Point", "coordinates": [ 116.83963, 3.54269 ] } },
{ "type": "Feature", "properties": { "No.": 377, "Nama Kegia": "SDL-TT02-KALV", "Balai": "BWS KALIMANTAN V", "Provinsi": "Kalimantan Utara", "Kabupaten": "Tana Tidung", "Kecamatan": "Sesayap", "Desa / Kel": "Sedulun", "Latitude": 3.58532, "Longitude": 116.86262, "Jenis Infr": "Sumur", "Debit\n(L/d": 2.0, "Kedalaman": 60.0, "Jaringan P": 0.2, "Jumlah Box": 4, "Sprinkler": false, "Luas Layan": 5.0, "Luas Tanam": 5.0, "Luas Tan_1": 10.0, "Peningkata": 5.0, "Unit": false, "Daya (kVA)": null, "Unit_1": true, "Daya (kV_1": "5.4", "Unit_2": false, "Daya (kV_2": null, "Jenis Peke": "Pembangunan", "Kegiatan": "Tahap I", "field_29": null, "field_30": null, "field_31": null, "field_32": null, "field_33": null, "field_34": null, "field_35": null, "field_36": null, "field_37": null, "field_38": null }, "geometry": { "type": "Point", "coordinates": [ 116.86262, 3.58532 ] } },
{ "type": "Feature", "properties": { "No.": 378, "Nama Kegia": "SDL-BL03-KALV", "Balai": "BWS KALIMANTAN V", "Provinsi": "Kalimantan Utara", "Kabupaten": "Bulungan", "Kecamatan": "Tanjung Selor", "Desa / Kel": "Apung", "Latitude": 2.792906, "Longitude": 117.491907, "Jenis Infr": "Sumur", "Debit\n(L/d": 5.0, "Kedalaman": 120.0, "Jaringan P": 1.0, "Jumlah Box": 6, "Sprinkler": false, "Luas Layan": 6.0, "Luas Tanam": 0.0, "Luas Tan_1": 10.0, "Peningkata": 10.0, "Unit": false, "Daya (kVA)": null, "Unit_1": true, "Daya (kV_1": "7.5", "Unit_2": false, "Daya (kV_2": null, "Jenis Peke": "Pembangunan", "Kegiatan": "Tahap II", "field_29": null, "field_30": null, "field_31": null, "field_32": null, "field_33": null, "field_34": null, "field_35": null, "field_36": null, "field_37": null, "field_38": null }, "geometry": { "type": "Point", "coordinates": [ 117.491907, 2.792906 ] } },
{ "type": "Feature", "properties": { "No.": 379, "Nama Kegia": "SDL-BL04-KALV", "Balai": "BWS KALIMANTAN V", "Provinsi": "Kalimantan Utara", "Kabupaten": "Bulungan", "Kecamatan": "Tanjung Selor", "Desa / Kel": "Apung", "Latitude": 2.782438, "Longitude": 117.499268, "Jenis Infr": "Sumur", "Debit\n(L/d": 5.0, "Kedalaman": 136.0, "Jaringan P": 0.51, "Jumlah Box": 6, "Sprinkler": false, "Luas Layan": 6.0, "Luas Tanam": 10.0, "Luas Tan_1": 20.0, "Peningkata": 10.0, "Unit": false, "Daya (kVA)": null, "Unit_1": true, "Daya (kV_1": "7.5", "Unit_2": false, "Daya (kV_2": null, "Jenis Peke": "Pembangunan", "Kegiatan": "Tahap II", "field_29": null, "field_30": null, "field_31": null, "field_32": null, "field_33": null, "field_34": null, "field_35": null, "field_36": null, "field_37": null, "field_38": null }, "geometry": { "type": "Point", "coordinates": [ 117.499268, 2.782438 ] } },
{ "type": "Feature", "properties": { "No.": 380, "Nama Kegia": "SDL-BL05-KALV", "Balai": "BWS KALIMANTAN V", "Provinsi": "Kalimantan Utara", "Kabupaten": "Bulungan", "Kecamatan": "Tanjung Palas Timur", "Desa / Kel": "Pura Sajau", "Latitude": 2.703905, "Longitude": 117.628627, "Jenis Infr": "Sumur", "Debit\n(L/d": 5.0, "Kedalaman": 123.0, "Jaringan P": 0.8, "Jumlah Box": 6, "Sprinkler": false, "Luas Layan": 10.0, "Luas Tanam": 10.0, "Luas Tan_1": 20.0, "Peningkata": 10.0, "Unit": false, "Daya (kVA)": null, "Unit_1": true, "Daya (kV_1": "7.5", "Unit_2": false, "Daya (kV_2": null, "Jenis Peke": "Pembangunan", "Kegiatan": "Tahap II", "field_29": null, "field_30": null, "field_31": null, "field_32": null, "field_33": null, "field_34": null, "field_35": null, "field_36": null, "field_37": null, "field_38": null }, "geometry": { "type": "Point", "coordinates": [ 117.628627, 2.703905 ] } },
{ "type": "Feature", "properties": { "No.": 381, "Nama Kegia": "SDL-BL06-KALV", "Balai": "BWS KALIMANTAN V", "Provinsi": "Kalimantan Utara", "Kabupaten": "Bulungan", "Kecamatan": "Tanjung Palas", "Desa / Kel": "Penisir", "Latitude": 2.788192, "Longitude": 117.329351, "Jenis Infr": "Sumur", "Debit\n(L/d": 2.5, "Kedalaman": 80.0, "Jaringan P": 1.2, "Jumlah Box": 8, "Sprinkler": false, "Luas Layan": 16.0, "Luas Tanam": 12.0, "Luas Tan_1": 24.0, "Peningkata": 12.0, "Unit": false, "Daya (kVA)": null, "Unit_1": true, "Daya (kV_1": "7.5", "Unit_2": false, "Daya (kV_2": null, "Jenis Peke": "Pembangunan", "Kegiatan": "Tahap II", "field_29": null, "field_30": null, "field_31": null, "field_32": null, "field_33": null, "field_34": null, "field_35": null, "field_36": null, "field_37": null, "field_38": null }, "geometry": { "type": "Point", "coordinates": [ 117.329351, 2.788192 ] } },
{ "type": "Feature", "properties": { "No.": 382, "Nama Kegia": "SDL-NK03-KALV", "Balai": "BWS KALIMANTAN V", "Provinsi": "Kalimantan Utara", "Kabupaten": "Nunukan", "Kecamatan": "Sembakung", "Desa / Kel": "Atap", "Latitude": 3.855299, "Longitude": 117.050229, "Jenis Infr": "Sumur", "Debit\n(L/d": 2.5, "Kedalaman": 88.0, "Jaringan P": 0.6, "Jumlah Box": 4, "Sprinkler": false, "Luas Layan": 14.0, "Luas Tanam": 10.0, "Luas Tan_1": 20.0, "Peningkata": 10.0, "Unit": false, "Daya (kVA)": null, "Unit_1": true, "Daya (kV_1": "7.5", "Unit_2": false, "Daya (kV_2": null, "Jenis Peke": "Pembangunan", "Kegiatan": "Tahap II", "field_29": null, "field_30": null, "field_31": null, "field_32": null, "field_33": null, "field_34": null, "field_35": null, "field_36": null, "field_37": null, "field_38": null }, "geometry": { "type": "Point", "coordinates": [ 117.050229, 3.855299 ] } },
{ "type": "Feature", "properties": { "No.": 383, "Nama Kegia": "SDL-NK04-KALV", "Balai": "BWS KALIMANTAN V", "Provinsi": "Kalimantan Utara", "Kabupaten": "Nunukan", "Kecamatan": "Sembakung", "Desa / Kel": "Atap", "Latitude": 3.855754, "Longitude": 117.053256, "Jenis Infr": "Sumur", "Debit\n(L/d": 2.5, "Kedalaman": 100.0, "Jaringan P": 0.38, "Jumlah Box": 3, "Sprinkler": false, "Luas Layan": 14.0, "Luas Tanam": 12.5, "Luas Tan_1": 25.0, "Peningkata": 12.5, "Unit": false, "Daya (kVA)": null, "Unit_1": true, "Daya (kV_1": "7.5", "Unit_2": false, "Daya (kV_2": null, "Jenis Peke": "Pembangunan", "Kegiatan": "Tahap II", "field_29": null, "field_30": null, "field_31": null, "field_32": null, "field_33": null, "field_34": null, "field_35": null, "field_36": null, "field_37": null, "field_38": null }, "geometry": { "type": "Point", "coordinates": [ 117.053256, 3.855754 ] } },
{ "type": "Feature", "properties": { "No.": 384, "Nama Kegia": "SDL-TT03-KALV", "Balai": "BWS KALIMANTAN V", "Provinsi": "Kalimantan Utara", "Kabupaten": "Tana Tidung", "Kecamatan": "Sesayap", "Desa / Kel": "Sebidai", "Latitude": 3.584805, "Longitude": 116.927917, "Jenis Infr": "Sumur", "Debit\n(L/d": 2.5, "Kedalaman": 86.0, "Jaringan P": 0.81, "Jumlah Box": 6, "Sprinkler": false, "Luas Layan": 7.0, "Luas Tanam": 0.0, "Luas Tan_1": 8.0, "Peningkata": 8.0, "Unit": false, "Daya (kVA)": null, "Unit_1": true, "Daya (kV_1": "7.5", "Unit_2": false, "Daya (kV_2": null, "Jenis Peke": "Pembangunan", "Kegiatan": "Tahap II", "field_29": null, "field_30": null, "field_31": null, "field_32": null, "field_33": null, "field_34": null, "field_35": null, "field_36": null, "field_37": null, "field_38": null }, "geometry": { "type": "Point", "coordinates": [ 116.927917, 3.584805 ] } },
{ "type": "Feature", "properties": { "No.": 385, "Nama Kegia": "SDL-TT04-KALV", "Balai": "BWS KALIMANTAN V", "Provinsi": "Kalimantan Utara", "Kabupaten": "Tana Tidung", "Kecamatan": "Sesayap", "Desa / Kel": "Gunawan", "Latitude": 3.552873, "Longitude": 116.904337, "Jenis Infr": "Sumur", "Debit\n(L/d": 2.5, "Kedalaman": 80.0, "Jaringan P": 0.37, "Jumlah Box": 4, "Sprinkler": false, "Luas Layan": 7.0, "Luas Tanam": 0.0, "Luas Tan_1": 8.0, "Peningkata": 8.0, "Unit": false, "Daya (kVA)": null, "Unit_1": true, "Daya (kV_1": "7.5", "Unit_2": false, "Daya (kV_2": null, "Jenis Peke": "Pembangunan", "Kegiatan": "Tahap II", "field_29": null, "field_30": null, "field_31": null, "field_32": null, "field_33": null, "field_34": null, "field_35": null, "field_36": null, "field_37": null, "field_38": null }, "geometry": { "type": "Point", "coordinates": [ 116.904337, 3.552873 ] } },
{ "type": "Feature", "properties": { "No.": 386, "Nama Kegia": "JIAT Grandeng 1", "Balai": "BWS MALUKU", "Provinsi": "Maluku", "Kabupaten": "Buru", "Kecamatan": "Lolong Guba", "Desa / Kel": "Grandeng", "Latitude": -3.43505, "Longitude": 126.916983, "Jenis Infr": "Sumur", "Debit\n(L/d": 5.0, "Kedalaman": 65.0, "Jaringan P": 0.5, "Jumlah Box": 4, "Sprinkler": false, "Luas Layan": 25.0, "Luas Tanam": 0.0, "Luas Tan_1": 25.0, "Peningkata": 25.0, "Unit": false, "Daya (kVA)": null, "Unit_1": true, "Daya (kV_1": "9.9", "Unit_2": false, "Daya (kV_2": null, "Jenis Peke": "Pembangunan", "Kegiatan": "Tahap I", "field_29": null, "field_30": null, "field_31": null, "field_32": null, "field_33": null, "field_34": null, "field_35": null, "field_36": null, "field_37": null, "field_38": null }, "geometry": { "type": "Point", "coordinates": [ 126.916983, -3.43505 ] } },
{ "type": "Feature", "properties": { "No.": 387, "Nama Kegia": "JIAT Grandeng 2", "Balai": "BWS MALUKU", "Provinsi": "Maluku", "Kabupaten": "Buru", "Kecamatan": "Lolong Guba", "Desa / Kel": "Grandeng", "Latitude": -3.437494, "Longitude": 126.912806, "Jenis Infr": "Sumur", "Debit\n(L/d": 5.0, "Kedalaman": 72.0, "Jaringan P": 0.5, "Jumlah Box": 4, "Sprinkler": false, "Luas Layan": 25.0, "Luas Tanam": 0.0, "Luas Tan_1": 25.0, "Peningkata": 25.0, "Unit": false, "Daya (kVA)": null, "Unit_1": true, "Daya (kV_1": "9.9", "Unit_2": false, "Daya (kV_2": null, "Jenis Peke": "Pembangunan", "Kegiatan": "Tahap I", "field_29": null, "field_30": null, "field_31": null, "field_32": null, "field_33": null, "field_34": null, "field_35": null, "field_36": null, "field_37": null, "field_38": null }, "geometry": { "type": "Point", "coordinates": [ 126.912806, -3.437494 ] } },
{ "type": "Feature", "properties": { "No.": 388, "Nama Kegia": "JIAT SM. UXI 1", "Balai": "BWS MALUKU", "Provinsi": "Maluku", "Kabupaten": "Buru", "Kecamatan": "Lolong Guba", "Desa / Kel": "Grandeng", "Latitude": -3.453056, "Longitude": 126.914056, "Jenis Infr": "Sumur", "Debit\n(L/d": 5.0, "Kedalaman": 40.0, "Jaringan P": 0.25, "Jumlah Box": 3, "Sprinkler": false, "Luas Layan": 25.0, "Luas Tanam": 0.0, "Luas Tan_1": 25.0, "Peningkata": 25.0, "Unit": false, "Daya (kVA)": null, "Unit_1": true, "Daya (kV_1": "9.9", "Unit_2": false, "Daya (kV_2": null, "Jenis Peke": "Rehabilitasi", "Kegiatan": "Tahap I", "field_29": null, "field_30": null, "field_31": null, "field_32": null, "field_33": null, "field_34": null, "field_35": null, "field_36": null, "field_37": null, "field_38": null }, "geometry": { "type": "Point", "coordinates": [ 126.914056, -3.453056 ] } },
{ "type": "Feature", "properties": { "No.": 389, "Nama Kegia": "SDL-KB01-MAL", "Balai": "BWS MALUKU", "Provinsi": "Maluku", "Kabupaten": "Buru", "Kecamatan": "Waelata", "Desa / Kel": "Parbulu", "Latitude": -3.434317, "Longitude": 126.999572, "Jenis Infr": "Sumur", "Debit\n(L/d": 5.0, "Kedalaman": 66.0, "Jaringan P": 0.5, "Jumlah Box": 5, "Sprinkler": false, "Luas Layan": 25.0, "Luas Tanam": 10.0, "Luas Tan_1": 25.0, "Peningkata": 15.0, "Unit": false, "Daya (kVA)": null, "Unit_1": true, "Daya (kV_1": "9.9", "Unit_2": false, "Daya (kV_2": null, "Jenis Peke": "Pembangunan", "Kegiatan": "Tahap I", "field_29": null, "field_30": null, "field_31": null, "field_32": null, "field_33": null, "field_34": null, "field_35": null, "field_36": null, "field_37": null, "field_38": null }, "geometry": { "type": "Point", "coordinates": [ 126.999572, -3.434317 ] } },
{ "type": "Feature", "properties": { "No.": 390, "Nama Kegia": "SMN-KB02-MAL", "Balai": "BWS MALUKU", "Provinsi": "Maluku", "Kabupaten": "Buru", "Kecamatan": "Waelata", "Desa / Kel": "Parbulu", "Latitude": -3.428897, "Longitude": 126.999522, "Jenis Infr": "Sumur", "Debit\n(L/d": 5.0, "Kedalaman": 32.0, "Jaringan P": 0.5, "Jumlah Box": 5, "Sprinkler": false, "Luas Layan": 25.0, "Luas Tanam": 10.0, "Luas Tan_1": 25.0, "Peningkata": 15.0, "Unit": false, "Daya (kVA)": null, "Unit_1": true, "Daya (kV_1": "9.9", "Unit_2": false, "Daya (kV_2": null, "Jenis Peke": "Pembangunan", "Kegiatan": "Tahap I", "field_29": null, "field_30": null, "field_31": null, "field_32": null, "field_33": null, "field_34": null, "field_35": null, "field_36": null, "field_37": null, "field_38": null }, "geometry": { "type": "Point", "coordinates": [ 126.999522, -3.428897 ] } },
{ "type": "Feature", "properties": { "No.": 391, "Nama Kegia": "SMN-KB03-MAL", "Balai": "BWS MALUKU", "Provinsi": "Maluku", "Kabupaten": "Buru", "Kecamatan": "Waelata", "Desa / Kel": "Parbulu", "Latitude": -3.4283, "Longitude": 127.0048, "Jenis Infr": "Sumur", "Debit\n(L/d": 5.0, "Kedalaman": 51.0, "Jaringan P": 0.5, "Jumlah Box": 5, "Sprinkler": false, "Luas Layan": 25.0, "Luas Tanam": 12.0, "Luas Tan_1": 25.0, "Peningkata": 13.0, "Unit": false, "Daya (kVA)": null, "Unit_1": true, "Daya (kV_1": "9.9", "Unit_2": false, "Daya (kV_2": null, "Jenis Peke": "Pembangunan", "Kegiatan": "Tahap I", "field_29": null, "field_30": null, "field_31": null, "field_32": null, "field_33": null, "field_34": null, "field_35": null, "field_36": null, "field_37": null, "field_38": null }, "geometry": { "type": "Point", "coordinates": [ 127.0048, -3.4283 ] } },
{ "type": "Feature", "properties": { "No.": 392, "Nama Kegia": "SMN-KB04-MAL", "Balai": "BWS MALUKU", "Provinsi": "Maluku", "Kabupaten": "Buru", "Kecamatan": "Waelata", "Desa / Kel": "Waeleman", "Latitude": -3.494344, "Longitude": 126.917906, "Jenis Infr": "Sumur", "Debit\n(L/d": 5.0, "Kedalaman": 51.0, "Jaringan P": 0.5, "Jumlah Box": 3, "Sprinkler": false, "Luas Layan": 25.0, "Luas Tanam": 15.0, "Luas Tan_1": 25.0, "Peningkata": 10.0, "Unit": false, "Daya (kVA)": null, "Unit_1": true, "Daya (kV_1": "9.9", "Unit_2": false, "Daya (kV_2": null, "Jenis Peke": "Pembangunan", "Kegiatan": "Tahap I", "field_29": null, "field_30": null, "field_31": null, "field_32": null, "field_33": null, "field_34": null, "field_35": null, "field_36": null, "field_37": null, "field_38": null }, "geometry": { "type": "Point", "coordinates": [ 126.917906, -3.494344 ] } },
{ "type": "Feature", "properties": { "No.": 393, "Nama Kegia": "SDL-KB05-MAL", "Balai": "BWS MALUKU", "Provinsi": "Maluku", "Kabupaten": "Buru", "Kecamatan": "Waelata", "Desa / Kel": "Waeleman", "Latitude": -3.463861, "Longitude": 126.932431, "Jenis Infr": "Sumur", "Debit\n(L/d": 5.0, "Kedalaman": 63.0, "Jaringan P": 0.5, "Jumlah Box": 3, "Sprinkler": false, "Luas Layan": 25.0, "Luas Tanam": 12.0, "Luas Tan_1": 25.0, "Peningkata": 13.0, "Unit": false, "Daya (kVA)": null, "Unit_1": true, "Daya (kV_1": "9.9", "Unit_2": false, "Daya (kV_2": null, "Jenis Peke": "Pembangunan", "Kegiatan": "Tahap I", "field_29": null, "field_30": null, "field_31": null, "field_32": null, "field_33": null, "field_34": null, "field_35": null, "field_36": null, "field_37": null, "field_38": null }, "geometry": { "type": "Point", "coordinates": [ 126.932431, -3.463861 ] } },
{ "type": "Feature", "properties": { "No.": 394, "Nama Kegia": "JIAT Savanajaya 1", "Balai": "BWS MALUKU", "Provinsi": "Maluku", "Kabupaten": "Buru", "Kecamatan": "Waeapo", "Desa / Kel": "Savanajaya", "Latitude": -3.304339, "Longitude": 127.014828, "Jenis Infr": "Sumur", "Debit\n(L/d": 5.0, "Kedalaman": 66.0, "Jaringan P": 0.5, "Jumlah Box": 4, "Sprinkler": false, "Luas Layan": 25.0, "Luas Tanam": 15.0, "Luas Tan_1": 25.0, "Peningkata": 10.0, "Unit": false, "Daya (kVA)": null, "Unit_1": true, "Daya (kV_1": "9.9", "Unit_2": false, "Daya (kV_2": null, "Jenis Peke": "Pembangunan", "Kegiatan": "Tahap I", "field_29": null, "field_30": null, "field_31": null, "field_32": null, "field_33": null, "field_34": null, "field_35": null, "field_36": null, "field_37": null, "field_38": null }, "geometry": { "type": "Point", "coordinates": [ 127.014828, -3.304339 ] } },
{ "type": "Feature", "properties": { "No.": 395, "Nama Kegia": "JIAT Savanajaya 2", "Balai": "BWS MALUKU", "Provinsi": "Maluku", "Kabupaten": "Buru", "Kecamatan": "Waeapo", "Desa / Kel": "Savanajaya", "Latitude": -3.320631, "Longitude": 127.019061, "Jenis Infr": "Sumur", "Debit\n(L/d": 5.0, "Kedalaman": 66.0, "Jaringan P": 0.5, "Jumlah Box": 4, "Sprinkler": false, "Luas Layan": 25.0, "Luas Tanam": 15.0, "Luas Tan_1": 25.0, "Peningkata": 10.0, "Unit": false, "Daya (kVA)": null, "Unit_1": true, "Daya (kV_1": "9.9", "Unit_2": false, "Daya (kV_2": null, "Jenis Peke": "Pembangunan", "Kegiatan": "Tahap I", "field_29": null, "field_30": null, "field_31": null, "field_32": null, "field_33": null, "field_34": null, "field_35": null, "field_36": null, "field_37": null, "field_38": null }, "geometry": { "type": "Point", "coordinates": [ 127.019061, -3.320631 ] } },
{ "type": "Feature", "properties": { "No.": 396, "Nama Kegia": "JIAT Waekasar 1", "Balai": "BWS MALUKU", "Provinsi": "Maluku", "Kabupaten": "Buru", "Kecamatan": "Waeapo", "Desa / Kel": "Waekasar", "Latitude": -3.343056, "Longitude": 126.989083, "Jenis Infr": "Sumur", "Debit\n(L/d": 5.0, "Kedalaman": 70.0, "Jaringan P": 0.5, "Jumlah Box": 4, "Sprinkler": false, "Luas Layan": 25.0, "Luas Tanam": 15.0, "Luas Tan_1": 25.0, "Peningkata": 10.0, "Unit": false, "Daya (kVA)": null, "Unit_1": true, "Daya (kV_1": "9.9", "Unit_2": false, "Daya (kV_2": null, "Jenis Peke": "Pembangunan", "Kegiatan": "Tahap I", "field_29": null, "field_30": null, "field_31": null, "field_32": null, "field_33": null, "field_34": null, "field_35": null, "field_36": null, "field_37": null, "field_38": null }, "geometry": { "type": "Point", "coordinates": [ 126.989083, -3.343056 ] } },
{ "type": "Feature", "properties": { "No.": 397, "Nama Kegia": "SMN-KB09-MAL", "Balai": "BWS MALUKU", "Provinsi": "Maluku", "Kabupaten": "Buru", "Kecamatan": "Waeapo", "Desa / Kel": "Wanareja", "Latitude": -3.385256, "Longitude": 126.971992, "Jenis Infr": "Sumur", "Debit\n(L/d": 5.0, "Kedalaman": 44.0, "Jaringan P": 0.25, "Jumlah Box": 3, "Sprinkler": false, "Luas Layan": 25.0, "Luas Tanam": 15.0, "Luas Tan_1": 25.0, "Peningkata": 10.0, "Unit": false, "Daya (kVA)": null, "Unit_1": true, "Daya (kV_1": "9.9", "Unit_2": false, "Daya (kV_2": null, "Jenis Peke": "Rehabilitasi", "Kegiatan": "Tahap I", "field_29": null, "field_30": null, "field_31": null, "field_32": null, "field_33": null, "field_34": null, "field_35": null, "field_36": null, "field_37": null, "field_38": null }, "geometry": { "type": "Point", "coordinates": [ 126.971992, -3.385256 ] } },
{ "type": "Feature", "properties": { "No.": 398, "Nama Kegia": "SDL-KB06-MAL", "Balai": "BWS MALUKU", "Provinsi": "Maluku", "Kabupaten": "Buru", "Kecamatan": "Waeapo", "Desa / Kel": "Waekasar", "Latitude": -3.341611, "Longitude": 126.986583, "Jenis Infr": "Sumur", "Debit\n(L/d": 5.0, "Kedalaman": 65.0, "Jaringan P": 0.25, "Jumlah Box": 2, "Sprinkler": false, "Luas Layan": 25.0, "Luas Tanam": 10.0, "Luas Tan_1": 25.0, "Peningkata": 15.0, "Unit": false, "Daya (kVA)": null, "Unit_1": true, "Daya (kV_1": "9.9", "Unit_2": false, "Daya (kV_2": null, "Jenis Peke": "Rehabilitasi", "Kegiatan": "Tahap I", "field_29": null, "field_30": null, "field_31": null, "field_32": null, "field_33": null, "field_34": null, "field_35": null, "field_36": null, "field_37": null, "field_38": null }, "geometry": { "type": "Point", "coordinates": [ 126.986583, -3.341611 ] } },
{ "type": "Feature", "properties": { "No.": 399, "Nama Kegia": "SMN-KB07-MAL", "Balai": "BWS MALUKU", "Provinsi": "Maluku", "Kabupaten": "Buru", "Kecamatan": "Waeapo", "Desa / Kel": "Waekasar", "Latitude": -3.34225, "Longitude": 126.982417, "Jenis Infr": "Sumur", "Debit\n(L/d": 5.0, "Kedalaman": 32.0, "Jaringan P": 0.25, "Jumlah Box": 1, "Sprinkler": false, "Luas Layan": 25.0, "Luas Tanam": 15.0, "Luas Tan_1": 25.0, "Peningkata": 10.0, "Unit": false, "Daya (kVA)": null, "Unit_1": true, "Daya (kV_1": "9.9", "Unit_2": false, "Daya (kV_2": null, "Jenis Peke": "Rehabilitasi", "Kegiatan": "Tahap I", "field_29": null, "field_30": null, "field_31": null, "field_32": null, "field_33": null, "field_34": null, "field_35": null, "field_36": null, "field_37": null, "field_38": null }, "geometry": { "type": "Point", "coordinates": [ 126.982417, -3.34225 ] } },
{ "type": "Feature", "properties": { "No.": 400, "Nama Kegia": "SMN-KB08-MAL", "Balai": "BWS MALUKU", "Provinsi": "Maluku", "Kabupaten": "Buru", "Kecamatan": "Waeapo", "Desa / Kel": "Waekasar", "Latitude": -3.355328, "Longitude": 126.979428, "Jenis Infr": "Sumur", "Debit\n(L/d": 5.0, "Kedalaman": 44.0, "Jaringan P": 0.25, "Jumlah Box": 2, "Sprinkler": false, "Luas Layan": 25.0, "Luas Tanam": 15.0, "Luas Tan_1": 25.0, "Peningkata": 10.0, "Unit": false, "Daya (kVA)": null, "Unit_1": true, "Daya (kV_1": "9.9", "Unit_2": false, "Daya (kV_2": null, "Jenis Peke": "Rehabilitasi", "Kegiatan": "Tahap I", "field_29": null, "field_30": null, "field_31": null, "field_32": null, "field_33": null, "field_34": null, "field_35": null, "field_36": null, "field_37": null, "field_38": null }, "geometry": { "type": "Point", "coordinates": [ 126.979428, -3.355328 ] } },
{ "type": "Feature", "properties": { "No.": 401, "Nama Kegia": "SMN-KB10-MAL", "Balai": "BWS MALUKU", "Provinsi": "Maluku", "Kabupaten": "Buru", "Kecamatan": "Waeapo", "Desa / Kel": "Waetele", "Latitude": -3.330242, "Longitude": 126.976731, "Jenis Infr": "Sumur", "Debit\n(L/d": 5.0, "Kedalaman": 48.0, "Jaringan P": 0.25, "Jumlah Box": 2, "Sprinkler": false, "Luas Layan": 25.0, "Luas Tanam": 15.0, "Luas Tan_1": 25.0, "Peningkata": 10.0, "Unit": false, "Daya (kVA)": null, "Unit_1": true, "Daya (kV_1": "9.9", "Unit_2": false, "Daya (kV_2": null, "Jenis Peke": "Rehabilitasi", "Kegiatan": "Tahap I", "field_29": null, "field_30": null, "field_31": null, "field_32": null, "field_33": null, "field_34": null, "field_35": null, "field_36": null, "field_37": null, "field_38": null }, "geometry": { "type": "Point", "coordinates": [ 126.976731, -3.330242 ] } },
{ "type": "Feature", "properties": { "No.": 402, "Nama Kegia": "JIAT SM. WK.1", "Balai": "BWS MALUKU", "Provinsi": "Maluku", "Kabupaten": "Buru", "Kecamatan": "Waeapo", "Desa / Kel": "Waekasar", "Latitude": -3.337528, "Longitude": 126.975889, "Jenis Infr": "Sumur", "Debit\n(L/d": 5.0, "Kedalaman": 40.0, "Jaringan P": 0.25, "Jumlah Box": 3, "Sprinkler": false, "Luas Layan": 25.0, "Luas Tanam": 15.0, "Luas Tan_1": 25.0, "Peningkata": 10.0, "Unit": false, "Daya (kVA)": null, "Unit_1": true, "Daya (kV_1": "9.9", "Unit_2": false, "Daya (kV_2": null, "Jenis Peke": "Rehabilitasi", "Kegiatan": "Tahap I", "field_29": null, "field_30": null, "field_31": null, "field_32": null, "field_33": null, "field_34": null, "field_35": null, "field_36": null, "field_37": null, "field_38": null }, "geometry": { "type": "Point", "coordinates": [ 126.975889, -3.337528 ] } },
{ "type": "Feature", "properties": { "No.": 403, "Nama Kegia": "JIAT. SM. WK.5", "Balai": "BWS MALUKU", "Provinsi": "Maluku", "Kabupaten": "Buru", "Kecamatan": "Waeapo", "Desa / Kel": "Waekasar", "Latitude": -3.354222, "Longitude": 126.99625, "Jenis Infr": "Sumur", "Debit\n(L/d": 5.0, "Kedalaman": 44.0, "Jaringan P": 0.25, "Jumlah Box": 3, "Sprinkler": false, "Luas Layan": 25.0, "Luas Tanam": 15.0, "Luas Tan_1": 25.0, "Peningkata": 10.0, "Unit": false, "Daya (kVA)": null, "Unit_1": true, "Daya (kV_1": "9.9", "Unit_2": false, "Daya (kV_2": null, "Jenis Peke": "Rehabilitasi", "Kegiatan": "Tahap I", "field_29": null, "field_30": null, "field_31": null, "field_32": null, "field_33": null, "field_34": null, "field_35": null, "field_36": null, "field_37": null, "field_38": null }, "geometry": { "type": "Point", "coordinates": [ 126.99625, -3.354222 ] } },
{ "type": "Feature", "properties": { "No.": 404, "Nama Kegia": "JIAT SM. WK.7", "Balai": "BWS MALUKU", "Provinsi": "Maluku", "Kabupaten": "Buru", "Kecamatan": "Waeapo", "Desa / Kel": "Waetele", "Latitude": -3.332119, "Longitude": 126.973603, "Jenis Infr": "Sumur", "Debit\n(L/d": 5.0, "Kedalaman": 40.0, "Jaringan P": 0.25, "Jumlah Box": 3, "Sprinkler": false, "Luas Layan": 25.0, "Luas Tanam": 15.0, "Luas Tan_1": 25.0, "Peningkata": 10.0, "Unit": false, "Daya (kVA)": null, "Unit_1": true, "Daya (kV_1": "9.9", "Unit_2": false, "Daya (kV_2": null, "Jenis Peke": "Rehabilitasi", "Kegiatan": "Tahap I", "field_29": null, "field_30": null, "field_31": null, "field_32": null, "field_33": null, "field_34": null, "field_35": null, "field_36": null, "field_37": null, "field_38": null }, "geometry": { "type": "Point", "coordinates": [ 126.973603, -3.332119 ] } },
{ "type": "Feature", "properties": { "No.": 405, "Nama Kegia": "JIAT SM. WT.3", "Balai": "BWS MALUKU", "Provinsi": "Maluku", "Kabupaten": "Buru", "Kecamatan": "Waeapo", "Desa / Kel": "Waekasar", "Latitude": -3.339917, "Longitude": 126.976806, "Jenis Infr": "Sumur", "Debit\n(L/d": 5.0, "Kedalaman": 40.0, "Jaringan P": 0.25, "Jumlah Box": 3, "Sprinkler": false, "Luas Layan": 25.0, "Luas Tanam": 15.0, "Luas Tan_1": 25.0, "Peningkata": 10.0, "Unit": false, "Daya (kVA)": null, "Unit_1": true, "Daya (kV_1": "9.9", "Unit_2": false, "Daya (kV_2": null, "Jenis Peke": "Rehabilitasi", "Kegiatan": "Tahap I", "field_29": null, "field_30": null, "field_31": null, "field_32": null, "field_33": null, "field_34": null, "field_35": null, "field_36": null, "field_37": null, "field_38": null }, "geometry": { "type": "Point", "coordinates": [ 126.976806, -3.339917 ] } },
{ "type": "Feature", "properties": { "No.": 406, "Nama Kegia": "SMN-KT01-MAL", "Balai": "BWS MALUKU", "Provinsi": "Maluku", "Kabupaten": "Kota Tual", "Kecamatan": "Pulau Dullah Utara", "Desa / Kel": "Dullah", "Latitude": -5.578528, "Longitude": 132.78375, "Jenis Infr": "Sumur", "Debit\n(L/d": 2.0, "Kedalaman": 36.0, "Jaringan P": 1.2, "Jumlah Box": 3, "Sprinkler": false, "Luas Layan": 12.0, "Luas Tanam": 6.0, "Luas Tan_1": 12.0, "Peningkata": 6.0, "Unit": false, "Daya (kVA)": null, "Unit_1": true, "Daya (kV_1": "6.6", "Unit_2": false, "Daya (kV_2": null, "Jenis Peke": "Pembangunan", "Kegiatan": "Tahap II", "field_29": null, "field_30": null, "field_31": null, "field_32": null, "field_33": null, "field_34": null, "field_35": null, "field_36": null, "field_37": null, "field_38": null }, "geometry": { "type": "Point", "coordinates": [ 132.78375, -5.578528 ] } },
{ "type": "Feature", "properties": { "No.": 407, "Nama Kegia": "SMN-KT02-MAL", "Balai": "BWS MALUKU", "Provinsi": "Maluku", "Kabupaten": "Kota Tual", "Kecamatan": "Pulau Dullah Utara", "Desa / Kel": "Ohoitahit", "Latitude": -5.599011, "Longitude": 132.800731, "Jenis Infr": "Sumur", "Debit\n(L/d": 2.0, "Kedalaman": 32.0, "Jaringan P": 1.2, "Jumlah Box": 3, "Sprinkler": false, "Luas Layan": 12.0, "Luas Tanam": 0.0, "Luas Tan_1": 12.0, "Peningkata": 12.0, "Unit": false, "Daya (kVA)": null, "Unit_1": true, "Daya (kV_1": "6.6", "Unit_2": false, "Daya (kV_2": null, "Jenis Peke": "Pembangunan", "Kegiatan": "Tahap II", "field_29": null, "field_30": null, "field_31": null, "field_32": null, "field_33": null, "field_34": null, "field_35": null, "field_36": null, "field_37": null, "field_38": null }, "geometry": { "type": "Point", "coordinates": [ 132.800731, -5.599011 ] } },
{ "type": "Feature", "properties": { "No.": 408, "Nama Kegia": "SMN-KT03-MAL", "Balai": "BWS MALUKU", "Provinsi": "Maluku", "Kabupaten": "Kota Tual", "Kecamatan": "Pulau Dullah Utara", "Desa / Kel": "Ohoitel", "Latitude": -5.61745, "Longitude": 132.784097, "Jenis Infr": "Sumur", "Debit\n(L/d": 2.0, "Kedalaman": 42.0, "Jaringan P": 1.2, "Jumlah Box": 3, "Sprinkler": false, "Luas Layan": 12.0, "Luas Tanam": 5.0, "Luas Tan_1": 12.0, "Peningkata": 7.0, "Unit": false, "Daya (kVA)": null, "Unit_1": true, "Daya (kV_1": "6.6", "Unit_2": false, "Daya (kV_2": null, "Jenis Peke": "Pembangunan", "Kegiatan": "Tahap II", "field_29": null, "field_30": null, "field_31": null, "field_32": null, "field_33": null, "field_34": null, "field_35": null, "field_36": null, "field_37": null, "field_38": null }, "geometry": { "type": "Point", "coordinates": [ 132.784097, -5.61745 ] } },
{ "type": "Feature", "properties": { "No.": 409, "Nama Kegia": "SMN-MBD01-MAL", "Balai": "BWS MALUKU", "Provinsi": "Maluku", "Kabupaten": "Maluku Barat Daya", "Kecamatan": "Pulau Lakor", "Desa / Kel": "Letpey", "Latitude": -8.2669, "Longitude": 128.1579, "Jenis Infr": "Sumur", "Debit\n(L/d": 1.5, "Kedalaman": 40.0, "Jaringan P": 1.2, "Jumlah Box": 3, "Sprinkler": false, "Luas Layan": 12.0, "Luas Tanam": 3.0, "Luas Tan_1": 12.0, "Peningkata": 9.0, "Unit": false, "Daya (kVA)": null, "Unit_1": true, "Daya (kV_1": "6.6", "Unit_2": false, "Daya (kV_2": null, "Jenis Peke": "Pembangunan", "Kegiatan": "Tahap II", "field_29": null, "field_30": null, "field_31": null, "field_32": null, "field_33": null, "field_34": null, "field_35": null, "field_36": null, "field_37": null, "field_38": null }, "geometry": { "type": "Point", "coordinates": [ 128.1579, -8.2669 ] } },
{ "type": "Feature", "properties": { "No.": 410, "Nama Kegia": "SMN-MBD02-MAL", "Balai": "BWS MALUKU", "Provinsi": "Maluku", "Kabupaten": "Maluku Barat Daya", "Kecamatan": "Pulau Lakor", "Desa / Kel": "Yamluli", "Latitude": -8.220703, "Longitude": 128.221058, "Jenis Infr": "Sumur", "Debit\n(L/d": 1.5, "Kedalaman": 40.0, "Jaringan P": 1.2, "Jumlah Box": 3, "Sprinkler": false, "Luas Layan": 12.0, "Luas Tanam": 3.0, "Luas Tan_1": 12.0, "Peningkata": 9.0, "Unit": false, "Daya (kVA)": null, "Unit_1": true, "Daya (kV_1": "6.6", "Unit_2": false, "Daya (kV_2": null, "Jenis Peke": "Pembangunan", "Kegiatan": "Tahap II", "field_29": null, "field_30": null, "field_31": null, "field_32": null, "field_33": null, "field_34": null, "field_35": null, "field_36": null, "field_37": null, "field_38": null }, "geometry": { "type": "Point", "coordinates": [ 128.221058, -8.220703 ] } },
{ "type": "Feature", "properties": { "No.": 411, "Nama Kegia": "SDK-MBD03-MAL", "Balai": "BWS MALUKU", "Provinsi": "Maluku", "Kabupaten": "Maluku Barat Daya", "Kecamatan": "Pulau Lakor", "Desa / Kel": "Sera", "Latitude": -8.2153, "Longitude": 128.1907, "Jenis Infr": "Sumur", "Debit\n(L/d": 1.5, "Kedalaman": 14.0, "Jaringan P": 1.2, "Jumlah Box": 3, "Sprinkler": false, "Luas Layan": 12.0, "Luas Tanam": 3.0, "Luas Tan_1": 12.0, "Peningkata": 9.0, "Unit": false, "Daya (kVA)": null, "Unit_1": true, "Daya (kV_1": "6.6", "Unit_2": false, "Daya (kV_2": null, "Jenis Peke": "Pembangunan", "Kegiatan": "Tahap II", "field_29": null, "field_30": null, "field_31": null, "field_32": null, "field_33": null, "field_34": null, "field_35": null, "field_36": null, "field_37": null, "field_38": null }, "geometry": { "type": "Point", "coordinates": [ 128.1907, -8.2153 ] } },
{ "type": "Feature", "properties": { "No.": 412, "Nama Kegia": "SDL-MT01-MAL", "Balai": "BWS MALUKU", "Provinsi": "Maluku", "Kabupaten": "Maluku Tengah", "Kecamatan": "Amahai", "Desa / Kel": "Noa Nea", "Latitude": -3.216958, "Longitude": 129.064406, "Jenis Infr": "Sumur", "Debit\n(L/d": 2.0, "Kedalaman": 64.0, "Jaringan P": 1.2, "Jumlah Box": 3, "Sprinkler": false, "Luas Layan": 12.0, "Luas Tanam": 7.0, "Luas Tan_1": 12.0, "Peningkata": 5.0, "Unit": false, "Daya (kVA)": null, "Unit_1": true, "Daya (kV_1": "6.6", "Unit_2": false, "Daya (kV_2": null, "Jenis Peke": "Pembangunan", "Kegiatan": "Tahap II", "field_29": null, "field_30": null, "field_31": null, "field_32": null, "field_33": null, "field_34": null, "field_35": null, "field_36": null, "field_37": null, "field_38": null }, "geometry": { "type": "Point", "coordinates": [ 129.064406, -3.216958 ] } },
{ "type": "Feature", "properties": { "No.": 413, "Nama Kegia": "SMN-SBT01-MAL", "Balai": "BWS MALUKU", "Provinsi": "Maluku", "Kabupaten": "Seram Bagian Timur", "Kecamatan": "Bula", "Desa / Kel": "Bula Air (Breeding Centre)", "Latitude": -3.159872, "Longitude": 130.551447, "Jenis Infr": "Sumur", "Debit\n(L/d": 2.0, "Kedalaman": 47.0, "Jaringan P": 1.2, "Jumlah Box": 3, "Sprinkler": false, "Luas Layan": 12.0, "Luas Tanam": 5.0, "Luas Tan_1": 12.0, "Peningkata": 7.0, "Unit": false, "Daya (kVA)": null, "Unit_1": true, "Daya (kV_1": "6.6", "Unit_2": false, "Daya (kV_2": null, "Jenis Peke": "Pembangunan", "Kegiatan": "Tahap II", "field_29": null, "field_30": null, "field_31": null, "field_32": null, "field_33": null, "field_34": null, "field_35": null, "field_36": null, "field_37": null, "field_38": null }, "geometry": { "type": "Point", "coordinates": [ 130.551447, -3.159872 ] } },
{ "type": "Feature", "properties": { "No.": 414, "Nama Kegia": "SMN-SBT02-MAL", "Balai": "BWS MALUKU", "Provinsi": "Maluku", "Kabupaten": "Seram Bagian Timur", "Kecamatan": "Bula", "Desa / Kel": "Bula Air Dusun Limura", "Latitude": -3.1476, "Longitude": 130.5425, "Jenis Infr": "Sumur", "Debit\n(L/d": 2.0, "Kedalaman": 46.0, "Jaringan P": 1.2, "Jumlah Box": 3, "Sprinkler": false, "Luas Layan": 12.0, "Luas Tanam": 3.0, "Luas Tan_1": 12.0, "Peningkata": 9.0, "Unit": false, "Daya (kVA)": null, "Unit_1": true, "Daya (kV_1": "6.6", "Unit_2": false, "Daya (kV_2": null, "Jenis Peke": "Pembangunan", "Kegiatan": "Tahap II", "field_29": null, "field_30": null, "field_31": null, "field_32": null, "field_33": null, "field_34": null, "field_35": null, "field_36": null, "field_37": null, "field_38": null }, "geometry": { "type": "Point", "coordinates": [ 130.5425, -3.1476 ] } },
{ "type": "Feature", "properties": { "No.": 415, "Nama Kegia": "SDL-SBT03-MAL", "Balai": "BWS MALUKU", "Provinsi": "Maluku", "Kabupaten": "Seram Bagian Timur", "Kecamatan": "Bula Barat", "Desa / Kel": "Silohan", "Latitude": -3.040486, "Longitude": 130.429839, "Jenis Infr": "Sumur", "Debit\n(L/d": 2.0, "Kedalaman": 72.0, "Jaringan P": 1.2, "Jumlah Box": 3, "Sprinkler": false, "Luas Layan": 12.0, "Luas Tanam": 7.0, "Luas Tan_1": 12.0, "Peningkata": 5.0, "Unit": false, "Daya (kVA)": null, "Unit_1": true, "Daya (kV_1": "6.6", "Unit_2": false, "Daya (kV_2": null, "Jenis Peke": "Pembangunan", "Kegiatan": "Tahap II", "field_29": null, "field_30": null, "field_31": null, "field_32": null, "field_33": null, "field_34": null, "field_35": null, "field_36": null, "field_37": null, "field_38": null }, "geometry": { "type": "Point", "coordinates": [ 130.429839, -3.040486 ] } },
{ "type": "Feature", "properties": { "No.": 416, "Nama Kegia": "SMN-SBT04-MAL", "Balai": "BWS MALUKU", "Provinsi": "Maluku", "Kabupaten": "Seram Bagian Timur", "Kecamatan": "Bula Barat", "Desa / Kel": "Jembatan Basah", "Latitude": -3.0659, "Longitude": 130.3778, "Jenis Infr": "Sumur", "Debit\n(L/d": 2.0, "Kedalaman": 33.0, "Jaringan P": 1.2, "Jumlah Box": 3, "Sprinkler": false, "Luas Layan": 12.0, "Luas Tanam": 7.0, "Luas Tan_1": 12.0, "Peningkata": 5.0, "Unit": false, "Daya (kVA)": null, "Unit_1": true, "Daya (kV_1": "6.6", "Unit_2": false, "Daya (kV_2": null, "Jenis Peke": "Pembangunan", "Kegiatan": "Tahap II", "field_29": null, "field_30": null, "field_31": null, "field_32": null, "field_33": null, "field_34": null, "field_35": null, "field_36": null, "field_37": null, "field_38": null }, "geometry": { "type": "Point", "coordinates": [ 130.3778, -3.0659 ] } },
{ "type": "Feature", "properties": { "No.": 417, "Nama Kegia": "SMN-SBT05-MAL", "Balai": "BWS MALUKU", "Provinsi": "Maluku", "Kabupaten": "Seram Bagian Timur", "Kecamatan": "Bula Barat", "Desa / Kel": "Way Samet", "Latitude": -3.031233, "Longitude": 130.137667, "Jenis Infr": "Sumur", "Debit\n(L/d": 2.0, "Kedalaman": 40.0, "Jaringan P": 1.2, "Jumlah Box": 3, "Sprinkler": false, "Luas Layan": 12.0, "Luas Tanam": 5.0, "Luas Tan_1": 12.0, "Peningkata": 7.0, "Unit": false, "Daya (kVA)": null, "Unit_1": true, "Daya (kV_1": "6.6", "Unit_2": false, "Daya (kV_2": null, "Jenis Peke": "Pembangunan", "Kegiatan": "Tahap II", "field_29": null, "field_30": null, "field_31": null, "field_32": null, "field_33": null, "field_34": null, "field_35": null, "field_36": null, "field_37": null, "field_38": null }, "geometry": { "type": "Point", "coordinates": [ 130.137667, -3.031233 ] } },
{ "type": "Feature", "properties": { "No.": 418, "Nama Kegia": "SDL-KT01-MAL", "Balai": "BWS MALUKU", "Provinsi": "Maluku", "Kabupaten": "Kepulauan Tanimbar", "Kecamatan": "Selaru", "Desa / Kel": "Adaut", "Latitude": -8.146642, "Longitude": 131.028158, "Jenis Infr": "Sumur", "Debit\n(L/d": null, "Kedalaman": 70.0, "Jaringan P": 1.2, "Jumlah Box": null, "Sprinkler": false, "Luas Layan": 12.0, "Luas Tanam": null, "Luas Tan_1": null, "Peningkata": null, "Unit": false, "Daya (kVA)": null, "Unit_1": true, "Daya (kV_1": "8.8", "Unit_2": false, "Daya (kV_2": null, "Jenis Peke": "Pembangunan", "Kegiatan": "Tahap III", "field_29": null, "field_30": null, "field_31": null, "field_32": null, "field_33": null, "field_34": null, "field_35": null, "field_36": null, "field_37": null, "field_38": null }, "geometry": { "type": "Point", "coordinates": [ 131.028158, -8.146642 ] } },
{ "type": "Feature", "properties": { "No.": 419, "Nama Kegia": "SDK-KT02-MAL", "Balai": "BWS MALUKU", "Provinsi": "Maluku", "Kabupaten": "Kepulauan Tanimbar", "Kecamatan": "Selaru", "Desa / Kel": "Adaut", "Latitude": -8.124261, "Longitude": 131.142039, "Jenis Infr": "Sumur", "Debit\n(L/d": null, "Kedalaman": 25.0, "Jaringan P": 1.2, "Jumlah Box": null, "Sprinkler": false, "Luas Layan": 12.0, "Luas Tanam": null, "Luas Tan_1": null, "Peningkata": null, "Unit": false, "Daya (kVA)": null, "Unit_1": true, "Daya (kV_1": "8.8", "Unit_2": false, "Daya (kV_2": null, "Jenis Peke": "Pembangunan", "Kegiatan": "Tahap III", "field_29": null, "field_30": null, "field_31": null, "field_32": null, "field_33": null, "field_34": null, "field_35": null, "field_36": null, "field_37": null, "field_38": null }, "geometry": { "type": "Point", "coordinates": [ 131.142039, -8.124261 ] } },
{ "type": "Feature", "properties": { "No.": 420, "Nama Kegia": "SMN-KT03-MAL", "Balai": "BWS MALUKU", "Provinsi": "Maluku", "Kabupaten": "Kepulauan Tanimbar", "Kecamatan": "Selaru", "Desa / Kel": "Kandar", "Latitude": -8.209222, "Longitude": 130.996306, "Jenis Infr": "Sumur", "Debit\n(L/d": null, "Kedalaman": 40.0, "Jaringan P": 1.2, "Jumlah Box": null, "Sprinkler": false, "Luas Layan": 12.0, "Luas Tanam": null, "Luas Tan_1": null, "Peningkata": null, "Unit": false, "Daya (kVA)": null, "Unit_1": true, "Daya (kV_1": "8.8", "Unit_2": false, "Daya (kV_2": null, "Jenis Peke": "Pembangunan", "Kegiatan": "Tahap III", "field_29": null, "field_30": null, "field_31": null, "field_32": null, "field_33": null, "field_34": null, "field_35": null, "field_36": null, "field_37": null, "field_38": null }, "geometry": { "type": "Point", "coordinates": [ 130.996306, -8.209222 ] } },
{ "type": "Feature", "properties": { "No.": 421, "Nama Kegia": "Pulau Selaru 4", "Balai": "BWS MALUKU", "Provinsi": "Maluku", "Kabupaten": "Kepulauan Tanimbar", "Kecamatan": "Selaru", "Desa / Kel": "Kandar", "Latitude": -8.217972, "Longitude": 130.998722, "Jenis Infr": "Sumur", "Debit\n(L/d": null, "Kedalaman": null, "Jaringan P": 1.2, "Jumlah Box": null, "Sprinkler": false, "Luas Layan": 12.0, "Luas Tanam": null, "Luas Tan_1": null, "Peningkata": null, "Unit": false, "Daya (kVA)": null, "Unit_1": true, "Daya (kV_1": "8.8", "Unit_2": false, "Daya (kV_2": null, "Jenis Peke": "Pembangunan", "Kegiatan": "Tahap III", "field_29": null, "field_30": null, "field_31": null, "field_32": null, "field_33": null, "field_34": null, "field_35": null, "field_36": null, "field_37": null, "field_38": null }, "geometry": { "type": "Point", "coordinates": [ 130.998722, -8.217972 ] } },
{ "type": "Feature", "properties": { "No.": 422, "Nama Kegia": "Pulau Selaru 5", "Balai": "BWS MALUKU", "Provinsi": "Maluku", "Kabupaten": "Kepulauan Tanimbar", "Kecamatan": "Selaru", "Desa / Kel": "Kandar", "Latitude": -8.210361, "Longitude": 130.998972, "Jenis Infr": "Sumur", "Debit\n(L/d": null, "Kedalaman": null, "Jaringan P": 1.2, "Jumlah Box": null, "Sprinkler": false, "Luas Layan": 12.0, "Luas Tanam": null, "Luas Tan_1": null, "Peningkata": null, "Unit": false, "Daya (kVA)": null, "Unit_1": true, "Daya (kV_1": "8.8", "Unit_2": false, "Daya (kV_2": null, "Jenis Peke": "Pembangunan", "Kegiatan": "Tahap III", "field_29": null, "field_30": null, "field_31": null, "field_32": null, "field_33": null, "field_34": null, "field_35": null, "field_36": null, "field_37": null, "field_38": null }, "geometry": { "type": "Point", "coordinates": [ 130.998972, -8.210361 ] } },
{ "type": "Feature", "properties": { "No.": 423, "Nama Kegia": "SMN-KT06-MAL", "Balai": "BWS MALUKU", "Provinsi": "Maluku", "Kabupaten": "Kepulauan Tanimbar", "Kecamatan": "Selaru", "Desa / Kel": "Kandar", "Latitude": -8.213058, "Longitude": 130.999158, "Jenis Infr": "Sumur", "Debit\n(L/d": 3.0, "Kedalaman": 44.0, "Jaringan P": 1.2, "Jumlah Box": null, "Sprinkler": false, "Luas Layan": 12.0, "Luas Tanam": null, "Luas Tan_1": null, "Peningkata": null, "Unit": false, "Daya (kVA)": null, "Unit_1": true, "Daya (kV_1": "8.8", "Unit_2": false, "Daya (kV_2": null, "Jenis Peke": "Pembangunan", "Kegiatan": "Tahap III", "field_29": null, "field_30": null, "field_31": null, "field_32": null, "field_33": null, "field_34": null, "field_35": null, "field_36": null, "field_37": null, "field_38": null }, "geometry": { "type": "Point", "coordinates": [ 130.999158, -8.213058 ] } },
{ "type": "Feature", "properties": { "No.": 424, "Nama Kegia": "SDL-KT07-MAL", "Balai": "BWS MALUKU", "Provinsi": "Maluku", "Kabupaten": "Kepulauan Tanimbar", "Kecamatan": "Selaru", "Desa / Kel": "Kandar", "Latitude": -8.215556, "Longitude": 130.998647, "Jenis Infr": "Sumur", "Debit\n(L/d": 3.0, "Kedalaman": 60.0, "Jaringan P": 1.2, "Jumlah Box": null, "Sprinkler": false, "Luas Layan": 12.0, "Luas Tanam": null, "Luas Tan_1": null, "Peningkata": null, "Unit": false, "Daya (kVA)": null, "Unit_1": true, "Daya (kV_1": "8.8", "Unit_2": false, "Daya (kV_2": null, "Jenis Peke": "Pembangunan", "Kegiatan": "Tahap III", "field_29": null, "field_30": null, "field_31": null, "field_32": null, "field_33": null, "field_34": null, "field_35": null, "field_36": null, "field_37": null, "field_38": null }, "geometry": { "type": "Point", "coordinates": [ 130.998647, -8.215556 ] } },
{ "type": "Feature", "properties": { "No.": 425, "Nama Kegia": "SDK-KT08-MAL", "Balai": "BWS MALUKU", "Provinsi": "Maluku", "Kabupaten": "Kepulauan Tanimbar", "Kecamatan": "Selaru", "Desa / Kel": "Kandar", "Latitude": -8.211467, "Longitude": 130.999356, "Jenis Infr": "Sumur", "Debit\n(L/d": null, "Kedalaman": 21.0, "Jaringan P": 1.2, "Jumlah Box": null, "Sprinkler": false, "Luas Layan": 12.0, "Luas Tanam": null, "Luas Tan_1": null, "Peningkata": null, "Unit": false, "Daya (kVA)": null, "Unit_1": true, "Daya (kV_1": "8.8", "Unit_2": false, "Daya (kV_2": null, "Jenis Peke": "Pembangunan", "Kegiatan": "Tahap III", "field_29": null, "field_30": null, "field_31": null, "field_32": null, "field_33": null, "field_34": null, "field_35": null, "field_36": null, "field_37": null, "field_38": null }, "geometry": { "type": "Point", "coordinates": [ 130.999356, -8.211467 ] } },
{ "type": "Feature", "properties": { "No.": 426, "Nama Kegia": "Pulau Selaru 9", "Balai": "BWS MALUKU", "Provinsi": "Maluku", "Kabupaten": "Kepulauan Tanimbar", "Kecamatan": "Selaru", "Desa / Kel": "Kandar", "Latitude": -8.220556, "Longitude": 130.997583, "Jenis Infr": "Sumur", "Debit\n(L/d": null, "Kedalaman": null, "Jaringan P": 1.2, "Jumlah Box": null, "Sprinkler": false, "Luas Layan": 12.0, "Luas Tanam": null, "Luas Tan_1": null, "Peningkata": null, "Unit": false, "Daya (kVA)": null, "Unit_1": true, "Daya (kV_1": "8.8", "Unit_2": false, "Daya (kV_2": null, "Jenis Peke": "Pembangunan", "Kegiatan": "Tahap III", "field_29": null, "field_30": null, "field_31": null, "field_32": null, "field_33": null, "field_34": null, "field_35": null, "field_36": null, "field_37": null, "field_38": null }, "geometry": { "type": "Point", "coordinates": [ 130.997583, -8.220556 ] } },
{ "type": "Feature", "properties": { "No.": 427, "Nama Kegia": "SDL-KT010-MAL", "Balai": "BWS MALUKU", "Provinsi": "Maluku", "Kabupaten": "Kepulauan Tanimbar", "Kecamatan": "Selaru", "Desa / Kel": "Lingat", "Latitude": -8.272833, "Longitude": 130.867, "Jenis Infr": "Sumur", "Debit\n(L/d": null, "Kedalaman": 60.0, "Jaringan P": 1.2, "Jumlah Box": null, "Sprinkler": false, "Luas Layan": 12.0, "Luas Tanam": null, "Luas Tan_1": null, "Peningkata": null, "Unit": false, "Daya (kVA)": null, "Unit_1": true, "Daya (kV_1": "8.8", "Unit_2": false, "Daya (kV_2": null, "Jenis Peke": "Pembangunan", "Kegiatan": "Tahap III", "field_29": null, "field_30": null, "field_31": null, "field_32": null, "field_33": null, "field_34": null, "field_35": null, "field_36": null, "field_37": null, "field_38": null }, "geometry": { "type": "Point", "coordinates": [ 130.867, -8.272833 ] } },
{ "type": "Feature", "properties": { "No.": 428, "Nama Kegia": "SMN-KT011-MAL", "Balai": "BWS MALUKU", "Provinsi": "Maluku", "Kabupaten": "Kepulauan Tanimbar", "Kecamatan": "Selaru", "Desa / Kel": "Lingat", "Latitude": -8.226111, "Longitude": 130.904442, "Jenis Infr": "Sumur", "Debit\n(L/d": 3.0, "Kedalaman": 45.0, "Jaringan P": 1.2, "Jumlah Box": null, "Sprinkler": false, "Luas Layan": 12.0, "Luas Tanam": null, "Luas Tan_1": null, "Peningkata": null, "Unit": false, "Daya (kVA)": null, "Unit_1": true, "Daya (kV_1": "8.8", "Unit_2": false, "Daya (kV_2": null, "Jenis Peke": "Pembangunan", "Kegiatan": "Tahap III", "field_29": null, "field_30": null, "field_31": null, "field_32": null, "field_33": null, "field_34": null, "field_35": null, "field_36": null, "field_37": null, "field_38": null }, "geometry": { "type": "Point", "coordinates": [ 130.904442, -8.226111 ] } },
{ "type": "Feature", "properties": { "No.": 429, "Nama Kegia": "SDL-KT012-MAL", "Balai": "BWS MALUKU", "Provinsi": "Maluku", "Kabupaten": "Kepulauan Tanimbar", "Kecamatan": "Selaru", "Desa / Kel": "Lingat", "Latitude": -8.278617, "Longitude": 130.845553, "Jenis Infr": "Sumur", "Debit\n(L/d": null, "Kedalaman": 80.0, "Jaringan P": 1.2, "Jumlah Box": null, "Sprinkler": false, "Luas Layan": 12.0, "Luas Tanam": null, "Luas Tan_1": null, "Peningkata": null, "Unit": false, "Daya (kVA)": null, "Unit_1": true, "Daya (kV_1": "8.8", "Unit_2": false, "Daya (kV_2": null, "Jenis Peke": "Pembangunan", "Kegiatan": "Tahap III", "field_29": null, "field_30": null, "field_31": null, "field_32": null, "field_33": null, "field_34": null, "field_35": null, "field_36": null, "field_37": null, "field_38": null }, "geometry": { "type": "Point", "coordinates": [ 130.845553, -8.278617 ] } },
{ "type": "Feature", "properties": { "No.": 430, "Nama Kegia": "Pulau Selaru 13", "Balai": "BWS MALUKU", "Provinsi": "Maluku", "Kabupaten": "Kepulauan Tanimbar", "Kecamatan": "Selaru", "Desa / Kel": "Lingat", "Latitude": -8.234169, "Longitude": 130.89055, "Jenis Infr": "Sumur", "Debit\n(L/d": null, "Kedalaman": null, "Jaringan P": 1.2, "Jumlah Box": null, "Sprinkler": false, "Luas Layan": 12.0, "Luas Tanam": null, "Luas Tan_1": null, "Peningkata": null, "Unit": false, "Daya (kVA)": null, "Unit_1": true, "Daya (kV_1": "8.8", "Unit_2": false, "Daya (kV_2": null, "Jenis Peke": "Pembangunan", "Kegiatan": "Tahap III", "field_29": null, "field_30": null, "field_31": null, "field_32": null, "field_33": null, "field_34": null, "field_35": null, "field_36": null, "field_37": null, "field_38": null }, "geometry": { "type": "Point", "coordinates": [ 130.89055, -8.234169 ] } },
{ "type": "Feature", "properties": { "No.": 431, "Nama Kegia": "SDL-KT014-MAL", "Balai": "BWS MALUKU", "Provinsi": "Maluku", "Kabupaten": "Kepulauan Tanimbar", "Kecamatan": "Selaru", "Desa / Kel": "Lingat", "Latitude": -8.258894, "Longitude": 130.842494, "Jenis Infr": "Sumur", "Debit\n(L/d": null, "Kedalaman": 75.0, "Jaringan P": 1.2, "Jumlah Box": null, "Sprinkler": false, "Luas Layan": 12.0, "Luas Tanam": null, "Luas Tan_1": null, "Peningkata": null, "Unit": false, "Daya (kVA)": null, "Unit_1": true, "Daya (kV_1": "8.8", "Unit_2": false, "Daya (kV_2": null, "Jenis Peke": "Pembangunan", "Kegiatan": "Tahap III", "field_29": null, "field_30": null, "field_31": null, "field_32": null, "field_33": null, "field_34": null, "field_35": null, "field_36": null, "field_37": null, "field_38": null }, "geometry": { "type": "Point", "coordinates": [ 130.842494, -8.258894 ] } },
{ "type": "Feature", "properties": { "No.": 432, "Nama Kegia": "Pulau Selaru 15", "Balai": "BWS MALUKU", "Provinsi": "Maluku", "Kabupaten": "Kepulauan Tanimbar", "Kecamatan": "Selaru", "Desa / Kel": "Lingat", "Latitude": -8.225861, "Longitude": 130.941611, "Jenis Infr": "Sumur", "Debit\n(L/d": null, "Kedalaman": null, "Jaringan P": 1.2, "Jumlah Box": null, "Sprinkler": false, "Luas Layan": 12.0, "Luas Tanam": null, "Luas Tan_1": null, "Peningkata": null, "Unit": false, "Daya (kVA)": null, "Unit_1": true, "Daya (kV_1": "8.8", "Unit_2": false, "Daya (kV_2": null, "Jenis Peke": "Pembangunan", "Kegiatan": "Tahap III", "field_29": null, "field_30": null, "field_31": null, "field_32": null, "field_33": null, "field_34": null, "field_35": null, "field_36": null, "field_37": null, "field_38": null }, "geometry": { "type": "Point", "coordinates": [ 130.941611, -8.225861 ] } },
{ "type": "Feature", "properties": { "No.": 433, "Nama Kegia": "Pulau Selaru 16", "Balai": "BWS MALUKU", "Provinsi": "Maluku", "Kabupaten": "Kepulauan Tanimbar", "Kecamatan": "Selaru", "Desa / Kel": "Lingat", "Latitude": -8.223306, "Longitude": 130.9455, "Jenis Infr": "Sumur", "Debit\n(L/d": null, "Kedalaman": null, "Jaringan P": 1.2, "Jumlah Box": null, "Sprinkler": false, "Luas Layan": 12.0, "Luas Tanam": null, "Luas Tan_1": null, "Peningkata": null, "Unit": false, "Daya (kVA)": null, "Unit_1": true, "Daya (kV_1": "8.8", "Unit_2": false, "Daya (kV_2": null, "Jenis Peke": "Pembangunan", "Kegiatan": "Tahap III", "field_29": null, "field_30": null, "field_31": null, "field_32": null, "field_33": null, "field_34": null, "field_35": null, "field_36": null, "field_37": null, "field_38": null }, "geometry": { "type": "Point", "coordinates": [ 130.9455, -8.223306 ] } },
{ "type": "Feature", "properties": { "No.": 434, "Nama Kegia": "SDL-KT017-MAL", "Balai": "BWS MALUKU", "Provinsi": "Maluku", "Kabupaten": "Kepulauan Tanimbar", "Kecamatan": "Selaru", "Desa / Kel": "Lingat", "Latitude": -8.278767, "Longitude": 130.861564, "Jenis Infr": "Sumur", "Debit\n(L/d": null, "Kedalaman": 80.0, "Jaringan P": 1.2, "Jumlah Box": null, "Sprinkler": false, "Luas Layan": 12.0, "Luas Tanam": null, "Luas Tan_1": null, "Peningkata": null, "Unit": false, "Daya (kVA)": null, "Unit_1": true, "Daya (kV_1": "8.8", "Unit_2": false, "Daya (kV_2": null, "Jenis Peke": "Pembangunan", "Kegiatan": "Tahap III", "field_29": null, "field_30": null, "field_31": null, "field_32": null, "field_33": null, "field_34": null, "field_35": null, "field_36": null, "field_37": null, "field_38": null }, "geometry": { "type": "Point", "coordinates": [ 130.861564, -8.278767 ] } },
{ "type": "Feature", "properties": { "No.": 435, "Nama Kegia": "Pulau Selaru 18", "Balai": "BWS MALUKU", "Provinsi": "Maluku", "Kabupaten": "Kepulauan Tanimbar", "Kecamatan": "Selaru", "Desa / Kel": "Lingat", "Latitude": -8.277139, "Longitude": 130.861917, "Jenis Infr": "Sumur", "Debit\n(L/d": null, "Kedalaman": null, "Jaringan P": 1.2, "Jumlah Box": null, "Sprinkler": false, "Luas Layan": 12.0, "Luas Tanam": null, "Luas Tan_1": null, "Peningkata": null, "Unit": false, "Daya (kVA)": null, "Unit_1": true, "Daya (kV_1": "8.8", "Unit_2": false, "Daya (kV_2": null, "Jenis Peke": "Pembangunan", "Kegiatan": "Tahap III", "field_29": null, "field_30": null, "field_31": null, "field_32": null, "field_33": null, "field_34": null, "field_35": null, "field_36": null, "field_37": null, "field_38": null }, "geometry": { "type": "Point", "coordinates": [ 130.861917, -8.277139 ] } },
{ "type": "Feature", "properties": { "No.": 436, "Nama Kegia": "SMN-KT019-MAL", "Balai": "BWS MALUKU", "Provinsi": "Maluku", "Kabupaten": "Kepulauan Tanimbar", "Kecamatan": "Selaru", "Desa / Kel": "Namtabung", "Latitude": -8.180003, "Longitude": 130.968997, "Jenis Infr": "Sumur", "Debit\n(L/d": 3.0, "Kedalaman": 45.0, "Jaringan P": 1.2, "Jumlah Box": null, "Sprinkler": false, "Luas Layan": 12.0, "Luas Tanam": null, "Luas Tan_1": null, "Peningkata": null, "Unit": false, "Daya (kVA)": null, "Unit_1": true, "Daya (kV_1": "8.8", "Unit_2": false, "Daya (kV_2": null, "Jenis Peke": "Pembangunan", "Kegiatan": "Tahap III", "field_29": null, "field_30": null, "field_31": null, "field_32": null, "field_33": null, "field_34": null, "field_35": null, "field_36": null, "field_37": null, "field_38": null }, "geometry": { "type": "Point", "coordinates": [ 130.968997, -8.180003 ] } },
{ "type": "Feature", "properties": { "No.": 437, "Nama Kegia": "SMN-KT020-MAL", "Balai": "BWS MALUKU", "Provinsi": "Maluku", "Kabupaten": "Kepulauan Tanimbar", "Kecamatan": "Selaru", "Desa / Kel": "Namtabung", "Latitude": -8.144722, "Longitude": 130.948611, "Jenis Infr": "Sumur", "Debit\n(L/d": 3.0, "Kedalaman": 45.0, "Jaringan P": 1.2, "Jumlah Box": null, "Sprinkler": false, "Luas Layan": 12.0, "Luas Tanam": null, "Luas Tan_1": null, "Peningkata": null, "Unit": false, "Daya (kVA)": null, "Unit_1": true, "Daya (kV_1": "8.8", "Unit_2": false, "Daya (kV_2": null, "Jenis Peke": "Pembangunan", "Kegiatan": "Tahap III", "field_29": null, "field_30": null, "field_31": null, "field_32": null, "field_33": null, "field_34": null, "field_35": null, "field_36": null, "field_37": null, "field_38": null }, "geometry": { "type": "Point", "coordinates": [ 130.948611, -8.144722 ] } },
{ "type": "Feature", "properties": { "No.": 438, "Nama Kegia": "SMN-KT021-MAL", "Balai": "BWS MALUKU", "Provinsi": "Maluku", "Kabupaten": "Kepulauan Tanimbar", "Kecamatan": "Selaru", "Desa / Kel": "Namtabung", "Latitude": -8.182333, "Longitude": 130.968389, "Jenis Infr": "Sumur", "Debit\n(L/d": null, "Kedalaman": 30.0, "Jaringan P": 1.2, "Jumlah Box": null, "Sprinkler": false, "Luas Layan": 12.0, "Luas Tanam": null, "Luas Tan_1": null, "Peningkata": null, "Unit": false, "Daya (kVA)": null, "Unit_1": true, "Daya (kV_1": "8.8", "Unit_2": false, "Daya (kV_2": null, "Jenis Peke": "Pembangunan", "Kegiatan": "Tahap III", "field_29": null, "field_30": null, "field_31": null, "field_32": null, "field_33": null, "field_34": null, "field_35": null, "field_36": null, "field_37": null, "field_38": null }, "geometry": { "type": "Point", "coordinates": [ 130.968389, -8.182333 ] } },
{ "type": "Feature", "properties": { "No.": 439, "Nama Kegia": "Pulau Selaru 22", "Balai": "BWS MALUKU", "Provinsi": "Maluku", "Kabupaten": "Kepulauan Tanimbar", "Kecamatan": "Selaru", "Desa / Kel": "Namtabung", "Latitude": -8.142194, "Longitude": 130.942389, "Jenis Infr": "Sumur", "Debit\n(L/d": null, "Kedalaman": null, "Jaringan P": 1.2, "Jumlah Box": null, "Sprinkler": false, "Luas Layan": 12.0, "Luas Tanam": null, "Luas Tan_1": null, "Peningkata": null, "Unit": false, "Daya (kVA)": null, "Unit_1": true, "Daya (kV_1": "8.8", "Unit_2": false, "Daya (kV_2": null, "Jenis Peke": "Pembangunan", "Kegiatan": "Tahap III", "field_29": null, "field_30": null, "field_31": null, "field_32": null, "field_33": null, "field_34": null, "field_35": null, "field_36": null, "field_37": null, "field_38": null }, "geometry": { "type": "Point", "coordinates": [ 130.942389, -8.142194 ] } },
{ "type": "Feature", "properties": { "No.": 440, "Nama Kegia": "SDK-KT023-MAL", "Balai": "BWS MALUKU", "Provinsi": "Maluku", "Kabupaten": "Kepulauan Tanimbar", "Kecamatan": "Selaru", "Desa / Kel": "Namtabung", "Latitude": -8.151278, "Longitude": 130.959444, "Jenis Infr": "Sumur", "Debit\n(L/d": 3.0, "Kedalaman": 25.0, "Jaringan P": 1.2, "Jumlah Box": null, "Sprinkler": false, "Luas Layan": 12.0, "Luas Tanam": null, "Luas Tan_1": null, "Peningkata": null, "Unit": false, "Daya (kVA)": null, "Unit_1": true, "Daya (kV_1": "8.8", "Unit_2": false, "Daya (kV_2": null, "Jenis Peke": "Pembangunan", "Kegiatan": "Tahap III", "field_29": null, "field_30": null, "field_31": null, "field_32": null, "field_33": null, "field_34": null, "field_35": null, "field_36": null, "field_37": null, "field_38": null }, "geometry": { "type": "Point", "coordinates": [ 130.959444, -8.151278 ] } },
{ "type": "Feature", "properties": { "No.": 441, "Nama Kegia": "SDK-KT024-MAL", "Balai": "BWS MALUKU", "Provinsi": "Maluku", "Kabupaten": "Kepulauan Tanimbar", "Kecamatan": "Selaru", "Desa / Kel": "Namtabung", "Latitude": -8.17875, "Longitude": 130.969333, "Jenis Infr": "Sumur", "Debit\n(L/d": 3.0, "Kedalaman": 28.0, "Jaringan P": 1.2, "Jumlah Box": null, "Sprinkler": false, "Luas Layan": 12.0, "Luas Tanam": null, "Luas Tan_1": null, "Peningkata": null, "Unit": false, "Daya (kVA)": null, "Unit_1": true, "Daya (kV_1": "8.8", "Unit_2": false, "Daya (kV_2": null, "Jenis Peke": "Pembangunan", "Kegiatan": "Tahap III", "field_29": null, "field_30": null, "field_31": null, "field_32": null, "field_33": null, "field_34": null, "field_35": null, "field_36": null, "field_37": null, "field_38": null }, "geometry": { "type": "Point", "coordinates": [ 130.969333, -8.17875 ] } },
{ "type": "Feature", "properties": { "No.": 442, "Nama Kegia": "SMN-KT025-MAL", "Balai": "BWS MALUKU", "Provinsi": "Maluku", "Kabupaten": "Kepulauan Tanimbar", "Kecamatan": "Selaru", "Desa / Kel": "Namtabung", "Latitude": -8.163028, "Longitude": 130.966806, "Jenis Infr": "Sumur", "Debit\n(L/d": 3.0, "Kedalaman": 45.0, "Jaringan P": 1.2, "Jumlah Box": null, "Sprinkler": false, "Luas Layan": 12.0, "Luas Tanam": null, "Luas Tan_1": null, "Peningkata": null, "Unit": false, "Daya (kVA)": null, "Unit_1": true, "Daya (kV_1": "8.8", "Unit_2": false, "Daya (kV_2": null, "Jenis Peke": "Pembangunan", "Kegiatan": "Tahap III", "field_29": null, "field_30": null, "field_31": null, "field_32": null, "field_33": null, "field_34": null, "field_35": null, "field_36": null, "field_37": null, "field_38": null }, "geometry": { "type": "Point", "coordinates": [ 130.966806, -8.163028 ] } },
{ "type": "Feature", "properties": { "No.": 443, "Nama Kegia": "SMN-KT026-MAL", "Balai": "BWS MALUKU", "Provinsi": "Maluku", "Kabupaten": "Kepulauan Tanimbar", "Kecamatan": "Selaru", "Desa / Kel": "Namtabung", "Latitude": -8.175944, "Longitude": 130.966944, "Jenis Infr": "Sumur", "Debit\n(L/d": 3.0, "Kedalaman": 45.0, "Jaringan P": 1.2, "Jumlah Box": null, "Sprinkler": false, "Luas Layan": 12.0, "Luas Tanam": null, "Luas Tan_1": null, "Peningkata": null, "Unit": false, "Daya (kVA)": null, "Unit_1": true, "Daya (kV_1": "8.8", "Unit_2": false, "Daya (kV_2": null, "Jenis Peke": "Pembangunan", "Kegiatan": "Tahap III", "field_29": null, "field_30": null, "field_31": null, "field_32": null, "field_33": null, "field_34": null, "field_35": null, "field_36": null, "field_37": null, "field_38": null }, "geometry": { "type": "Point", "coordinates": [ 130.966944, -8.175944 ] } },
{ "type": "Feature", "properties": { "No.": 444, "Nama Kegia": "Pulau Yamdena 1", "Balai": "BWS MALUKU", "Provinsi": "Maluku", "Kabupaten": "Kepulauan Tanimbar", "Kecamatan": "Wertamrian", "Desa / Kel": "Lorulun", "Latitude": -7.843717, "Longitude": 131.334667, "Jenis Infr": "Sumur", "Debit\n(L/d": 3.0, "Kedalaman": 80.0, "Jaringan P": 1.2, "Jumlah Box": 6, "Sprinkler": false, "Luas Layan": 12.0, "Luas Tanam": null, "Luas Tan_1": null, "Peningkata": null, "Unit": false, "Daya (kVA)": null, "Unit_1": true, "Daya (kV_1": "8.8", "Unit_2": false, "Daya (kV_2": null, "Jenis Peke": "Pembangunan", "Kegiatan": "Tahap III", "field_29": null, "field_30": null, "field_31": null, "field_32": null, "field_33": null, "field_34": null, "field_35": null, "field_36": null, "field_37": null, "field_38": null }, "geometry": { "type": "Point", "coordinates": [ 131.334667, -7.843717 ] } },
{ "type": "Feature", "properties": { "No.": 445, "Nama Kegia": "Pulau Yamdena 2", "Balai": "BWS MALUKU", "Provinsi": "Maluku", "Kabupaten": "Kepulauan Tanimbar", "Kecamatan": "Wertamrian", "Desa / Kel": "Lorulun", "Latitude": -7.843117, "Longitude": 131.3424, "Jenis Infr": "Sumur", "Debit\n(L/d": 3.0, "Kedalaman": 72.0, "Jaringan P": 1.2, "Jumlah Box": 6, "Sprinkler": false, "Luas Layan": 12.0, "Luas Tanam": null, "Luas Tan_1": null, "Peningkata": null, "Unit": false, "Daya (kVA)": null, "Unit_1": true, "Daya (kV_1": "8.8", "Unit_2": false, "Daya (kV_2": null, "Jenis Peke": "Pembangunan", "Kegiatan": "Tahap III", "field_29": null, "field_30": null, "field_31": null, "field_32": null, "field_33": null, "field_34": null, "field_35": null, "field_36": null, "field_37": null, "field_38": null }, "geometry": { "type": "Point", "coordinates": [ 131.3424, -7.843117 ] } },
{ "type": "Feature", "properties": { "No.": 446, "Nama Kegia": "Pulau Yamdena 3", "Balai": "BWS MALUKU", "Provinsi": "Maluku", "Kabupaten": "Kepulauan Tanimbar", "Kecamatan": "Tanimbar Selatan", "Desa / Kel": "Wowonda", "Latitude": -7.872639, "Longitude": 131.3305, "Jenis Infr": "Sumur", "Debit\n(L/d": 3.0, "Kedalaman": 62.0, "Jaringan P": 1.2, "Jumlah Box": 6, "Sprinkler": false, "Luas Layan": 12.0, "Luas Tanam": null, "Luas Tan_1": null, "Peningkata": null, "Unit": false, "Daya (kVA)": null, "Unit_1": true, "Daya (kV_1": "8.8", "Unit_2": false, "Daya (kV_2": null, "Jenis Peke": "Pembangunan", "Kegiatan": "Tahap III", "field_29": null, "field_30": null, "field_31": null, "field_32": null, "field_33": null, "field_34": null, "field_35": null, "field_36": null, "field_37": null, "field_38": null }, "geometry": { "type": "Point", "coordinates": [ 131.3305, -7.872639 ] } },
{ "type": "Feature", "properties": { "No.": 447, "Nama Kegia": "Pulau Yamdena 4", "Balai": "BWS MALUKU", "Provinsi": "Maluku", "Kabupaten": "Kepulauan Tanimbar", "Kecamatan": "Tanimbar Selatan", "Desa / Kel": "Latdalam", "Latitude": -7.966694, "Longitude": 131.126167, "Jenis Infr": "Sumur", "Debit\n(L/d": 3.0, "Kedalaman": 48.0, "Jaringan P": 1.2, "Jumlah Box": 6, "Sprinkler": false, "Luas Layan": 12.0, "Luas Tanam": null, "Luas Tan_1": null, "Peningkata": null, "Unit": false, "Daya (kVA)": null, "Unit_1": true, "Daya (kV_1": "8.8", "Unit_2": false, "Daya (kV_2": null, "Jenis Peke": "Pembangunan", "Kegiatan": "Tahap III", "field_29": null, "field_30": null, "field_31": null, "field_32": null, "field_33": null, "field_34": null, "field_35": null, "field_36": null, "field_37": null, "field_38": null }, "geometry": { "type": "Point", "coordinates": [ 131.126167, -7.966694 ] } },
{ "type": "Feature", "properties": { "No.": 448, "Nama Kegia": "Pulau Yamdena 5", "Balai": "BWS MALUKU", "Provinsi": "Maluku", "Kabupaten": "Kepulauan Tanimbar", "Kecamatan": "Tanimbar Selatan", "Desa / Kel": "Latdalam", "Latitude": -7.965667, "Longitude": 131.1245, "Jenis Infr": "Sumur", "Debit\n(L/d": 3.0, "Kedalaman": 30.0, "Jaringan P": 1.2, "Jumlah Box": 6, "Sprinkler": false, "Luas Layan": 12.0, "Luas Tanam": null, "Luas Tan_1": null, "Peningkata": null, "Unit": false, "Daya (kVA)": null, "Unit_1": true, "Daya (kV_1": "8.8", "Unit_2": false, "Daya (kV_2": null, "Jenis Peke": "Pembangunan", "Kegiatan": "Tahap III", "field_29": null, "field_30": null, "field_31": null, "field_32": null, "field_33": null, "field_34": null, "field_35": null, "field_36": null, "field_37": null, "field_38": null }, "geometry": { "type": "Point", "coordinates": [ 131.1245, -7.965667 ] } },
{ "type": "Feature", "properties": { "No.": 449, "Nama Kegia": "Pulau Yamdena 6", "Balai": "BWS MALUKU", "Provinsi": "Maluku", "Kabupaten": "Kepulauan Tanimbar", "Kecamatan": "Tanimbar Selatan", "Desa / Kel": "Latdalam", "Latitude": -7.964083, "Longitude": 131.121, "Jenis Infr": "Sumur", "Debit\n(L/d": 3.0, "Kedalaman": 36.0, "Jaringan P": 1.2, "Jumlah Box": 6, "Sprinkler": false, "Luas Layan": 12.0, "Luas Tanam": null, "Luas Tan_1": null, "Peningkata": null, "Unit": false, "Daya (kVA)": null, "Unit_1": true, "Daya (kV_1": "8.8", "Unit_2": false, "Daya (kV_2": null, "Jenis Peke": "Pembangunan", "Kegiatan": "Tahap III", "field_29": null, "field_30": null, "field_31": null, "field_32": null, "field_33": null, "field_34": null, "field_35": null, "field_36": null, "field_37": null, "field_38": null }, "geometry": { "type": "Point", "coordinates": [ 131.121, -7.964083 ] } },
{ "type": "Feature", "properties": { "No.": 450, "Nama Kegia": "Pulau Yamdena 7", "Balai": "BWS MALUKU", "Provinsi": "Maluku", "Kabupaten": "Kepulauan Tanimbar", "Kecamatan": "Tanimbar Selatan", "Desa / Kel": "Latdalam", "Latitude": -7.962417, "Longitude": 131.117389, "Jenis Infr": "Sumur", "Debit\n(L/d": 3.0, "Kedalaman": 30.0, "Jaringan P": 1.2, "Jumlah Box": 6, "Sprinkler": false, "Luas Layan": 12.0, "Luas Tanam": null, "Luas Tan_1": null, "Peningkata": null, "Unit": false, "Daya (kVA)": null, "Unit_1": true, "Daya (kV_1": "8.8", "Unit_2": false, "Daya (kV_2": null, "Jenis Peke": "Pembangunan", "Kegiatan": "Tahap III", "field_29": null, "field_30": null, "field_31": null, "field_32": null, "field_33": null, "field_34": null, "field_35": null, "field_36": null, "field_37": null, "field_38": null }, "geometry": { "type": "Point", "coordinates": [ 131.117389, -7.962417 ] } },
{ "type": "Feature", "properties": { "No.": 451, "Nama Kegia": "Pulau Yamdena 8", "Balai": "BWS MALUKU", "Provinsi": "Maluku", "Kabupaten": "Kepulauan Tanimbar", "Kecamatan": "Tanimbar Selatan", "Desa / Kel": "Latdalam", "Latitude": -7.969139, "Longitude": 131.127417, "Jenis Infr": "Sumur", "Debit\n(L/d": 3.0, "Kedalaman": 40.0, "Jaringan P": 1.2, "Jumlah Box": 6, "Sprinkler": false, "Luas Layan": 12.0, "Luas Tanam": null, "Luas Tan_1": null, "Peningkata": null, "Unit": false, "Daya (kVA)": null, "Unit_1": true, "Daya (kV_1": "8.8", "Unit_2": false, "Daya (kV_2": null, "Jenis Peke": "Pembangunan", "Kegiatan": "Tahap III", "field_29": null, "field_30": null, "field_31": null, "field_32": null, "field_33": null, "field_34": null, "field_35": null, "field_36": null, "field_37": null, "field_38": null }, "geometry": { "type": "Point", "coordinates": [ 131.127417, -7.969139 ] } },
{ "type": "Feature", "properties": { "No.": 452, "Nama Kegia": "Pulau Yamdena 9", "Balai": "BWS MALUKU", "Provinsi": "Maluku", "Kabupaten": "Kepulauan Tanimbar", "Kecamatan": "Tanimbar Selatan", "Desa / Kel": "Latdalam", "Latitude": -7.960528, "Longitude": 131.119611, "Jenis Infr": "Sumur", "Debit\n(L/d": 3.0, "Kedalaman": 36.0, "Jaringan P": 1.2, "Jumlah Box": 6, "Sprinkler": false, "Luas Layan": 12.0, "Luas Tanam": null, "Luas Tan_1": null, "Peningkata": null, "Unit": false, "Daya (kVA)": null, "Unit_1": true, "Daya (kV_1": "8.8", "Unit_2": false, "Daya (kV_2": null, "Jenis Peke": "Pembangunan", "Kegiatan": "Tahap III", "field_29": null, "field_30": null, "field_31": null, "field_32": null, "field_33": null, "field_34": null, "field_35": null, "field_36": null, "field_37": null, "field_38": null }, "geometry": { "type": "Point", "coordinates": [ 131.119611, -7.960528 ] } },
{ "type": "Feature", "properties": { "No.": 453, "Nama Kegia": "Pulau Yamdena 10", "Balai": "BWS MALUKU", "Provinsi": "Maluku", "Kabupaten": "Kepulauan Tanimbar", "Kecamatan": "Tanimbar Selatan", "Desa / Kel": "Latdalam", "Latitude": -7.986833, "Longitude": 131.159083, "Jenis Infr": "Sumur", "Debit\n(L/d": 3.0, "Kedalaman": 45.0, "Jaringan P": 1.2, "Jumlah Box": 6, "Sprinkler": false, "Luas Layan": 12.0, "Luas Tanam": null, "Luas Tan_1": null, "Peningkata": null, "Unit": false, "Daya (kVA)": null, "Unit_1": true, "Daya (kV_1": "8.8", "Unit_2": false, "Daya (kV_2": null, "Jenis Peke": "Pembangunan", "Kegiatan": "Tahap III", "field_29": null, "field_30": null, "field_31": null, "field_32": null, "field_33": null, "field_34": null, "field_35": null, "field_36": null, "field_37": null, "field_38": null }, "geometry": { "type": "Point", "coordinates": [ 131.159083, -7.986833 ] } },
{ "type": "Feature", "properties": { "No.": 454, "Nama Kegia": "Pulau Yamdena 11", "Balai": "BWS MALUKU", "Provinsi": "Maluku", "Kabupaten": "Kepulauan Tanimbar", "Kecamatan": "Tanimbar Selatan", "Desa / Kel": "Sifnana", "Latitude": -7.96325, "Longitude": 131.32325, "Jenis Infr": "Sumur", "Debit\n(L/d": 3.0, "Kedalaman": 32.0, "Jaringan P": 1.2, "Jumlah Box": 6, "Sprinkler": false, "Luas Layan": 12.0, "Luas Tanam": null, "Luas Tan_1": null, "Peningkata": null, "Unit": false, "Daya (kVA)": null, "Unit_1": true, "Daya (kV_1": "8.8", "Unit_2": false, "Daya (kV_2": null, "Jenis Peke": "Pembangunan", "Kegiatan": "Tahap III", "field_29": null, "field_30": null, "field_31": null, "field_32": null, "field_33": null, "field_34": null, "field_35": null, "field_36": null, "field_37": null, "field_38": null }, "geometry": { "type": "Point", "coordinates": [ 131.32325, -7.96325 ] } },
{ "type": "Feature", "properties": { "No.": 455, "Nama Kegia": "Pulau Yamdena 12", "Balai": "BWS MALUKU", "Provinsi": "Maluku", "Kabupaten": "Kepulauan Tanimbar", "Kecamatan": "Kormomolin", "Desa / Kel": "Meyano Das", "Latitude": -7.636417, "Longitude": 131.61695, "Jenis Infr": "Sumur", "Debit\n(L/d": 3.0, "Kedalaman": 54.0, "Jaringan P": 1.2, "Jumlah Box": 6, "Sprinkler": false, "Luas Layan": 12.0, "Luas Tanam": null, "Luas Tan_1": null, "Peningkata": null, "Unit": false, "Daya (kVA)": null, "Unit_1": true, "Daya (kV_1": "8.8", "Unit_2": false, "Daya (kV_2": null, "Jenis Peke": "Pembangunan", "Kegiatan": "Tahap III", "field_29": null, "field_30": null, "field_31": null, "field_32": null, "field_33": null, "field_34": null, "field_35": null, "field_36": null, "field_37": null, "field_38": null }, "geometry": { "type": "Point", "coordinates": [ 131.61695, -7.636417 ] } },
{ "type": "Feature", "properties": { "No.": 456, "Nama Kegia": "Pulau Yamdena 13", "Balai": "BWS MALUKU", "Provinsi": "Maluku", "Kabupaten": "Kepulauan Tanimbar", "Kecamatan": "Kormomolin", "Desa / Kel": "Meyano Das", "Latitude": -7.640417, "Longitude": 131.6166, "Jenis Infr": "Sumur", "Debit\n(L/d": 3.0, "Kedalaman": 48.0, "Jaringan P": 1.2, "Jumlah Box": 6, "Sprinkler": false, "Luas Layan": 12.0, "Luas Tanam": null, "Luas Tan_1": null, "Peningkata": null, "Unit": false, "Daya (kVA)": null, "Unit_1": true, "Daya (kV_1": "8.8", "Unit_2": false, "Daya (kV_2": null, "Jenis Peke": "Pembangunan", "Kegiatan": "Tahap III", "field_29": null, "field_30": null, "field_31": null, "field_32": null, "field_33": null, "field_34": null, "field_35": null, "field_36": null, "field_37": null, "field_38": null }, "geometry": { "type": "Point", "coordinates": [ 131.6166, -7.640417 ] } },
{ "type": "Feature", "properties": { "No.": 457, "Nama Kegia": "SMN-MT01-MAL", "Balai": "BWS MALUKU", "Provinsi": "Maluku", "Kabupaten": "Maluku Tengah", "Kecamatan": "Amahai", "Desa / Kel": "Simalouw", "Latitude": -3.254861, "Longitude": 129.024119, "Jenis Infr": "Sumur", "Debit\n(L/d": 2.0, "Kedalaman": 42.0, "Jaringan P": 1.2, "Jumlah Box": 3, "Sprinkler": false, "Luas Layan": 12.0, "Luas Tanam": 5.0, "Luas Tan_1": 12.0, "Peningkata": 7.0, "Unit": false, "Daya (kVA)": null, "Unit_1": true, "Daya (kV_1": "6.6", "Unit_2": false, "Daya (kV_2": null, "Jenis Peke": "Pembangunan", "Kegiatan": "Tahap III", "field_29": null, "field_30": null, "field_31": null, "field_32": null, "field_33": null, "field_34": null, "field_35": null, "field_36": null, "field_37": null, "field_38": null }, "geometry": { "type": "Point", "coordinates": [ 129.024119, -3.254861 ] } },
{ "type": "Feature", "properties": { "No.": 458, "Nama Kegia": "SMN-MT02-MAL", "Balai": "BWS MALUKU", "Provinsi": "Maluku", "Kabupaten": "Maluku Tengah", "Kecamatan": "Amahai", "Desa / Kel": "Simalouw", "Latitude": -3.259769, "Longitude": 129.059189, "Jenis Infr": "Sumur", "Debit\n(L/d": 2.0, "Kedalaman": 48.0, "Jaringan P": 1.2, "Jumlah Box": 3, "Sprinkler": false, "Luas Layan": 12.0, "Luas Tanam": 4.0, "Luas Tan_1": 12.0, "Peningkata": 8.0, "Unit": false, "Daya (kVA)": null, "Unit_1": true, "Daya (kV_1": "6.6", "Unit_2": false, "Daya (kV_2": null, "Jenis Peke": "Pembangunan", "Kegiatan": "Tahap III", "field_29": null, "field_30": null, "field_31": null, "field_32": null, "field_33": null, "field_34": null, "field_35": null, "field_36": null, "field_37": null, "field_38": null }, "geometry": { "type": "Point", "coordinates": [ 129.059189, -3.259769 ] } },
{ "type": "Feature", "properties": { "No.": 459, "Nama Kegia": "SMN-MT03-MAL", "Balai": "BWS MALUKU", "Provinsi": "Maluku", "Kabupaten": "Maluku Tengah", "Kecamatan": "Amahai", "Desa / Kel": "Holo", "Latitude": -3.244311, "Longitude": 129.082469, "Jenis Infr": "Sumur", "Debit\n(L/d": 2.0, "Kedalaman": 40.0, "Jaringan P": 1.2, "Jumlah Box": 3, "Sprinkler": false, "Luas Layan": 12.0, "Luas Tanam": 5.0, "Luas Tan_1": 12.0, "Peningkata": 7.0, "Unit": false, "Daya (kVA)": null, "Unit_1": true, "Daya (kV_1": "6.6", "Unit_2": false, "Daya (kV_2": null, "Jenis Peke": "Pembangunan", "Kegiatan": "Tahap III", "field_29": null, "field_30": null, "field_31": null, "field_32": null, "field_33": null, "field_34": null, "field_35": null, "field_36": null, "field_37": null, "field_38": null }, "geometry": { "type": "Point", "coordinates": [ 129.082469, -3.244311 ] } },
{ "type": "Feature", "properties": { "No.": 460, "Nama Kegia": "JIAT 1 (Desa Sidodadi)", "Balai": "BWS MALUKU UTARA", "Provinsi": "Maluku Utara", "Kabupaten": "Halmahera Barat", "Kecamatan": "Sahu Timur", "Desa / Kel": "Sidodadi", "Latitude": 1.221694, "Longitude": 127.536353, "Jenis Infr": "Sumur", "Debit\n(L/d": 7.0, "Kedalaman": 67.0, "Jaringan P": 1.2, "Jumlah Box": 5, "Sprinkler": false, "Luas Layan": 15.0, "Luas Tanam": 5.0, "Luas Tan_1": 15.0, "Peningkata": 10.0, "Unit": true, "Daya (kVA)": 10.6, "Unit_1": false, "Daya (kV_1": null, "Unit_2": false, "Daya (kV_2": null, "Jenis Peke": "Pembangunan", "Kegiatan": "Tahap I", "field_29": null, "field_30": null, "field_31": null, "field_32": null, "field_33": null, "field_34": null, "field_35": null, "field_36": null, "field_37": null, "field_38": null }, "geometry": { "type": "Point", "coordinates": [ 127.536353, 1.221694 ] } },
{ "type": "Feature", "properties": { "No.": 461, "Nama Kegia": "JIAT 2 (Desa Sidodadi)", "Balai": "BWS MALUKU UTARA", "Provinsi": "Maluku Utara", "Kabupaten": "Halmahera Barat", "Kecamatan": "Sahu Timur", "Desa / Kel": "Sidodadi", "Latitude": 1.225394, "Longitude": 127.536331, "Jenis Infr": "Sumur", "Debit\n(L/d": 6.0, "Kedalaman": 67.0, "Jaringan P": 1.2, "Jumlah Box": 5, "Sprinkler": false, "Luas Layan": 11.0, "Luas Tanam": 5.0, "Luas Tan_1": 11.0, "Peningkata": 6.0, "Unit": true, "Daya (kVA)": 10.6, "Unit_1": false, "Daya (kV_1": null, "Unit_2": false, "Daya (kV_2": null, "Jenis Peke": "Pembangunan", "Kegiatan": "Tahap I", "field_29": null, "field_30": null, "field_31": null, "field_32": null, "field_33": null, "field_34": null, "field_35": null, "field_36": null, "field_37": null, "field_38": null }, "geometry": { "type": "Point", "coordinates": [ 127.536331, 1.225394 ] } },
{ "type": "Feature", "properties": { "No.": 462, "Nama Kegia": "JIAT 1 (Desa Golago Kusuma)", "Balai": "BWS MALUKU UTARA", "Provinsi": "Maluku Utara", "Kabupaten": "Halmahera Barat", "Kecamatan": "Sahu Timur", "Desa / Kel": "Golago Kusuma", "Latitude": 1.238639, "Longitude": 127.553122, "Jenis Infr": "Sumur", "Debit\n(L/d": 22.0, "Kedalaman": 67.0, "Jaringan P": 1.2, "Jumlah Box": 5, "Sprinkler": false, "Luas Layan": 15.0, "Luas Tanam": 5.0, "Luas Tan_1": 15.0, "Peningkata": 10.0, "Unit": true, "Daya (kVA)": 10.6, "Unit_1": false, "Daya (kV_1": null, "Unit_2": false, "Daya (kV_2": null, "Jenis Peke": "Pembangunan", "Kegiatan": "Tahap I", "field_29": null, "field_30": null, "field_31": null, "field_32": null, "field_33": null, "field_34": null, "field_35": null, "field_36": null, "field_37": null, "field_38": null }, "geometry": { "type": "Point", "coordinates": [ 127.553122, 1.238639 ] } },
{ "type": "Feature", "properties": { "No.": 463, "Nama Kegia": "JIAT 2 (Desa Golago Kusuma)", "Balai": "BWS MALUKU UTARA", "Provinsi": "Maluku Utara", "Kabupaten": "Halmahera Barat", "Kecamatan": "Sahu Timur", "Desa / Kel": "Golago Kusuma", "Latitude": 1.239797, "Longitude": 127.554714, "Jenis Infr": "Sumur", "Debit\n(L/d": 22.0, "Kedalaman": 67.0, "Jaringan P": 1.2, "Jumlah Box": 5, "Sprinkler": false, "Luas Layan": 10.0, "Luas Tanam": 5.0, "Luas Tan_1": 10.0, "Peningkata": 5.0, "Unit": true, "Daya (kVA)": 10.6, "Unit_1": false, "Daya (kV_1": null, "Unit_2": false, "Daya (kV_2": null, "Jenis Peke": "Pembangunan", "Kegiatan": "Tahap I", "field_29": null, "field_30": null, "field_31": null, "field_32": null, "field_33": null, "field_34": null, "field_35": null, "field_36": null, "field_37": null, "field_38": null }, "geometry": { "type": "Point", "coordinates": [ 127.554714, 1.239797 ] } },
{ "type": "Feature", "properties": { "No.": 464, "Nama Kegia": "JIAT 1 (Desa Ino Jaya)", "Balai": "BWS MALUKU UTARA", "Provinsi": "Maluku Utara", "Kabupaten": "Halmahera Timur", "Kecamatan": "Wasile Selatan", "Desa / Kel": "Ino Jaya", "Latitude": 0.766758, "Longitude": 127.825986, "Jenis Infr": "Sumur", "Debit\n(L/d": 11.2, "Kedalaman": 65.0, "Jaringan P": 1.2, "Jumlah Box": 5, "Sprinkler": false, "Luas Layan": 12.0, "Luas Tanam": 5.0, "Luas Tan_1": 12.0, "Peningkata": 7.0, "Unit": true, "Daya (kVA)": 10.6, "Unit_1": true, "Daya (kV_1": "14.3", "Unit_2": false, "Daya (kV_2": null, "Jenis Peke": "Pembangunan", "Kegiatan": "Tahap I", "field_29": null, "field_30": null, "field_31": null, "field_32": null, "field_33": null, "field_34": null, "field_35": null, "field_36": null, "field_37": null, "field_38": null }, "geometry": { "type": "Point", "coordinates": [ 127.825986, 0.766758 ] } },
{ "type": "Feature", "properties": { "No.": 465, "Nama Kegia": "JIAT 1 (Desa Waringin Lamo)", "Balai": "BWS MALUKU UTARA", "Provinsi": "Maluku Utara", "Kabupaten": "Halmahera Utara", "Kecamatan": "Kao", "Desa / Kel": "Waringin Lamo", "Latitude": 1.270072, "Longitude": 127.893339, "Jenis Infr": "Sumur", "Debit\n(L/d": 5.2, "Kedalaman": 66.0, "Jaringan P": 1.2, "Jumlah Box": 5, "Sprinkler": false, "Luas Layan": 5.0, "Luas Tanam": 5.0, "Luas Tan_1": 5.0, "Peningkata": 0.0, "Unit": true, "Daya (kVA)": 10.6, "Unit_1": false, "Daya (kV_1": null, "Unit_2": false, "Daya (kV_2": null, "Jenis Peke": "Pembangunan", "Kegiatan": "Tahap I", "field_29": null, "field_30": null, "field_31": null, "field_32": null, "field_33": null, "field_34": null, "field_35": null, "field_36": null, "field_37": null, "field_38": null }, "geometry": { "type": "Point", "coordinates": [ 127.893339, 1.270072 ] } },
{ "type": "Feature", "properties": { "No.": 466, "Nama Kegia": "JIAT 2 (Desa Waringin Lamo)", "Balai": "BWS MALUKU UTARA", "Provinsi": "Maluku Utara", "Kabupaten": "Halmahera Utara", "Kecamatan": "Kao", "Desa / Kel": "Waringin Lamo", "Latitude": 1.264769, "Longitude": 127.892964, "Jenis Infr": "Sumur", "Debit\n(L/d": 8.3, "Kedalaman": 66.0, "Jaringan P": 1.2, "Jumlah Box": 5, "Sprinkler": false, "Luas Layan": 5.0, "Luas Tanam": 5.0, "Luas Tan_1": 5.0, "Peningkata": 0.0, "Unit": true, "Daya (kVA)": 10.6, "Unit_1": false, "Daya (kV_1": null, "Unit_2": false, "Daya (kV_2": null, "Jenis Peke": "Pembangunan", "Kegiatan": "Tahap I", "field_29": null, "field_30": null, "field_31": null, "field_32": null, "field_33": null, "field_34": null, "field_35": null, "field_36": null, "field_37": null, "field_38": null }, "geometry": { "type": "Point", "coordinates": [ 127.892964, 1.264769 ] } },
{ "type": "Feature", "properties": { "No.": 467, "Nama Kegia": "JIAT 3 (Desa Waringin Lamo)", "Balai": "BWS MALUKU UTARA", "Provinsi": "Maluku Utara", "Kabupaten": "Halmahera Utara", "Kecamatan": "Kao", "Desa / Kel": "Waringin Lamo", "Latitude": 1.262467, "Longitude": 127.889578, "Jenis Infr": "Sumur", "Debit\n(L/d": 7.4, "Kedalaman": 66.0, "Jaringan P": 1.2, "Jumlah Box": 5, "Sprinkler": false, "Luas Layan": 6.0, "Luas Tanam": 5.0, "Luas Tan_1": 6.0, "Peningkata": 1.0, "Unit": true, "Daya (kVA)": 10.6, "Unit_1": false, "Daya (kV_1": null, "Unit_2": false, "Daya (kV_2": null, "Jenis Peke": "Pembangunan", "Kegiatan": "Tahap I", "field_29": null, "field_30": null, "field_31": null, "field_32": null, "field_33": null, "field_34": null, "field_35": null, "field_36": null, "field_37": null, "field_38": null }, "geometry": { "type": "Point", "coordinates": [ 127.889578, 1.262467 ] } },
{ "type": "Feature", "properties": { "No.": 468, "Nama Kegia": "JIAT 1 (Desa Gamsungi)", "Balai": "BWS MALUKU UTARA", "Provinsi": "Maluku Utara", "Kabupaten": "Halmahera Utara", "Kecamatan": "Tobelo", "Desa / Kel": "Gamsungi", "Latitude": 1.725814, "Longitude": 127.999197, "Jenis Infr": "Sumur", "Debit\n(L/d": 5.0, "Kedalaman": 60.0, "Jaringan P": 0.75, "Jumlah Box": 5, "Sprinkler": false, "Luas Layan": 8.0, "Luas Tanam": 5.0, "Luas Tan_1": 8.0, "Peningkata": 3.0, "Unit": true, "Daya (kVA)": 10.6, "Unit_1": false, "Daya (kV_1": null, "Unit_2": false, "Daya (kV_2": null, "Jenis Peke": "Rehabilitasi", "Kegiatan": "Tahap I", "field_29": null, "field_30": null, "field_31": null, "field_32": null, "field_33": null, "field_34": null, "field_35": null, "field_36": null, "field_37": null, "field_38": null }, "geometry": { "type": "Point", "coordinates": [ 127.999197, 1.725814 ] } },
{ "type": "Feature", "properties": { "No.": 469, "Nama Kegia": "JIAT 1 (Desa Kusuri)", "Balai": "BWS MALUKU UTARA", "Provinsi": "Maluku Utara", "Kabupaten": "Halmahera Utara", "Kecamatan": "Tobelo Barat", "Desa / Kel": "Kusuri", "Latitude": 1.5486, "Longitude": 127.878697, "Jenis Infr": "Sumur", "Debit\n(L/d": 5.8, "Kedalaman": 66.0, "Jaringan P": 1.2, "Jumlah Box": 5, "Sprinkler": false, "Luas Layan": 11.0, "Luas Tanam": 5.0, "Luas Tan_1": 11.0, "Peningkata": 6.0, "Unit": true, "Daya (kVA)": 10.6, "Unit_1": false, "Daya (kV_1": null, "Unit_2": false, "Daya (kV_2": null, "Jenis Peke": "Pembangunan", "Kegiatan": "Tahap I", "field_29": null, "field_30": null, "field_31": null, "field_32": null, "field_33": null, "field_34": null, "field_35": null, "field_36": null, "field_37": null, "field_38": null }, "geometry": { "type": "Point", "coordinates": [ 127.878697, 1.5486 ] } },
{ "type": "Feature", "properties": { "No.": 470, "Nama Kegia": "JIAT 2 (Desa Kusuri)", "Balai": "BWS MALUKU UTARA", "Provinsi": "Maluku Utara", "Kabupaten": "Halmahera Utara", "Kecamatan": "Tobelo Barat", "Desa / Kel": "Kusuri", "Latitude": 1.550097, "Longitude": 127.878586, "Jenis Infr": "Sumur", "Debit\n(L/d": 5.8, "Kedalaman": 60.0, "Jaringan P": 1.2, "Jumlah Box": 5, "Sprinkler": false, "Luas Layan": 14.0, "Luas Tanam": 5.0, "Luas Tan_1": 14.0, "Peningkata": 9.0, "Unit": true, "Daya (kVA)": 10.6, "Unit_1": false, "Daya (kV_1": null, "Unit_2": false, "Daya (kV_2": null, "Jenis Peke": "Pembangunan", "Kegiatan": "Tahap I", "field_29": null, "field_30": null, "field_31": null, "field_32": null, "field_33": null, "field_34": null, "field_35": null, "field_36": null, "field_37": null, "field_38": null }, "geometry": { "type": "Point", "coordinates": [ 127.878586, 1.550097 ] } },
{ "type": "Feature", "properties": { "No.": 471, "Nama Kegia": "JIAT 1 (Desa Kalipitu)", "Balai": "BWS MALUKU UTARA", "Provinsi": "Maluku Utara", "Kabupaten": "Halmahera Utara", "Kecamatan": "Tobelo Tengah", "Desa / Kel": "Kalipitu", "Latitude": 1.696067, "Longitude": 127.984167, "Jenis Infr": "Sumur", "Debit\n(L/d": 5.0, "Kedalaman": 60.0, "Jaringan P": 0.75, "Jumlah Box": 5, "Sprinkler": false, "Luas Layan": 7.0, "Luas Tanam": 5.0, "Luas Tan_1": 7.0, "Peningkata": 2.0, "Unit": true, "Daya (kVA)": 10.6, "Unit_1": false, "Daya (kV_1": null, "Unit_2": false, "Daya (kV_2": null, "Jenis Peke": "Rehabilitasi", "Kegiatan": "Tahap I", "field_29": null, "field_30": null, "field_31": null, "field_32": null, "field_33": null, "field_34": null, "field_35": null, "field_36": null, "field_37": null, "field_38": null }, "geometry": { "type": "Point", "coordinates": [ 127.984167, 1.696067 ] } },
{ "type": "Feature", "properties": { "No.": 472, "Nama Kegia": "JIAT 1 (Desa Sangaji Jaya)", "Balai": "BWS MALUKU UTARA", "Provinsi": "Maluku Utara", "Kabupaten": "Halmahera Utara", "Kecamatan": "Kao Barat", "Desa / Kel": "Sangaji Jaya", "Latitude": 1.367694, "Longitude": 127.837219, "Jenis Infr": "Sumur", "Debit\n(L/d": 8.0, "Kedalaman": 67.0, "Jaringan P": 1.48, "Jumlah Box": 5, "Sprinkler": false, "Luas Layan": 12.0, "Luas Tanam": 5.0, "Luas Tan_1": 12.0, "Peningkata": 7.0, "Unit": true, "Daya (kVA)": 10.6, "Unit_1": true, "Daya (kV_1": "14.3", "Unit_2": false, "Daya (kV_2": null, "Jenis Peke": "Pembangunan", "Kegiatan": "Tahap II", "field_29": null, "field_30": null, "field_31": null, "field_32": null, "field_33": null, "field_34": null, "field_35": null, "field_36": null, "field_37": null, "field_38": null }, "geometry": { "type": "Point", "coordinates": [ 127.837219, 1.367694 ] } },
{ "type": "Feature", "properties": { "No.": 473, "Nama Kegia": "JIAT 2 (Desa Sangaji Jaya)", "Balai": "BWS MALUKU UTARA", "Provinsi": "Maluku Utara", "Kabupaten": "Halmahera Utara", "Kecamatan": "Kao Barat", "Desa / Kel": "Sangaji Jaya", "Latitude": 1.365197, "Longitude": 127.838336, "Jenis Infr": "Sumur", "Debit\n(L/d": 7.0, "Kedalaman": 65.0, "Jaringan P": 1.48, "Jumlah Box": 5, "Sprinkler": false, "Luas Layan": 12.0, "Luas Tanam": 5.0, "Luas Tan_1": 12.0, "Peningkata": 7.0, "Unit": true, "Daya (kVA)": 10.6, "Unit_1": true, "Daya (kV_1": "14.3", "Unit_2": false, "Daya (kV_2": null, "Jenis Peke": "Pembangunan", "Kegiatan": "Tahap II", "field_29": null, "field_30": null, "field_31": null, "field_32": null, "field_33": null, "field_34": null, "field_35": null, "field_36": null, "field_37": null, "field_38": null }, "geometry": { "type": "Point", "coordinates": [ 127.838336, 1.365197 ] } },
{ "type": "Feature", "properties": { "No.": 474, "Nama Kegia": "JIAT 3 (Desa Sangaji Jaya)", "Balai": "BWS MALUKU UTARA", "Provinsi": "Maluku Utara", "Kabupaten": "Halmahera Utara", "Kecamatan": "Kao Barat", "Desa / Kel": "Sangaji Jaya", "Latitude": 1.371358, "Longitude": 127.842033, "Jenis Infr": "Sumur", "Debit\n(L/d": 7.0, "Kedalaman": 63.0, "Jaringan P": 1.48, "Jumlah Box": 5, "Sprinkler": false, "Luas Layan": 12.0, "Luas Tanam": 5.0, "Luas Tan_1": 12.0, "Peningkata": 7.0, "Unit": true, "Daya (kVA)": 10.6, "Unit_1": true, "Daya (kV_1": "14.3", "Unit_2": false, "Daya (kV_2": null, "Jenis Peke": "Pembangunan", "Kegiatan": "Tahap II", "field_29": null, "field_30": null, "field_31": null, "field_32": null, "field_33": null, "field_34": null, "field_35": null, "field_36": null, "field_37": null, "field_38": null }, "geometry": { "type": "Point", "coordinates": [ 127.842033, 1.371358 ] } },
{ "type": "Feature", "properties": { "No.": 475, "Nama Kegia": "JIAT 4 (Desa Sangaji Jaya)", "Balai": "BWS MALUKU UTARA", "Provinsi": "Maluku Utara", "Kabupaten": "Halmahera Utara", "Kecamatan": "Kao Barat", "Desa / Kel": "Sangaji Jaya", "Latitude": 1.366926, "Longitude": 127.84377, "Jenis Infr": "Sumur", "Debit\n(L/d": 7.0, "Kedalaman": 62.0, "Jaringan P": 1.48, "Jumlah Box": 5, "Sprinkler": false, "Luas Layan": 12.0, "Luas Tanam": 5.0, "Luas Tan_1": 12.0, "Peningkata": 7.0, "Unit": true, "Daya (kVA)": 10.6, "Unit_1": true, "Daya (kV_1": "14.3", "Unit_2": false, "Daya (kV_2": null, "Jenis Peke": "Pembangunan", "Kegiatan": "Tahap II", "field_29": null, "field_30": null, "field_31": null, "field_32": null, "field_33": null, "field_34": null, "field_35": null, "field_36": null, "field_37": null, "field_38": null }, "geometry": { "type": "Point", "coordinates": [ 127.84377, 1.366926 ] } },
{ "type": "Feature", "properties": { "No.": 476, "Nama Kegia": "JIAT 5 (Desa Sangaji Jaya)", "Balai": "BWS MALUKU UTARA", "Provinsi": "Maluku Utara", "Kabupaten": "Halmahera Utara", "Kecamatan": "Kao Barat", "Desa / Kel": "Sangaji Jaya", "Latitude": 1.374951, "Longitude": 127.839897, "Jenis Infr": "Sumur", "Debit\n(L/d": 7.0, "Kedalaman": 63.0, "Jaringan P": 1.48, "Jumlah Box": 5, "Sprinkler": false, "Luas Layan": 12.0, "Luas Tanam": 5.0, "Luas Tan_1": 12.0, "Peningkata": 7.0, "Unit": true, "Daya (kVA)": 10.6, "Unit_1": true, "Daya (kV_1": "14.3", "Unit_2": false, "Daya (kV_2": null, "Jenis Peke": "Pembangunan", "Kegiatan": "Tahap II", "field_29": null, "field_30": null, "field_31": null, "field_32": null, "field_33": null, "field_34": null, "field_35": null, "field_36": null, "field_37": null, "field_38": null }, "geometry": { "type": "Point", "coordinates": [ 127.839897, 1.374951 ] } },
{ "type": "Feature", "properties": { "No.": 477, "Nama Kegia": "JIAT 1 (Desa Birinoa Dalam)", "Balai": "BWS MALUKU UTARA", "Provinsi": "Maluku Utara", "Kabupaten": "Halmahera Utara", "Kecamatan": "Kao Barat", "Desa / Kel": "Birinoa Dalam", "Latitude": 1.517644, "Longitude": 127.922092, "Jenis Infr": "Sumur", "Debit\n(L/d": 9.0, "Kedalaman": 62.0, "Jaringan P": 1.48, "Jumlah Box": 5, "Sprinkler": false, "Luas Layan": 12.0, "Luas Tanam": 5.0, "Luas Tan_1": 12.0, "Peningkata": 7.0, "Unit": true, "Daya (kVA)": 10.6, "Unit_1": true, "Daya (kV_1": "14.3", "Unit_2": false, "Daya (kV_2": null, "Jenis Peke": "Pembangunan", "Kegiatan": "Tahap II", "field_29": null, "field_30": null, "field_31": null, "field_32": null, "field_33": null, "field_34": null, "field_35": null, "field_36": null, "field_37": null, "field_38": null }, "geometry": { "type": "Point", "coordinates": [ 127.922092, 1.517644 ] } },
{ "type": "Feature", "properties": { "No.": 478, "Nama Kegia": "JIAT 1 (Desa Gorua)", "Balai": "BWS MALUKU UTARA", "Provinsi": "Maluku Utara", "Kabupaten": "Halmahera Utara", "Kecamatan": "Kao Barat", "Desa / Kel": "Gorua", "Latitude": 1.760767, "Longitude": 127.980577, "Jenis Infr": "Sumur", "Debit\n(L/d": 7.8, "Kedalaman": 68.0, "Jaringan P": 1.48, "Jumlah Box": 5, "Sprinkler": false, "Luas Layan": 12.0, "Luas Tanam": 5.0, "Luas Tan_1": 12.0, "Peningkata": 7.0, "Unit": true, "Daya (kVA)": 10.6, "Unit_1": true, "Daya (kV_1": "14.3", "Unit_2": false, "Daya (kV_2": null, "Jenis Peke": "Pembangunan", "Kegiatan": "Tahap II", "field_29": null, "field_30": null, "field_31": null, "field_32": null, "field_33": null, "field_34": null, "field_35": null, "field_36": null, "field_37": null, "field_38": null }, "geometry": { "type": "Point", "coordinates": [ 127.980577, 1.760767 ] } },
{ "type": "Feature", "properties": { "No.": 479, "Nama Kegia": "JIAT 1 (Desa Sumber Agung)", "Balai": "BWS MALUKU UTARA", "Provinsi": "Maluku Utara", "Kabupaten": "Halmahera Utara", "Kecamatan": "Kao Barat", "Desa / Kel": "Sumber Agung", "Latitude": 1.273325, "Longitude": 127.915889, "Jenis Infr": "Sumur", "Debit\n(L/d": 5.0, "Kedalaman": 61.0, "Jaringan P": 1.48, "Jumlah Box": 5, "Sprinkler": false, "Luas Layan": 12.0, "Luas Tanam": 5.0, "Luas Tan_1": 12.0, "Peningkata": 7.0, "Unit": true, "Daya (kVA)": 10.6, "Unit_1": true, "Daya (kV_1": "14.3", "Unit_2": false, "Daya (kV_2": null, "Jenis Peke": "Pembangunan", "Kegiatan": "Tahap II", "field_29": null, "field_30": null, "field_31": null, "field_32": null, "field_33": null, "field_34": null, "field_35": null, "field_36": null, "field_37": null, "field_38": null }, "geometry": { "type": "Point", "coordinates": [ 127.915889, 1.273325 ] } },
{ "type": "Feature", "properties": { "No.": 480, "Nama Kegia": "JIAT 4 (Desa Waringin Lamo)", "Balai": "BWS MALUKU UTARA", "Provinsi": "Maluku Utara", "Kabupaten": "Halmahera Utara", "Kecamatan": "Kao Barat", "Desa / Kel": "Waringin Lamo", "Latitude": 1.269061, "Longitude": 127.9003, "Jenis Infr": "Sumur", "Debit\n(L/d": 7.0, "Kedalaman": 66.0, "Jaringan P": 1.2, "Jumlah Box": 5, "Sprinkler": false, "Luas Layan": 12.0, "Luas Tanam": 5.0, "Luas Tan_1": 12.0, "Peningkata": 7.0, "Unit": true, "Daya (kVA)": 10.6, "Unit_1": false, "Daya (kV_1": null, "Unit_2": false, "Daya (kV_2": null, "Jenis Peke": "Pembangunan", "Kegiatan": "Tahap II", "field_29": null, "field_30": null, "field_31": null, "field_32": null, "field_33": null, "field_34": null, "field_35": null, "field_36": null, "field_37": null, "field_38": null }, "geometry": { "type": "Point", "coordinates": [ 127.9003, 1.269061 ] } },
{ "type": "Feature", "properties": { "No.": 481, "Nama Kegia": "JIAT 5 (Desa Waringin Lamo)", "Balai": "BWS MALUKU UTARA", "Provinsi": "Maluku Utara", "Kabupaten": "Halmahera Utara", "Kecamatan": "Kao Barat", "Desa / Kel": "Waringin Lamo", "Latitude": 1.262054, "Longitude": 127.897188, "Jenis Infr": "Sumur", "Debit\n(L/d": 5.0, "Kedalaman": 63.0, "Jaringan P": 1.48, "Jumlah Box": 5, "Sprinkler": false, "Luas Layan": 12.0, "Luas Tanam": 5.0, "Luas Tan_1": 12.0, "Peningkata": 7.0, "Unit": true, "Daya (kVA)": 10.6, "Unit_1": true, "Daya (kV_1": "14.3", "Unit_2": false, "Daya (kV_2": null, "Jenis Peke": "Pembangunan", "Kegiatan": "Tahap II", "field_29": null, "field_30": null, "field_31": null, "field_32": null, "field_33": null, "field_34": null, "field_35": null, "field_36": null, "field_37": null, "field_38": null }, "geometry": { "type": "Point", "coordinates": [ 127.897188, 1.262054 ] } }
]
}
